id,area,translated_tw,required_tokens,translator_note
HGHU-TW-000001,系統與介面,可用空間不足。需要再 %d KB 才能繼續。請退出遊戲並獲取必要的空間。,"{""brace_token"":[],""escaped_control"":[],""literal_newline"":[],""markup_tag"":[],""printf_token"":[""%d""],""var_tag"":[]}",
HGHU-TW-000002,系統與介面,您確定嗎？,"{""brace_token"":[],""escaped_control"":[],""literal_newline"":[],""markup_tag"":[],""printf_token"":[],""var_tag"":[]}",
HGHU-TW-000003,系統與介面,未選擇儲存裝置。您將無法儲存進度。繼續？,"{""brace_token"":[],""escaped_control"":[],""literal_newline"":[],""markup_tag"":[],""printf_token"":[],""var_tag"":[]}",
HGHU-TW-000004,系統與介面,錯誤,"{""brace_token"":[],""escaped_control"":[],""literal_newline"":[],""markup_tag"":[],""printf_token"":[],""var_tag"":[]}",
HGHU-TW-000005,系統與介面,存檔資料不屬於當前使用者。,"{""brace_token"":[],""escaped_control"":[],""literal_newline"":[],""markup_tag"":[],""printf_token"":[],""var_tag"":[]}",
HGHU-TW-000006,系統與介面,存檔資料似乎已損壞。,"{""brace_token"":[],""escaped_control"":[],""literal_newline"":[],""markup_tag"":[],""printf_token"":[],""var_tag"":[]}",
HGHU-TW-000007,系統與介面,存取存檔資料時發生錯誤。,"{""brace_token"":[],""escaped_control"":[],""literal_newline"":[],""markup_tag"":[],""printf_token"":[],""var_tag"":[]}",
HGHU-TW-000008,系統與介面,重試,"{""brace_token"":[],""escaped_control"":[],""literal_newline"":[],""markup_tag"":[],""printf_token"":[],""var_tag"":[]}",
HGHU-TW-000009,系統與介面,繼續而不儲存,"{""brace_token"":[],""escaped_control"":[],""literal_newline"":[],""markup_tag"":[],""printf_token"":[],""var_tag"":[]}",
HGHU-TW-000010,系統與介面,覆蓋損壞的資料,"{""brace_token"":[],""escaped_control"":[],""literal_newline"":[],""markup_tag"":[],""printf_token"":[],""var_tag"":[]}",
HGHU-TW-000011,系統與介面,控制器已斷開連接,"{""brace_token"":[],""escaped_control"":[],""literal_newline"":[],""markup_tag"":[],""printf_token"":[],""var_tag"":[]}",
HGHU-TW-000012,系統與介面,存檔資料不屬於當前使用者，無法使用。按「是」覆蓋現有存檔資料。按「否」繼續而不儲存。,"{""brace_token"":[],""escaped_control"":[],""literal_newline"":[],""markup_tag"":[],""printf_token"":[],""var_tag"":[]}",
HGHU-TW-000013,系統與介面,請重新連接控制器。,"{""brace_token"":[],""escaped_control"":[],""literal_newline"":[],""markup_tag"":[],""printf_token"":[],""var_tag"":[]}",
HGHU-TW-000014,系統與介面,無法連接到 Xbox LIVE。,"{""brace_token"":[],""escaped_control"":[],""literal_newline"":[],""markup_tag"":[],""printf_token"":[],""var_tag"":[]}",
HGHU-TW-000015,系統與介面,登入,"{""brace_token"":[],""escaped_control"":[],""literal_newline"":[],""markup_tag"":[],""printf_token"":[],""var_tag"":[]}",
HGHU-TW-000016,系統與介面,離開,"{""brace_token"":[],""escaped_control"":[],""literal_newline"":[],""markup_tag"":[],""printf_token"":[],""var_tag"":[]}",
HGHU-TW-000017,系統與介面,登入錯誤,"{""brace_token"":[],""escaped_control"":[],""literal_newline"":[],""markup_tag"":[],""printf_token"":[],""var_tag"":[]}",
HGHU-TW-000018,系統與介面,檢測到個人資料登出。返回標題畫面。,"{""brace_token"":[],""escaped_control"":[],""literal_newline"":[],""markup_tag"":[],""printf_token"":[],""var_tag"":[]}",
HGHU-TW-000019,系統與介面,個人資料錯誤,"{""brace_token"":[],""escaped_control"":[],""literal_newline"":[],""markup_tag"":[],""printf_token"":[],""var_tag"":[]}",
HGHU-TW-000020,系統與介面,選擇的儲存裝置已斷開連接。無法儲存進度，返回標題畫面。,"{""brace_token"":[],""escaped_control"":[],""literal_newline"":[],""markup_tag"":[],""printf_token"":[],""var_tag"":[]}",
HGHU-TW-000021,系統與介面,警告！,"{""brace_token"":[],""escaped_control"":[],""literal_newline"":[],""markup_tag"":[],""printf_token"":[],""var_tag"":[]}",
HGHU-TW-000022,系統與介面,請斷開擴展控制器。,"{""brace_token"":[],""escaped_control"":[],""literal_newline"":[],""markup_tag"":[],""printf_token"":[],""var_tag"":[]}",
HGHU-TW-000023,系統與介面,存檔資料似乎已損壞。按「是」覆蓋損壞的資料。按「否」繼續而不儲存。,"{""brace_token"":[],""escaped_control"":[],""literal_newline"":[],""markup_tag"":[],""printf_token"":[],""var_tag"":[]}",
HGHU-TW-000024,系統與介面,正在檢查存檔資料。請勿關閉電源。,"{""brace_token"":[],""escaped_control"":[],""literal_newline"":[],""markup_tag"":[],""printf_token"":[],""var_tag"":[]}",
HGHU-TW-000025,系統與介面,無法存取存檔資料。請關閉電源並重新插入 SD 卡。,"{""brace_token"":[],""escaped_control"":[],""literal_newline"":[],""markup_tag"":[],""printf_token"":[],""var_tag"":[]}",
HGHU-TW-000026,系統與介面,存檔資料已損壞。您的存檔資料將被刪除並重新創建。,"{""brace_token"":[],""escaped_control"":[],""literal_newline"":[],""markup_tag"":[],""printf_token"":[],""var_tag"":[]}",
HGHU-TW-000027,系統與介面,控制器已斷開連接。,"{""brace_token"":[],""escaped_control"":[],""literal_newline"":[],""markup_tag"":[],""printf_token"":[],""var_tag"":[]}",
HGHU-TW-000028,系統與介面,請重新連接控制器。,"{""brace_token"":[],""escaped_control"":[],""literal_newline"":[],""markup_tag"":[],""printf_token"":[],""var_tag"":[]}",
HGHU-TW-000029,系統與介面,存取存檔資料時發生錯誤。按「返回」重試。按「確定」繼續而不儲存。,"{""brace_token"":[],""escaped_control"":[],""literal_newline"":[],""markup_tag"":[],""printf_token"":[],""var_tag"":[]}",
HGHU-TW-000030,系統與介面,要執行此操作，您必須退出遊戲。您現在要退出遊戲嗎？,"{""brace_token"":[],""escaped_control"":[],""literal_newline"":[],""markup_tag"":[],""printf_token"":[],""var_tag"":[]}",
HGHU-TW-000031,系統與介面,請重新連接無線控制器 %i。,"{""brace_token"":[],""escaped_control"":[],""literal_newline"":[],""markup_tag"":[],""printf_token"":[""%i""],""var_tag"":[]}",
HGHU-TW-000032,系統與介面,請重新連接控制器 %i，或選擇「確定」繼續。,"{""brace_token"":[],""escaped_control"":[],""literal_newline"":[],""markup_tag"":[],""printf_token"":[""%i""],""var_tag"":[]}",
HGHU-TW-000033,系統與介面,由於家長控制限制，您的 Sony Entertainment Network 帳戶上的線上服務已被禁用。,"{""brace_token"":[],""escaped_control"":[],""literal_newline"":[],""markup_tag"":[],""printf_token"":[],""var_tag"":[]}",
HGHU-TW-000034,系統與介面,存檔資料,"{""brace_token"":[],""escaped_control"":[],""literal_newline"":[],""markup_tag"":[],""printf_token"":[],""var_tag"":[]}",
HGHU-TW-000035,系統與介面,確定,"{""brace_token"":[],""escaped_control"":[],""literal_newline"":[],""markup_tag"":[],""printf_token"":[],""var_tag"":[]}",
HGHU-TW-000036,角色與劇情,真正的活動已經移到海岸的更遠處了！,"{""brace_token"":[],""escaped_control"":[],""literal_newline"":[],""markup_tag"":[],""printf_token"":[],""var_tag"":[]}",
HGHU-TW-000037,角色與劇情,那就是我要去的地方！,"{""brace_token"":[],""escaped_control"":[],""literal_newline"":[],""markup_tag"":[],""printf_token"":[],""var_tag"":[]}",
HGHU-TW-000038,角色與劇情,再見，小鬼！,"{""brace_token"":[],""escaped_control"":[],""literal_newline"":[],""markup_tag"":[],""printf_token"":[],""var_tag"":[]}",
HGHU-TW-000039,角色與劇情,呵呵呵！,"{""brace_token"":[],""escaped_control"":[],""literal_newline"":[],""markup_tag"":[],""printf_token"":[],""var_tag"":[]}",
HGHU-TW-000040,角色與劇情,嗚喔喔！,"{""brace_token"":[],""escaped_control"":[],""literal_newline"":[],""markup_tag"":[],""printf_token"":[],""var_tag"":[]}",
HGHU-TW-000041,角色與劇情,那個壞蛋！我要讓她看看！,"{""brace_token"":[],""escaped_control"":[],""literal_newline"":[],""markup_tag"":[],""printf_token"":[],""var_tag"":[]}",
HGHU-TW-000042,角色與劇情,再見了，燈塔！,"{""brace_token"":[],""escaped_control"":[],""literal_newline"":[],""markup_tag"":[],""printf_token"":[],""var_tag"":[]}",
HGHU-TW-000043,角色與劇情,如果有<hgh_f c=0>最好的海灘</hgh_f>存在，我會<hgh_f c=0>第一個</hgh_f>找到它！,"{""brace_token"":[],""escaped_control"":[],""literal_newline"":[],""markup_tag"":[""</hgh_f>"",""</hgh_f>"",""<hgh_f c=0>"",""<hgh_f c=0>""],""printf_token"":[],""var_tag"":[]}",
HGHU-TW-000044,角色與劇情,這個地區看起來很有希望！,"{""brace_token"":[],""escaped_control"":[],""literal_newline"":[],""markup_tag"":[],""printf_token"":[],""var_tag"":[]}",
HGHU-TW-000045,角色與劇情,溫暖的水，熱帶微風，潮池……,"{""brace_token"":[],""escaped_control"":[],""literal_newline"":[],""markup_tag"":[],""printf_token"":[],""var_tag"":[]}",
HGHU-TW-000046,角色與劇情,等等——潮池？,"{""brace_token"":[],""escaped_control"":[],""literal_newline"":[],""markup_tag"":[],""printf_token"":[],""var_tag"":[]}",
HGHU-TW-000047,角色與劇情,尖叫！！,"{""brace_token"":[],""escaped_control"":[],""literal_newline"":[],""markup_tag"":[],""printf_token"":[],""var_tag"":[]}",
HGHU-TW-000048,角色與劇情,這是尋找<hgh_f c=0>貝殼</hgh_f>的完美地點！,"{""brace_token"":[],""escaped_control"":[],""literal_newline"":[],""markup_tag"":[""</hgh_f>"",""<hgh_f c=0>""],""printf_token"":[],""var_tag"":[]}",
HGHU-TW-000049,角色與劇情,閃電螺！,"{""brace_token"":[],""escaped_control"":[],""literal_newline"":[],""markup_tag"":[],""printf_token"":[],""var_tag"":[]}",
HGHU-TW-000050,角色與劇情,獅子爪！,"{""brace_token"":[],""escaped_control"":[],""literal_newline"":[],""markup_tag"":[],""printf_token"":[],""var_tag"":[]}",
HGHU-TW-000051,角色與劇情,陽光普照，樂趣無窮！,"{""brace_token"":[],""escaped_control"":[],""literal_newline"":[],""markup_tag"":[],""printf_token"":[],""var_tag"":[]}",
HGHU-TW-000052,角色與劇情,朱諾尼亞！,"{""brace_token"":[],""escaped_control"":[],""literal_newline"":[],""markup_tag"":[],""printf_token"":[],""var_tag"":[]}",
HGHU-TW-000053,角色與劇情,我全都要！,"{""brace_token"":[],""escaped_control"":[],""literal_newline"":[],""markup_tag"":[],""printf_token"":[],""var_tag"":[]}",
HGHU-TW-000054,角色與劇情,我愛撿貝殼！,"{""brace_token"":[],""escaped_control"":[],""literal_newline"":[],""markup_tag"":[],""printf_token"":[],""var_tag"":[]}",
HGHU-TW-000055,角色與劇情,我要找到最大的最好的<hgh_f c=0>貝殼</hgh_f>，證明這是<hgh_f c=0>最好的海灘</hgh_f>！,"{""brace_token"":[],""escaped_control"":[],""literal_newline"":[],""markup_tag"":[""</hgh_f>"",""</hgh_f>"",""<hgh_f c=0>"",""<hgh_f c=0>""],""printf_token"":[],""var_tag"":[]}",
HGHU-TW-000056,角色與劇情,哦，看！,"{""brace_token"":[],""escaped_control"":[],""literal_newline"":[],""markup_tag"":[],""printf_token"":[],""var_tag"":[]}",
HGHU-TW-000057,角色與劇情,現在是退潮！,"{""brace_token"":[],""escaped_control"":[],""literal_newline"":[],""markup_tag"":[],""printf_token"":[],""var_tag"":[]}",
HGHU-TW-000058,角色與劇情,現在是我找到<hgh_f c=0>最大最棒的貝殼</hgh_f>的機會了！,"{""brace_token"":[],""escaped_control"":[],""literal_newline"":[],""markup_tag"":[""</hgh_f>"",""<hgh_f c=0>""],""printf_token"":[],""var_tag"":[]}",
HGHU-TW-000059,角色與劇情,咦？,"{""brace_token"":[],""escaped_control"":[],""literal_newline"":[],""markup_tag"":[],""printf_token"":[],""var_tag"":[]}",
HGHU-TW-000060,角色與劇情,你是誰？你的褲子呢？,"{""brace_token"":[],""escaped_control"":[],""literal_newline"":[],""markup_tag"":[],""printf_token"":[],""var_tag"":[]}",
HGHU-TW-000061,角色與劇情,哦，對不起……,"{""brace_token"":[],""escaped_control"":[],""literal_newline"":[],""markup_tag"":[],""printf_token"":[],""var_tag"":[]}",
HGHU-TW-000062,角色與劇情,這是私人海灘嗎？,"{""brace_token"":[],""escaped_control"":[],""literal_newline"":[],""markup_tag"":[],""printf_token"":[],""var_tag"":[]}",
HGHU-TW-000063,角色與劇情,呃……當然，為什麼不呢。,"{""brace_token"":[],""escaped_control"":[],""literal_newline"":[],""markup_tag"":[],""printf_token"":[],""var_tag"":[]}",
HGHU-TW-000064,角色與劇情,看，先生，我承認。我只是來找貝殼的。,"{""brace_token"":[],""escaped_control"":[],""literal_newline"":[],""markup_tag"":[],""printf_token"":[],""var_tag"":[]}",
HGHU-TW-000065,角色與劇情,給我幾分鐘時間四處看看，我<hgh_f c=0>保證</hgh_f>我會離開。,"{""brace_token"":[],""escaped_control"":[],""literal_newline"":[],""markup_tag"":[""</hgh_f>"",""<hgh_f c=0>""],""printf_token"":[],""var_tag"":[]}",
HGHU-TW-000066,角色與劇情,怎麼？你說你不是來關閉我的工廠的？,"{""brace_token"":[],""escaped_control"":[],""literal_newline"":[],""markup_tag"":[],""printf_token"":[],""var_tag"":[]}",
HGHU-TW-000067,角色與劇情,你只是想找<hgh_f c=0>貝殼</hgh_f>？,"{""brace_token"":[],""escaped_control"":[],""literal_newline"":[],""markup_tag"":[""</hgh_f>"",""<hgh_f c=0>""],""printf_token"":[],""var_tag"":[]}",
HGHU-TW-000068,角色與劇情,沒錯！,"{""brace_token"":[],""escaped_control"":[],""literal_newline"":[],""markup_tag"":[],""printf_token"":[],""var_tag"":[]}",
HGHU-TW-000069,角色與劇情,我甚至會和你五五分帳！,"{""brace_token"":[],""escaped_control"":[],""literal_newline"":[],""markup_tag"":[],""printf_token"":[],""var_tag"":[]}",
HGHU-TW-000070,角色與劇情,成交？,"{""brace_token"":[],""escaped_control"":[],""literal_newline"":[],""markup_tag"":[],""printf_token"":[],""var_tag"":[]}",
HGHU-TW-000071,角色與劇情,哼！,"{""brace_token"":[],""escaped_control"":[],""literal_newline"":[],""markup_tag"":[],""printf_token"":[],""var_tag"":[]}",
HGHU-TW-000072,角色與劇情,嘿嘿嘿嘿！！,"{""brace_token"":[],""escaped_control"":[],""literal_newline"":[],""markup_tag"":[],""printf_token"":[],""var_tag"":[]}",
HGHU-TW-000073,角色與劇情,你覺得像<hgh_f c=0>我</hgh_f>這樣的人會去篩那些鹹水泥嗎？,"{""brace_token"":[],""escaped_control"":[],""literal_newline"":[],""markup_tag"":[""</hgh_f>"",""<hgh_f c=0>""],""printf_token"":[],""var_tag"":[]}",
HGHU-TW-000074,角色與劇情,只是為了找一些酸酸的老海蟲殼？,"{""brace_token"":[],""escaped_control"":[],""literal_newline"":[],""markup_tag"":[],""printf_token"":[],""var_tag"":[]}",
HGHU-TW-000075,角色與劇情,真噁心！,"{""brace_token"":[],""escaped_control"":[],""literal_newline"":[],""markup_tag"":[],""printf_token"":[],""var_tag"":[]}",
HGHU-TW-000076,角色與劇情,不！,"{""brace_token"":[],""escaped_control"":[],""literal_newline"":[],""markup_tag"":[],""printf_token"":[],""var_tag"":[]}",
HGHU-TW-000077,角色與劇情,因為你看……,"{""brace_token"":[],""escaped_control"":[],""literal_newline"":[],""markup_tag"":[],""printf_token"":[],""var_tag"":[]}",
HGHU-TW-000078,角色與劇情,我已經擁有<hgh_f c=0>終極貝殼收藏</hgh_f>！,"{""brace_token"":[],""escaped_control"":[],""literal_newline"":[],""markup_tag"":[""</hgh_f>"",""<hgh_f c=0>""],""printf_token"":[],""var_tag"":[]}",
HGHU-TW-000079,角色與劇情,我的貝殼是<hgh_f c=0>最大</hgh_f>和<hgh_f c=0>最棒</hgh_f>的！,"{""brace_token"":[],""escaped_control"":[],""literal_newline"":[],""markup_tag"":[""</hgh_f>"",""</hgh_f>"",""<hgh_f c=0>"",""<hgh_f c=0>""],""printf_token"":[],""var_tag"":[]}",
HGHU-TW-000080,角色與劇情,真的嗎？！,"{""brace_token"":[],""escaped_control"":[],""literal_newline"":[],""markup_tag"":[],""printf_token"":[],""var_tag"":[]}",
HGHU-TW-000081,角色與劇情,拜託，你一定要告訴我你的秘密！,"{""brace_token"":[],""escaped_control"":[],""literal_newline"":[],""markup_tag"":[],""printf_token"":[],""var_tag"":[]}",
HGHU-TW-000082,角色與劇情,是什麼？告訴我！告訴我！,"{""brace_token"":[],""escaped_control"":[],""literal_newline"":[],""markup_tag"":[],""printf_token"":[],""var_tag"":[]}",
HGHU-TW-000083,角色與劇情,我要直奔海灘！,"{""brace_token"":[],""escaped_control"":[],""literal_newline"":[],""markup_tag"":[],""printf_token"":[],""var_tag"":[]}",
HGHU-TW-000084,角色與劇情,很簡單！,"{""brace_token"":[],""escaped_control"":[],""literal_newline"":[],""markup_tag"":[],""printf_token"":[],""var_tag"":[]}",
HGHU-TW-000085,角色與劇情,我走到<hgh_f c=0>紀念品店</hgh_f>然後<hgh_f c=0>買</hgh_f>它們！,"{""brace_token"":[],""escaped_control"":[],""literal_newline"":[],""markup_tag"":[""</hgh_f>"",""</hgh_f>"",""<hgh_f c=0>"",""<hgh_f c=0>""],""printf_token"":[],""var_tag"":[]}",
HGHU-TW-000086,角色與劇情,什麼？！,"{""brace_token"":[],""escaped_control"":[],""literal_newline"":[],""markup_tag"":[],""printf_token"":[],""var_tag"":[]}",
HGHU-TW-000087,角色與劇情,你不能<hgh_f c=0>買</hgh_f>你的貝殼收藏！,"{""brace_token"":[],""escaped_control"":[],""literal_newline"":[],""markup_tag"":[""</hgh_f>"",""<hgh_f c=0>""],""printf_token"":[],""var_tag"":[]}",
HGHU-TW-000088,角色與劇情,為什麼不行？,"{""brace_token"":[],""escaped_control"":[],""literal_newline"":[],""markup_tag"":[],""printf_token"":[],""var_tag"":[]}",
HGHU-TW-000089,角色與劇情,每個貝殼都是海洋的禮物，由洋流帶來，專屬於你！,"{""brace_token"":[],""escaped_control"":[],""literal_newline"":[],""markup_tag"":[],""printf_token"":[],""var_tag"":[]}",
HGHU-TW-000090,角色與劇情,在商店買貝殼是<hgh_f c=0>作弊</hgh_f>！,"{""brace_token"":[],""escaped_control"":[],""literal_newline"":[],""markup_tag"":[""</hgh_f>"",""<hgh_f c=0>""],""printf_token"":[],""var_tag"":[]}",
HGHU-TW-000091,角色與劇情,嘿嘿嘿嘿嘿！！,"{""brace_token"":[],""escaped_control"":[],""literal_newline"":[],""markup_tag"":[],""printf_token"":[],""var_tag"":[]}",
HGHU-TW-000092,角色與劇情,哦，你覺得那很糟糕嗎？！,"{""brace_token"":[],""escaped_control"":[],""literal_newline"":[],""markup_tag"":[],""printf_token"":[],""var_tag"":[]}",
HGHU-TW-000093,角色與劇情,相信我，還有更多！,"{""brace_token"":[],""escaped_control"":[],""literal_newline"":[],""markup_tag"":[],""printf_token"":[],""var_tag"":[]}",
HGHU-TW-000094,角色與劇情,但首先...,"{""brace_token"":[],""escaped_control"":[],""literal_newline"":[],""markup_tag"":[],""printf_token"":[],""var_tag"":[]}",
HGHU-TW-000095,角色與劇情,每當我<hgh_f c=0>真的</hgh_f>找到一個貝殼，我無論如何都會保留它！,"{""brace_token"":[],""escaped_control"":[],""literal_newline"":[],""markup_tag"":[""</hgh_f>"",""<hgh_f c=0>""],""printf_token"":[],""var_tag"":[]}",
HGHU-TW-000096,角色與劇情,<hgh_f c=0>即使裡面還有活物！</hgh_f>,"{""brace_token"":[],""escaped_control"":[],""literal_newline"":[],""markup_tag"":[""</hgh_f>"",""<hgh_f c=0>""],""printf_token"":[],""var_tag"":[]}",
HGHU-TW-000097,角色與劇情,<hgh_f c=0>倒吸一口氣！</hgh_f>,"{""brace_token"":[],""escaped_control"":[],""literal_newline"":[],""markup_tag"":[""</hgh_f>"",""<hgh_f c=0>""],""printf_token"":[],""var_tag"":[]}",
HGHU-TW-000098,角色與劇情,違法。,"{""brace_token"":[],""escaped_control"":[],""literal_newline"":[],""markup_tag"":[],""printf_token"":[],""var_tag"":[]}",
HGHU-TW-000099,角色與劇情,哦，是的！事實上，我會<hgh_f c=0>展示</hgh_f>給你看我最新的成果！,"{""brace_token"":[],""escaped_control"":[],""literal_newline"":[],""markup_tag"":[""</hgh_f>"",""<hgh_f c=0>""],""printf_token"":[],""var_tag"":[]}",
HGHU-TW-000100,角色與劇情,看看這個！它今天沖上岸，我覺得它還在扭動！,"{""brace_token"":[],""escaped_control"":[],""literal_newline"":[],""markup_tag"":[],""printf_token"":[],""var_tag"":[]}",
HGHU-TW-000101,角色與劇情,看看吧！,"{""brace_token"":[],""escaped_control"":[],""literal_newline"":[],""markup_tag"":[],""printf_token"":[],""var_tag"":[]}",
HGHU-TW-000102,角色與劇情,我最好複習一下夏季安全提示，以防萬一。,"{""brace_token"":[],""escaped_control"":[],""literal_newline"":[],""markup_tag"":[],""printf_token"":[],""var_tag"":[]}",
HGHU-TW-000103,角色與劇情,哦哦……這看起來不妙。,"{""brace_token"":[],""escaped_control"":[],""literal_newline"":[],""markup_tag"":[],""printf_token"":[],""var_tag"":[]}",
HGHU-TW-000104,角色與劇情,呼！,"{""brace_token"":[],""escaped_control"":[],""literal_newline"":[],""markup_tag"":[],""printf_token"":[],""var_tag"":[]}",
HGHU-TW-000105,角色與劇情,現在你明白了嗎，朋友？,"{""brace_token"":[],""escaped_control"":[],""literal_newline"":[],""markup_tag"":[],""printf_token"":[],""var_tag"":[]}",
HGHU-TW-000106,角色與劇情,規則存在是有原因的。為了幫助<hgh_f c=0>每個人</hgh_f>！,"{""brace_token"":[],""escaped_control"":[],""literal_newline"":[],""markup_tag"":[""</hgh_f>"",""<hgh_f c=0>""],""printf_token"":[],""var_tag"":[]}",
HGHU-TW-000107,角色與劇情,記住……,"{""brace_token"":[],""escaped_control"":[],""literal_newline"":[],""markup_tag"":[],""printf_token"":[],""var_tag"":[]}",
HGHU-TW-000108,角色與劇情,<hgh_f c=0>絕對不要</hgh_f>從海灘上拿走你不確定的貝殼。,"{""brace_token"":[],""escaped_control"":[],""literal_newline"":[],""markup_tag"":[""</hgh_f>"",""<hgh_f c=0>""],""printf_token"":[],""var_tag"":[]}",
HGHU-TW-000109,角色與劇情,我把它們寫在這裡了。讓我看看……,"{""brace_token"":[],""escaped_control"":[],""literal_newline"":[],""markup_tag"":[],""printf_token"":[],""var_tag"":[]}",
HGHU-TW-000110,角色與劇情,它可能是某個人的<hgh_f c=0>家</hgh_f>。,"{""brace_token"":[],""escaped_control"":[],""literal_newline"":[],""markup_tag"":[""</hgh_f>"",""<hgh_f c=0>""],""printf_token"":[],""var_tag"":[]}",
HGHU-TW-000111,角色與劇情,拿走活的貝殼會擾亂自然，可能會對我們的魚朋友造成傷害！,"{""brace_token"":[],""escaped_control"":[],""literal_newline"":[],""markup_tag"":[],""printf_token"":[],""var_tag"":[]}",
HGHU-TW-000112,角色與劇情,如果你不確定該怎麼做，請找負責任的成年人幫助你！,"{""brace_token"":[],""escaped_control"":[],""literal_newline"":[],""markup_tag"":[],""printf_token"":[],""var_tag"":[]}",
HGHU-TW-000113,角色與劇情,小子，你說得對。現在我知道了！,"{""brace_token"":[],""escaped_control"":[],""literal_newline"":[],""markup_tag"":[],""printf_token"":[],""var_tag"":[]}",
HGHU-TW-000114,角色與劇情,而且<hgh_f c=0>知道</hgh_f>是成功的一半！,"{""brace_token"":[],""escaped_control"":[],""literal_newline"":[],""markup_tag"":[""</hgh_f>"",""<hgh_f c=0>""],""printf_token"":[],""var_tag"":[]}",
HGHU-TW-000115,角色與劇情,另一半是什麼？,"{""brace_token"":[],""escaped_control"":[],""literal_newline"":[],""markup_tag"":[],""printf_token"":[],""var_tag"":[]}",
HGHU-TW-000116,角色與劇情,<hgh_f c=0>嚴重後果！</hgh_f>,"{""brace_token"":[],""escaped_control"":[],""literal_newline"":[],""markup_tag"":[""</hgh_f>"",""<hgh_f c=0>""],""printf_token"":[],""var_tag"":[]}",
HGHU-TW-000117,角色與劇情,這就解決了。,"{""brace_token"":[],""escaped_control"":[],""literal_newline"":[],""markup_tag"":[],""printf_token"":[],""var_tag"":[]}",
HGHU-TW-000118,角色與劇情,這個海灘還不錯。,"{""brace_token"":[],""escaped_control"":[],""literal_newline"":[],""markup_tag"":[],""printf_token"":[],""var_tag"":[]}",
HGHU-TW-000119,角色與劇情,但我敢打賭前面還有一個更<hgh_f c=0>好的</hgh_f>！,"{""brace_token"":[],""escaped_control"":[],""literal_newline"":[],""markup_tag"":[""</hgh_f>"",""<hgh_f c=0>""],""printf_token"":[],""var_tag"":[]}",
HGHU-TW-000120,角色與劇情,我不會停下來，直到我找到亮片大陸上<hgh_f c=0>最好的海灘</hgh_f>！,"{""brace_token"":[],""escaped_control"":[],""literal_newline"":[],""markup_tag"":[""</hgh_f>"",""<hgh_f c=0>""],""printf_token"":[],""var_tag"":[]}",
HGHU-TW-000121,角色與劇情,好熱好熱！,"{""brace_token"":[],""escaped_control"":[],""literal_newline"":[],""markup_tag"":[],""printf_token"":[],""var_tag"":[]}",
HGHU-TW-000122,角色與劇情,天啊，這好長。我真希望有辦法跳過這個。,"{""brace_token"":[],""escaped_control"":[],""literal_newline"":[],""markup_tag"":[],""printf_token"":[],""var_tag"":[]}",
HGHU-TW-000123,角色與劇情,這地方真是熱得發燙！,"{""brace_token"":[],""escaped_control"":[],""literal_newline"":[],""markup_tag"":[],""printf_token"":[],""var_tag"":[]}",
HGHU-TW-000124,角色與劇情,我無法想像有比這更適合享受陽光的地方了！,"{""brace_token"":[],""escaped_control"":[],""literal_newline"":[],""markup_tag"":[],""printf_token"":[],""var_tag"":[]}",
HGHU-TW-000125,角色與劇情,而且我光是想著就已經把想像力推到<hgh_f c=0>極限</hgh_f>了！,"{""brace_token"":[],""escaped_control"":[],""literal_newline"":[],""markup_tag"":[""</hgh_f>"",""<hgh_f c=0>""],""printf_token"":[],""var_tag"":[]}",
HGHU-TW-000126,角色與劇情,排球網可以放在那邊，我可以在這裡建一個巨大的沙堡……,"{""brace_token"":[],""escaped_control"":[],""literal_newline"":[],""markup_tag"":[],""printf_token"":[],""var_tag"":[]}",
HGHU-TW-000127,角色與劇情,總之……,"{""brace_token"":[],""escaped_control"":[],""literal_newline"":[],""markup_tag"":[],""printf_token"":[],""var_tag"":[]}",
HGHU-TW-000128,角色與劇情,天啊！,"{""brace_token"":[],""escaped_control"":[],""literal_newline"":[],""markup_tag"":[],""printf_token"":[],""var_tag"":[]}",
HGHU-TW-000129,角色與劇情,我一定是被某人的完美想法<hgh_f c=0>召喚</hgh_f>來的！,"{""brace_token"":[],""escaped_control"":[],""literal_newline"":[],""markup_tag"":[""</hgh_f>"",""<hgh_f c=0>""],""printf_token"":[],""var_tag"":[]}",
HGHU-TW-000130,角色與劇情,顯然你在想我的輝煌沙雕生涯，對吧？,"{""brace_token"":[],""escaped_control"":[],""literal_newline"":[],""markup_tag"":[],""printf_token"":[],""var_tag"":[]}",
HGHU-TW-000131,角色與劇情,咦？,"{""brace_token"":[],""escaped_control"":[],""literal_newline"":[],""markup_tag"":[],""printf_token"":[],""var_tag"":[]}",
HGHU-TW-000132,角色與劇情,沙堡是給初學者的，你知道的。,"{""brace_token"":[],""escaped_control"":[],""literal_newline"":[],""markup_tag"":[],""printf_token"":[],""var_tag"":[]}",
HGHU-TW-000133,角色與劇情,看你的樣子，你可能依賴塑料杯來塑造你的城垛。,"{""brace_token"":[],""escaped_control"":[],""literal_newline"":[],""markup_tag"":[],""printf_token"":[],""var_tag"":[]}",
HGHU-TW-000134,角色與劇情,但那真的只是小孩子的遊戲。,"{""brace_token"":[],""escaped_control"":[],""literal_newline"":[],""markup_tag"":[],""printf_token"":[],""var_tag"":[]}",
HGHU-TW-000135,角色與劇情,每位大師雕塑家都從基本的沙雕開始，並迅速超越。,"{""brace_token"":[],""escaped_control"":[],""literal_newline"":[],""markup_tag"":[],""printf_token"":[],""var_tag"":[]}",
HGHU-TW-000136,角色與劇情,<hgh_f c=0>「安全提示 #1：海灘球。」</hgh_f>,"{""brace_token"":[],""escaped_control"":[],""literal_newline"":[],""markup_tag"":[""</hgh_f>"",""<hgh_f c=0>""],""printf_token"":[],""var_tag"":[]}",
HGHU-TW-000137,角色與劇情,如果你想在技術上變得熟練，沙子打包和減法過程很重要。,"{""brace_token"":[],""escaped_control"":[],""literal_newline"":[],""markup_tag"":[],""printf_token"":[],""var_tag"":[]}",
HGHU-TW-000138,角色與劇情,但你最好的努力可能只是把你的名字刻在沙子上，挖淺淺的護城河。,"{""brace_token"":[],""escaped_control"":[],""literal_newline"":[],""markup_tag"":[],""printf_token"":[],""var_tag"":[]}",
HGHU-TW-000139,角色與劇情,唉。令人失望的是，像你這樣的人無法贏得沙雕獎。,"{""brace_token"":[],""escaped_control"":[],""literal_newline"":[],""markup_tag"":[],""printf_token"":[],""var_tag"":[]}",
HGHU-TW-000140,角色與劇情,但我想要找到真正的寶藏，你需要篩選大量的廢物。,"{""brace_token"":[],""escaped_control"":[],""literal_newline"":[],""markup_tag"":[],""printf_token"":[],""var_tag"":[]}",
HGHU-TW-000141,角色與劇情,那是我老師常說的話，後來我很快就超越了他。,"{""brace_token"":[],""escaped_control"":[],""literal_newline"":[],""markup_tag"":[],""printf_token"":[],""var_tag"":[]}",
HGHU-TW-000142,角色與劇情,那很酷！我也喜歡沙子！,"{""brace_token"":[],""escaped_control"":[],""literal_newline"":[],""markup_tag"":[],""printf_token"":[],""var_tag"":[]}",
HGHU-TW-000143,角色與劇情,想輪流埋對方嗎？這很有趣。,"{""brace_token"":[],""escaped_control"":[],""literal_newline"":[],""markup_tag"":[],""printf_token"":[],""var_tag"":[]}",
HGHU-TW-000144,角色與劇情,我喜歡當要<hgh_f c=0>衝出來</hgh_f>的時候！！,"{""brace_token"":[],""escaped_control"":[],""literal_newline"":[],""markup_tag"":[""</hgh_f>"",""<hgh_f c=0>""],""printf_token"":[],""var_tag"":[]}",
HGHU-TW-000145,角色與劇情,哦，天哪。沙子不是給人享受的！,"{""brace_token"":[],""escaped_control"":[],""literal_newline"":[],""markup_tag"":[],""printf_token"":[],""var_tag"":[]}",
HGHU-TW-000146,角色與劇情,<hgh_f c=0>「不是漂浮裝置！但對遠程攻擊非常有效！」</hgh_f>,"{""brace_token"":[],""escaped_control"":[],""literal_newline"":[],""markup_tag"":[""</hgh_f>"",""<hgh_f c=0>""],""printf_token"":[],""var_tag"":[]}",
HGHU-TW-000147,角色與劇情,這是一種嚴肅的藝術媒介，旨在激發藝術家的競爭精神！,"{""brace_token"":[],""escaped_control"":[],""literal_newline"":[],""markup_tag"":[],""printf_token"":[],""var_tag"":[]}",
HGHU-TW-000148,角色與劇情,例如……,"{""brace_token"":[],""escaped_control"":[],""literal_newline"":[],""markup_tag"":[],""printf_token"":[],""var_tag"":[]}",
HGHU-TW-000149,角色與劇情,我即將在我的<hgh_f c=0>1:1全尺寸沙塔</hgh_f>上完成最後的修飾。,"{""brace_token"":[],""escaped_control"":[],""literal_newline"":[],""markup_tag"":[""</hgh_f>"",""<hgh_f c=0>""],""printf_token"":[],""var_tag"":[]}",
HGHU-TW-000150,角色與劇情,在頂端等我，我會給你簽名的！,"{""brace_token"":[],""escaped_control"":[],""literal_newline"":[],""markup_tag"":[],""printf_token"":[],""var_tag"":[]}",
HGHU-TW-000151,角色與劇情,哇！她真的很喜歡沙堡。,"{""brace_token"":[],""escaped_control"":[],""literal_newline"":[],""markup_tag"":[],""printf_token"":[],""var_tag"":[]}",
HGHU-TW-000152,角色與劇情,我們去看看她的這個<hgh_f c=0>沙塔</hgh_f>吧！,"{""brace_token"":[],""escaped_control"":[],""literal_newline"":[],""markup_tag"":[""</hgh_f>"",""<hgh_f c=0>""],""printf_token"":[],""var_tag"":[]}",
HGHU-TW-000153,角色與劇情,<hgh_f c=0>「按 <IB action=Interact/> 用海灘球投擲來打怪物！」</hgh_f>,"{""brace_token"":[],""escaped_control"":[],""literal_newline"":[],""markup_tag"":[""</hgh_f>"",""<IB action=Interact/>"",""<hgh_f c=0>""],""printf_token"":[],""var_tag"":[]}",
HGHU-TW-000154,角色與劇情,喔！,"{""brace_token"":[],""escaped_control"":[],""literal_newline"":[],""markup_tag"":[],""printf_token"":[],""var_tag"":[]}",
HGHU-TW-000155,角色與劇情,你到達了我的<hgh_f c=0>沙塔</hgh_f>頂端！,"{""brace_token"":[],""escaped_control"":[],""literal_newline"":[],""markup_tag"":[""</hgh_f>"",""<hgh_f c=0>""],""printf_token"":[],""var_tag"":[]}",
HGHU-TW-000156,角色與劇情,那麼，你覺得怎麼樣？,"{""brace_token"":[],""escaped_control"":[],""literal_newline"":[],""markup_tag"":[],""printf_token"":[],""var_tag"":[]}",
HGHU-TW-000157,角色與劇情,天啊，真是太不可思議了！,"{""brace_token"":[],""escaped_control"":[],""literal_newline"":[],""markup_tag"":[],""printf_token"":[],""var_tag"":[]}",
HGHU-TW-000158,角色與劇情,我幾乎不敢相信你用沙子建造了這整個東西！,"{""brace_token"":[],""escaped_control"":[],""literal_newline"":[],""markup_tag"":[],""printf_token"":[],""var_tag"":[]}",
HGHU-TW-000159,角色與劇情,沒錯！,"{""brace_token"":[],""escaped_control"":[],""literal_newline"":[],""markup_tag"":[],""printf_token"":[],""var_tag"":[]}",
HGHU-TW-000160,角色與劇情,秘密就是我的巨型沙蟲，<hgh_f c=0>威爾伯</hgh_f>！,"{""brace_token"":[],""escaped_control"":[],""literal_newline"":[],""markup_tag"":[""</hgh_f>"",""<hgh_f c=0>""],""printf_token"":[],""var_tag"":[]}",
HGHU-TW-000161,角色與劇情,他攪動沙子，把濕沙和乾沙混合，創造出完美的稠度。,"{""brace_token"":[],""escaped_control"":[],""literal_newline"":[],""markup_tag"":[],""printf_token"":[],""var_tag"":[]}",
HGHU-TW-000162,角色與劇情,他用他巨大的身軀壓實塔內部，當他爬上內牆時。,"{""brace_token"":[],""escaped_control"":[],""literal_newline"":[],""markup_tag"":[],""printf_token"":[],""var_tag"":[]}",
HGHU-TW-000163,角色與劇情,接下來是他的專利<hgh_f c=0>壓實</hgh_f>和<hgh_f c=0>滾動</hgh_f>技術。,"{""brace_token"":[],""escaped_control"":[],""literal_newline"":[],""markup_tag"":[""</hgh_f>"",""</hgh_f>"",""<hgh_f c=0>"",""<hgh_f c=0>""],""printf_token"":[],""var_tag"":[]}",
HGHU-TW-000164,角色與劇情,看著，他用重石壓實沙子，然後用他巨大的眼球<hgh_f c=0>滾動平滑</hgh_f>！,"{""brace_token"":[],""escaped_control"":[],""literal_newline"":[],""markup_tag"":[""</hgh_f>"",""<hgh_f c=0>""],""printf_token"":[],""var_tag"":[]}",
HGHU-TW-000165,角色與劇情,你可能想要讓開...,"{""brace_token"":[],""escaped_control"":[],""literal_newline"":[],""markup_tag"":[],""printf_token"":[],""var_tag"":[]}",
HGHU-TW-000166,角色與劇情,他來了！,"{""brace_token"":[],""escaped_control"":[],""literal_newline"":[],""markup_tag"":[],""printf_token"":[],""var_tag"":[]}",
HGHU-TW-000167,角色與劇情,接下來...,"{""brace_token"":[],""escaped_control"":[],""literal_newline"":[],""markup_tag"":[],""printf_token"":[],""var_tag"":[]}",
HGHU-TW-000168,角色與劇情,威爾伯？,"{""brace_token"":[],""escaped_control"":[],""literal_newline"":[],""markup_tag"":[],""printf_token"":[],""var_tag"":[]}",
HGHU-TW-000169,角色與劇情,你在下面還好嗎？！,"{""brace_token"":[],""escaped_control"":[],""literal_newline"":[],""markup_tag"":[],""printf_token"":[],""var_tag"":[]}",
HGHU-TW-000170,角色與劇情,抱歉，我想我有點得意忘形了。,"{""brace_token"":[],""escaped_control"":[],""literal_newline"":[],""markup_tag"":[],""printf_token"":[],""var_tag"":[]}",
HGHU-TW-000171,角色與劇情,沒關係。他會睡一覺就好的。,"{""brace_token"":[],""escaped_control"":[],""literal_newline"":[],""markup_tag"":[],""printf_token"":[],""var_tag"":[]}",
HGHU-TW-000172,角色與劇情,那麼，我欠你一個簽名！,"{""brace_token"":[],""escaped_control"":[],""literal_newline"":[],""markup_tag"":[],""printf_token"":[],""var_tag"":[]}",
HGHU-TW-000173,角色與劇情,哦，沒關係。,"{""brace_token"":[],""escaped_control"":[],""literal_newline"":[],""markup_tag"":[],""printf_token"":[],""var_tag"":[]}",
HGHU-TW-000174,角色與劇情,你不欠我什麼。,"{""brace_token"":[],""escaped_control"":[],""literal_newline"":[],""markup_tag"":[],""printf_token"":[],""var_tag"":[]}",
HGHU-TW-000175,角色與劇情,我只是很高興能幫上忙！,"{""brace_token"":[],""escaped_control"":[],""literal_newline"":[],""markup_tag"":[],""printf_token"":[],""var_tag"":[]}",
HGHU-TW-000176,角色與劇情,<hgh_f c=0>「安全提示 #2：個人泡泡。」</hgh_f>,"{""brace_token"":[],""escaped_control"":[],""literal_newline"":[],""markup_tag"":[""</hgh_f>"",""<hgh_f c=0>""],""printf_token"":[],""var_tag"":[]}",
HGHU-TW-000177,角色與劇情,幫忙？,"{""brace_token"":[],""escaped_control"":[],""literal_newline"":[],""markup_tag"":[],""printf_token"":[],""var_tag"":[]}",
HGHU-TW-000178,角色與劇情,是啊！我一路上把一些粗糙的地方弄平了。,"{""brace_token"":[],""escaped_control"":[],""literal_newline"":[],""markup_tag"":[],""printf_token"":[],""var_tag"":[]}",
HGHU-TW-000179,角色與劇情,不需要謝我！,"{""brace_token"":[],""escaped_control"":[],""literal_newline"":[],""markup_tag"":[],""printf_token"":[],""var_tag"":[]}",
HGHU-TW-000180,角色與劇情,我最偉大的成就...,"{""brace_token"":[],""escaped_control"":[],""literal_newline"":[],""markup_tag"":[],""printf_token"":[],""var_tag"":[]}",
HGHU-TW-000181,角色與劇情,我的沙雕作品...,"{""brace_token"":[],""escaped_control"":[],""literal_newline"":[],""markup_tag"":[],""printf_token"":[],""var_tag"":[]}",
HGHU-TW-000182,角色與劇情,被玷污了？！,"{""brace_token"":[],""escaped_control"":[],""literal_newline"":[],""markup_tag"":[],""printf_token"":[],""var_tag"":[]}",
HGHU-TW-000183,角色與劇情,被一個業餘者的手？,"{""brace_token"":[],""escaped_control"":[],""literal_newline"":[],""markup_tag"":[],""printf_token"":[],""var_tag"":[]}",
HGHU-TW-000184,角色與劇情,不！,"{""brace_token"":[],""escaped_control"":[],""literal_newline"":[],""markup_tag"":[],""printf_token"":[],""var_tag"":[]}",
HGHU-TW-000185,角色與劇情,<hgh_f c=0>「每個人都有足夠的空間！」</hgh_f>,"{""brace_token"":[],""escaped_control"":[],""literal_newline"":[],""markup_tag"":[""</hgh_f>"",""<hgh_f c=0>""],""printf_token"":[],""var_tag"":[]}",
HGHU-TW-000186,角色與劇情,喂？,"{""brace_token"":[],""escaped_control"":[],""literal_newline"":[],""markup_tag"":[],""printf_token"":[],""var_tag"":[]}",
HGHU-TW-000187,角色與劇情,沙堡大師小姐？,"{""brace_token"":[],""escaped_control"":[],""literal_newline"":[],""markup_tag"":[],""printf_token"":[],""var_tag"":[]}",
HGHU-TW-000188,角色與劇情,嗯。這很奇怪。,"{""brace_token"":[],""escaped_control"":[],""literal_newline"":[],""markup_tag"":[],""printf_token"":[],""var_tag"":[]}",
HGHU-TW-000189,角色與劇情,她一定是去別的地方傳播她的好心情了！,"{""brace_token"":[],""escaped_control"":[],""literal_newline"":[],""markup_tag"":[],""printf_token"":[],""var_tag"":[]}",
HGHU-TW-000190,角色與劇情,也許她去找<hgh_f c=0>最好的海灘</hgh_f>了，就像我一樣！,"{""brace_token"":[],""escaped_control"":[],""literal_newline"":[],""markup_tag"":[""</hgh_f>"",""<hgh_f c=0>""],""printf_token"":[],""var_tag"":[]}",
HGHU-TW-000191,角色與劇情,我會繼續找的！,"{""brace_token"":[],""escaped_control"":[],""literal_newline"":[],""markup_tag"":[],""printf_token"":[],""var_tag"":[]}",
HGHU-TW-000192,角色與劇情,<hgh_f c=0>「但如果沒有，按 <IB action=Dance/> 來漂浮在你自己的個人泡泡中！」</hgh_f>,"{""brace_token"":[],""escaped_control"":[],""literal_newline"":[],""markup_tag"":[""</hgh_f>"",""<IB action=Dance/>"",""<hgh_f c=0>""],""printf_token"":[],""var_tag"":[]}",
HGHU-TW-000193,角色與劇情,嗯。我想我迷路了。,"{""brace_token"":[],""escaped_control"":[],""literal_newline"":[],""markup_tag"":[],""printf_token"":[],""var_tag"":[]}",
HGHU-TW-000194,角色與劇情,這一點也不像飛機跑道。,"{""brace_token"":[],""escaped_control"":[],""literal_newline"":[],""markup_tag"":[],""printf_token"":[],""var_tag"":[]}",
HGHU-TW-000195,角色與劇情,唉。<hgh_f c=0>最好的海灘</hgh_f>一定在亮片大陸的某個熱帶島嶼上！,"{""brace_token"":[],""escaped_control"":[],""literal_newline"":[],""markup_tag"":[""</hgh_f>"",""<hgh_f c=0>""],""printf_token"":[],""var_tag"":[]}",
HGHU-TW-000196,角色與劇情,要到那裡，我需要預訂一架<hgh_f c=0>島嶼跳躍</hgh_f>飛機的航班。,"{""brace_token"":[],""escaped_control"":[],""literal_newline"":[],""markup_tag"":[""</hgh_f>"",""<hgh_f c=0>""],""printf_token"":[],""var_tag"":[]}",
HGHU-TW-000197,角色與劇情,我得想辦法飛起來！,"{""brace_token"":[],""escaped_control"":[],""literal_newline"":[],""markup_tag"":[],""printf_token"":[],""var_tag"":[]}",
HGHU-TW-000198,角色與劇情,<hgh_f c=0>「小心不要讓你的個人泡泡撞到情感牆，或是真實的牆！」</hgh_f>,"{""brace_token"":[],""escaped_control"":[],""literal_newline"":[],""markup_tag"":[""</hgh_f>"",""<hgh_f c=0>""],""printf_token"":[],""var_tag"":[]}",
HGHU-TW-000199,角色與劇情,嘿，女孩！,"{""brace_token"":[],""escaped_control"":[],""literal_newline"":[],""markup_tag"":[],""printf_token"":[],""var_tag"":[]}",
HGHU-TW-000200,角色與劇情,沒有人能從我們這裡過去！,"{""brace_token"":[],""escaped_control"":[],""literal_newline"":[],""markup_tag"":[],""printf_token"":[],""var_tag"":[]}",
HGHU-TW-000201,角色與劇情,是的，你最好——,"{""brace_token"":[],""escaped_control"":[],""literal_newline"":[],""markup_tag"":[],""printf_token"":[],""var_tag"":[]}",
HGHU-TW-000202,角色與劇情,喔！,"{""brace_token"":[],""escaped_control"":[],""literal_newline"":[],""markup_tag"":[],""printf_token"":[],""var_tag"":[]}",
HGHU-TW-000203,角色與劇情,可愛的泳裝！,"{""brace_token"":[],""escaped_control"":[],""literal_newline"":[],""markup_tag"":[],""printf_token"":[],""var_tag"":[]}",
HGHU-TW-000204,角色與劇情,喜歡！哪裡買的？,"{""brace_token"":[],""escaped_control"":[],""literal_newline"":[],""markup_tag"":[],""printf_token"":[],""var_tag"":[]}",
HGHU-TW-000205,角色與劇情,是啊，你在哪裡買的？,"{""brace_token"":[],""escaped_control"":[],""literal_newline"":[],""markup_tag"":[],""printf_token"":[],""var_tag"":[]}",
HGHU-TW-000206,角色與劇情,這個？,"{""brace_token"":[],""escaped_control"":[],""literal_newline"":[],""markup_tag"":[],""printf_token"":[],""var_tag"":[]}",
HGHU-TW-000207,角色與劇情,嗯，我買不起真正的泳裝。,"{""brace_token"":[],""escaped_control"":[],""literal_newline"":[],""markup_tag"":[],""printf_token"":[],""var_tag"":[]}",
HGHU-TW-000208,角色與劇情,所以我就用舊眼罩做了一個。,"{""brace_token"":[],""escaped_control"":[],""literal_newline"":[],""markup_tag"":[],""printf_token"":[],""var_tag"":[]}",
HGHU-TW-000209,角色與劇情,最後一個說……,"{""brace_token"":[],""escaped_control"":[],""literal_newline"":[],""markup_tag"":[],""printf_token"":[],""var_tag"":[]}",
HGHU-TW-000210,角色與劇情,我經常和海盜打架。,"{""brace_token"":[],""escaped_control"":[],""literal_newline"":[],""markup_tag"":[],""printf_token"":[],""var_tag"":[]}",
HGHU-TW-000211,角色與劇情,不會吧。,"{""brace_token"":[],""escaped_control"":[],""literal_newline"":[],""markup_tag"":[],""printf_token"":[],""var_tag"":[]}",
HGHU-TW-000212,角色與劇情,真是時尚前衛。,"{""brace_token"":[],""escaped_control"":[],""literal_newline"":[],""markup_tag"":[],""printf_token"":[],""var_tag"":[]}",
HGHU-TW-000213,角色與劇情,有這種時尚敏銳度，我說我們對她寬容點。,"{""brace_token"":[],""escaped_control"":[],""literal_newline"":[],""markup_tag"":[],""printf_token"":[],""var_tag"":[]}",
HGHU-TW-000214,角色與劇情,同意。,"{""brace_token"":[],""escaped_control"":[],""literal_newline"":[],""markup_tag"":[],""printf_token"":[],""var_tag"":[]}",
HGHU-TW-000215,角色與劇情,哦！,"{""brace_token"":[],""escaped_control"":[],""literal_newline"":[],""markup_tag"":[],""printf_token"":[],""var_tag"":[]}",
HGHU-TW-000216,角色與劇情,這是什麼鬼？！,"{""brace_token"":[],""escaped_control"":[],""literal_newline"":[],""markup_tag"":[],""printf_token"":[],""var_tag"":[]}",
HGHU-TW-000217,角色與劇情,<hgh_f c=0>「安全提示 #3：防曬霜。」</hgh_f>,"{""brace_token"":[],""escaped_control"":[],""literal_newline"":[],""markup_tag"":[""</hgh_f>"",""<hgh_f c=0>""],""printf_token"":[],""var_tag"":[]}",
HGHU-TW-000218,角色與劇情,我們為什麼停在這裡？,"{""brace_token"":[],""escaped_control"":[],""literal_newline"":[],""markup_tag"":[],""printf_token"":[],""var_tag"":[]}",
HGHU-TW-000219,角色與劇情,抱歉，那是我的錯！,"{""brace_token"":[],""escaped_control"":[],""literal_newline"":[],""markup_tag"":[],""printf_token"":[],""var_tag"":[]}",
HGHU-TW-000220,角色與劇情,我真的需要降落，沒有其他辦法！,"{""brace_token"":[],""escaped_control"":[],""literal_newline"":[],""markup_tag"":[],""printf_token"":[],""var_tag"":[]}",
HGHU-TW-000221,角色與劇情,你看，我在找<hgh_f c=0>最好的海灘</hgh_f>！,"{""brace_token"":[],""escaped_control"":[],""literal_newline"":[],""markup_tag"":[""</hgh_f>"",""<hgh_f c=0>""],""printf_token"":[],""var_tag"":[]}",
HGHU-TW-000222,角色與劇情,這裡可沒有，寶貝！,"{""brace_token"":[],""escaped_control"":[],""literal_newline"":[],""markup_tag"":[],""printf_token"":[],""var_tag"":[]}",
HGHU-TW-000223,角色與劇情,你剛剛把我們都害慘了！,"{""brace_token"":[],""escaped_control"":[],""literal_newline"":[],""markup_tag"":[],""printf_token"":[],""var_tag"":[]}",
HGHU-TW-000224,角色與劇情,砰！,"{""brace_token"":[],""escaped_control"":[],""literal_newline"":[],""markup_tag"":[],""printf_token"":[],""var_tag"":[]}",
HGHU-TW-000225,角色與劇情,我們正處於敵對的未知領域的正中央！,"{""brace_token"":[],""escaped_control"":[],""literal_newline"":[],""markup_tag"":[],""printf_token"":[],""var_tag"":[]}",
HGHU-TW-000226,角色與劇情,你確定嗎？看起來我們還在亮片大陸...,"{""brace_token"":[],""escaped_control"":[],""literal_newline"":[],""markup_tag"":[],""printf_token"":[],""var_tag"":[]}",
HGHU-TW-000227,角色與劇情,你看到後面的那些人群了嗎？,"{""brace_token"":[],""escaped_control"":[],""literal_newline"":[],""markup_tag"":[],""printf_token"":[],""var_tag"":[]}",
HGHU-TW-000228,角色與劇情,當然。,"{""brace_token"":[],""escaped_control"":[],""literal_newline"":[],""markup_tag"":[],""printf_token"":[],""var_tag"":[]}",
HGHU-TW-000229,角色與劇情,除非我猜錯了，我們是在某種<hgh_f c=0>毀滅競技場</hgh_f>裡！,"{""brace_token"":[],""escaped_control"":[],""literal_newline"":[],""markup_tag"":[""</hgh_f>"",""<hgh_f c=0>""],""printf_token"":[],""var_tag"":[]}",
HGHU-TW-000230,角色與劇情,那些憤怒的人群渴望<hgh_f c=0>血腥運動</hgh_f>！,"{""brace_token"":[],""escaped_control"":[],""literal_newline"":[],""markup_tag"":[""</hgh_f>"",""<hgh_f c=0>""],""printf_token"":[],""var_tag"":[]}",
HGHU-TW-000231,角色與劇情,<hgh_f c=0>切-砍... 切-切... 噗！咯咯！</hgh_f>,"{""brace_token"":[],""escaped_control"":[],""literal_newline"":[],""markup_tag"":[""</hgh_f>"",""<hgh_f c=0>""],""printf_token"":[],""var_tag"":[]}",
HGHU-TW-000232,角色與劇情,我們最好給人們他們想要的，否則我們都完蛋了！,"{""brace_token"":[],""escaped_control"":[],""literal_newline"":[],""markup_tag"":[],""printf_token"":[],""var_tag"":[]}",
HGHU-TW-000233,角色與劇情,小的們！,"{""brace_token"":[],""escaped_control"":[],""literal_newline"":[],""markup_tag"":[],""printf_token"":[],""var_tag"":[]}",
HGHU-TW-000234,角色與劇情,準備好進行零重力角鬥士戰鬥吧！,"{""brace_token"":[],""escaped_control"":[],""literal_newline"":[],""markup_tag"":[],""printf_token"":[],""var_tag"":[]}",
HGHU-TW-000235,角色與劇情,哦，糟糕。,"{""brace_token"":[],""escaped_control"":[],""literal_newline"":[],""markup_tag"":[],""printf_token"":[],""var_tag"":[]}",
HGHU-TW-000236,角色與劇情,無意冒犯，小姐！,"{""brace_token"":[],""escaped_control"":[],""literal_newline"":[],""markup_tag"":[],""printf_token"":[],""var_tag"":[]}",
HGHU-TW-000237,角色與劇情,但彈藥男爵必須上演一場令人信服的表演以拯救我們的性命！,"{""brace_token"":[],""escaped_control"":[],""literal_newline"":[],""markup_tag"":[],""printf_token"":[],""var_tag"":[]}",
HGHU-TW-000238,角色與劇情,<hgh_f c=0>砰！！</hgh_f>,"{""brace_token"":[],""escaped_control"":[],""literal_newline"":[],""markup_tag"":[""</hgh_f>"",""<hgh_f c=0>""],""printf_token"":[],""var_tag"":[]}",
HGHU-TW-000239,角色與劇情,我想這次死鬥一次也無妨...,"{""brace_token"":[],""escaped_control"":[],""literal_newline"":[],""markup_tag"":[],""printf_token"":[],""var_tag"":[]}",
HGHU-TW-000240,角色與劇情,這才是精神！我們上吧！,"{""brace_token"":[],""escaped_control"":[],""literal_newline"":[],""markup_tag"":[],""printf_token"":[],""var_tag"":[]}",
HGHU-TW-000241,角色與劇情,我忘了我的曬黑油。,"{""brace_token"":[],""escaped_control"":[],""literal_newline"":[],""markup_tag"":[],""printf_token"":[],""var_tag"":[]}",
HGHU-TW-000242,角色與劇情,哦，天啊，這真痛...,"{""brace_token"":[],""escaped_control"":[],""literal_newline"":[],""markup_tag"":[],""printf_token"":[],""var_tag"":[]}",
HGHU-TW-000243,角色與劇情,你還好嗎？,"{""brace_token"":[],""escaped_control"":[],""literal_newline"":[],""markup_tag"":[],""printf_token"":[],""var_tag"":[]}",
HGHU-TW-000244,角色與劇情,我所做的一切，都是為了我的人好。,"{""brace_token"":[],""escaped_control"":[],""literal_newline"":[],""markup_tag"":[],""printf_token"":[],""var_tag"":[]}",
HGHU-TW-000245,角色與劇情,還有為了你...,"{""brace_token"":[],""escaped_control"":[],""literal_newline"":[],""markup_tag"":[],""printf_token"":[],""var_tag"":[]}",
HGHU-TW-000246,角色與劇情,我親愛的，甜美的威格爾公爵夫人。,"{""brace_token"":[],""escaped_control"":[],""literal_newline"":[],""markup_tag"":[],""printf_token"":[],""var_tag"":[]}",
HGHU-TW-000247,角色與劇情,呃...這傢伙需要醫療救助。,"{""brace_token"":[],""escaped_control"":[],""literal_newline"":[],""markup_tag"":[],""printf_token"":[],""var_tag"":[]}",
HGHU-TW-000248,角色與劇情,<hgh_f c=0>「沒有什麼比防曬霜更重要的了！」</hgh_f>,"{""brace_token"":[],""escaped_control"":[],""literal_newline"":[],""markup_tag"":[""</hgh_f>"",""<hgh_f c=0>""],""printf_token"":[],""var_tag"":[]}",
HGHU-TW-000249,角色與劇情,好消息是，我離亮片大陸的北岸不遠！,"{""brace_token"":[],""escaped_control"":[],""literal_newline"":[],""markup_tag"":[],""printf_token"":[],""var_tag"":[]}",
HGHU-TW-000250,角色與劇情,不管怎樣，我一定要找到那個<hgh_f c=0>最棒的海灘</hgh_f>！,"{""brace_token"":[],""escaped_control"":[],""literal_newline"":[],""markup_tag"":[""</hgh_f>"",""<hgh_f c=0>""],""printf_token"":[],""var_tag"":[]}",
HGHU-TW-000251,角色與劇情,嗯……我沒看到任何告示牌。,"{""brace_token"":[],""escaped_control"":[],""literal_newline"":[],""markup_tag"":[],""printf_token"":[],""var_tag"":[]}",
HGHU-TW-000252,角色與劇情,不過，這裡<hgh_f c=0>應該</hgh_f>是亮片大陸的海灣酒店。,"{""brace_token"":[],""escaped_control"":[],""literal_newline"":[],""markup_tag"":[""</hgh_f>"",""<hgh_f c=0>""],""printf_token"":[],""var_tag"":[]}",
HGHU-TW-000253,角色與劇情,北岸擁有世界上最棒的<hgh_f c=0>衝浪</hgh_f>地點。,"{""brace_token"":[],""escaped_control"":[],""literal_newline"":[],""markup_tag"":[""</hgh_f>"",""<hgh_f c=0>""],""printf_token"":[],""var_tag"":[]}",
HGHU-TW-000254,角色與劇情,我們在談論的是一萬英尺高的浪潮、永不停息的漩渦，以及4:1的衝浪者對克拉肯的比例。,"{""brace_token"":[],""escaped_control"":[],""literal_newline"":[],""markup_tag"":[],""printf_token"":[],""var_tag"":[]}",
HGHU-TW-000255,角色與劇情,這<hgh_f c=0>一定</hgh_f>是<hgh_f c=0>最棒的海灘</hgh_f>。,"{""brace_token"":[],""escaped_control"":[],""literal_newline"":[],""markup_tag"":[""</hgh_f>"",""</hgh_f>"",""<hgh_f c=0>"",""<hgh_f c=0>""],""printf_token"":[],""var_tag"":[]}",
HGHU-TW-000256,角色與劇情,<hgh_f c=0>「大量塗抹在你的身體上！」</hgh_f>,"{""brace_token"":[],""escaped_control"":[],""literal_newline"":[],""markup_tag"":[""</hgh_f>"",""<hgh_f c=0>""],""printf_token"":[],""var_tag"":[]}",
HGHU-TW-000257,角色與劇情,哼！,"{""brace_token"":[],""escaped_control"":[],""literal_newline"":[],""markup_tag"":[],""printf_token"":[],""var_tag"":[]}",
HGHU-TW-000258,角色與劇情,這厚厚的霧氣層真是煩人！,"{""brace_token"":[],""escaped_control"":[],""literal_newline"":[],""markup_tag"":[],""printf_token"":[],""var_tag"":[]}",
HGHU-TW-000259,角色與劇情,也許我應該先辦理入住，放下行李，等霧散去！,"{""brace_token"":[],""escaped_control"":[],""literal_newline"":[],""markup_tag"":[],""printf_token"":[],""var_tag"":[]}",
HGHU-TW-000260,角色與劇情,希望前台沒有排隊。我累壞了。,"{""brace_token"":[],""escaped_control"":[],""literal_newline"":[],""markup_tag"":[],""printf_token"":[],""var_tag"":[]}",
HGHU-TW-000261,角色與劇情,這裡一定是酒店的大廳。真宏偉！,"{""brace_token"":[],""escaped_control"":[],""literal_newline"":[],""markup_tag"":[],""printf_token"":[],""var_tag"":[]}",
HGHU-TW-000262,角色與劇情,不過來這裡真是費了一番功夫！,"{""brace_token"":[],""escaped_control"":[],""literal_newline"":[],""markup_tag"":[],""printf_token"":[],""var_tag"":[]}",
HGHU-TW-000263,角色與劇情,起來吧，無法言喻的恐怖生物！展現你的力量！,"{""brace_token"":[],""escaped_control"":[],""literal_newline"":[],""markup_tag"":[],""printf_token"":[],""var_tag"":[]}",
HGHU-TW-000264,角色與劇情,<hgh_f c=0>「不要錯過任何一寸！」</hgh_f>,"{""brace_token"":[],""escaped_control"":[],""literal_newline"":[],""markup_tag"":[""</hgh_f>"",""<hgh_f c=0>""],""printf_token"":[],""var_tag"":[]}",
HGHU-TW-000265,角色與劇情,我被<hgh_f c=0>召喚</hgh_f>來做<hgh_f c=0>壞事</hgh_f>！我準備好做壞事了！,"{""brace_token"":[],""escaped_control"":[],""literal_newline"":[],""markup_tag"":[""</hgh_f>"",""</hgh_f>"",""<hgh_f c=0>"",""<hgh_f c=0>""],""printf_token"":[],""var_tag"":[]}",
HGHU-TW-000266,角色與劇情,不好意思！,"{""brace_token"":[],""escaped_control"":[],""literal_newline"":[],""markup_tag"":[],""printf_token"":[],""var_tag"":[]}",
HGHU-TW-000267,角色與劇情,咦？,"{""brace_token"":[],""escaped_control"":[],""literal_newline"":[],""markup_tag"":[],""printf_token"":[],""var_tag"":[]}",
HGHU-TW-000268,角色與劇情,咦？,"{""brace_token"":[],""escaped_control"":[],""literal_newline"":[],""markup_tag"":[],""printf_token"":[],""var_tag"":[]}",
HGHU-TW-000269,角色與劇情,我來辦理入住。,"{""brace_token"":[],""escaped_control"":[],""literal_newline"":[],""markup_tag"":[],""printf_token"":[],""var_tag"":[]}",
HGHU-TW-000270,角色與劇情,可以把我的個人物品交給行李員嗎，還是……,"{""brace_token"":[],""escaped_control"":[],""literal_newline"":[],""markup_tag"":[],""printf_token"":[],""var_tag"":[]}",
HGHU-TW-000271,角色與劇情,<hgh_f c=0>「你甚至可以找一兩個朋友來幫忙！」</hgh_f>,"{""brace_token"":[],""escaped_control"":[],""literal_newline"":[],""markup_tag"":[""</hgh_f>"",""<hgh_f c=0>""],""printf_token"":[],""var_tag"":[]}",
HGHU-TW-000272,角色與劇情,行李員？！,"{""brace_token"":[],""escaped_control"":[],""literal_newline"":[],""markup_tag"":[],""printf_token"":[],""var_tag"":[]}",
HGHU-TW-000273,角色與劇情,正確的稱呼是酒店服務員！,"{""brace_token"":[],""escaped_control"":[],""literal_newline"":[],""markup_tag"":[],""printf_token"":[],""var_tag"":[]}",
HGHU-TW-000274,角色與劇情,我不是！,"{""brace_token"":[],""escaped_control"":[],""literal_newline"":[],""markup_tag"":[],""printf_token"":[],""var_tag"":[]}",
HGHU-TW-000275,角色與劇情,這是一個古老的地方，所以我想保留它的神秘感！,"{""brace_token"":[],""escaped_control"":[],""literal_newline"":[],""markup_tag"":[],""printf_token"":[],""var_tag"":[]}",
HGHU-TW-000276,角色與劇情,現在你惹上麻煩了。,"{""brace_token"":[],""escaped_control"":[],""literal_newline"":[],""markup_tag"":[],""printf_token"":[],""var_tag"":[]}",
HGHU-TW-000277,角色與劇情,我要把你<hgh_f c=0>行李員</hgh_f>到地上，傻瓜！,"{""brace_token"":[],""escaped_control"":[],""literal_newline"":[],""markup_tag"":[""</hgh_f>"",""<hgh_f c=0>""],""printf_token"":[],""var_tag"":[]}",
HGHU-TW-000278,角色與劇情,那裡！,"{""brace_token"":[],""escaped_control"":[],""literal_newline"":[],""markup_tag"":[],""printf_token"":[],""var_tag"":[]}",
HGHU-TW-000279,角色與劇情,<hgh_f c=0>「甚至可以畫整個場景的粉絲畫！我意思是，為什麼不呢？」</hgh_f>,"{""brace_token"":[],""escaped_control"":[],""literal_newline"":[],""markup_tag"":[""</hgh_f>"",""<hgh_f c=0>""],""printf_token"":[],""var_tag"":[]}",
HGHU-TW-000280,角色與劇情,現在我再說一次……我來入住你的酒店！,"{""brace_token"":[],""escaped_control"":[],""literal_newline"":[],""markup_tag"":[],""printf_token"":[],""var_tag"":[]}",
HGHU-TW-000281,角色與劇情,酒店？,"{""brace_token"":[],""escaped_control"":[],""literal_newline"":[],""markup_tag"":[],""printf_token"":[],""var_tag"":[]}",
HGHU-TW-000282,角色與劇情,是的，酒店！,"{""brace_token"":[],""escaped_control"":[],""literal_newline"":[],""markup_tag"":[],""printf_token"":[],""var_tag"":[]}",
HGHU-TW-000283,角色與劇情,這不是亮片大陸北岸的海灣酒店嗎？,"{""brace_token"":[],""escaped_control"":[],""literal_newline"":[],""markup_tag"":[],""printf_token"":[],""var_tag"":[]}",
HGHU-TW-000284,角色與劇情,在街上。,"{""brace_token"":[],""escaped_control"":[],""literal_newline"":[],""markup_tag"":[],""printf_token"":[],""var_tag"":[]}",
HGHU-TW-000285,角色與劇情,謝謝！,"{""brace_token"":[],""escaped_control"":[],""literal_newline"":[],""markup_tag"":[],""printf_token"":[],""var_tag"":[]}",
HGHU-TW-000286,角色與劇情,好接近！,"{""brace_token"":[],""escaped_control"":[],""literal_newline"":[],""markup_tag"":[],""printf_token"":[],""var_tag"":[]}",
HGHU-TW-000287,角色與劇情,<hgh_f c=0>「寄一份到『亮片大陸安全』郵政信箱8號，收件人：魷魚男爵。」</hgh_f>,"{""brace_token"":[],""escaped_control"":[],""literal_newline"":[],""markup_tag"":[""</hgh_f>"",""<hgh_f c=0>""],""printf_token"":[],""var_tag"":[]}",
HGHU-TW-000288,角色與劇情,哦，好吧。,"{""brace_token"":[],""escaped_control"":[],""literal_newline"":[],""markup_tag"":[],""printf_token"":[],""var_tag"":[]}",
HGHU-TW-000289,角色與劇情,至少我離找到<hgh_f c=0>最棒的海灘</hgh_f>又近了一步！,"{""brace_token"":[],""escaped_control"":[],""literal_newline"":[],""markup_tag"":[""</hgh_f>"",""<hgh_f c=0>""],""printf_token"":[],""var_tag"":[]}",
HGHU-TW-000290,角色與劇情,這真的是著名的亮片大陸北岸嗎？,"{""brace_token"":[],""escaped_control"":[],""literal_newline"":[],""markup_tag"":[],""printf_token"":[],""var_tag"":[]}",
HGHU-TW-000291,角色與劇情,我沒想到會有這麼多溫泉。,"{""brace_token"":[],""escaped_control"":[],""literal_newline"":[],""markup_tag"":[],""printf_token"":[],""var_tag"":[]}",
HGHU-TW-000292,角色與劇情,而且有很多施工正在進行。,"{""brace_token"":[],""escaped_control"":[],""literal_newline"":[],""markup_tag"":[],""printf_token"":[],""var_tag"":[]}",
HGHU-TW-000293,角色與劇情,沒什麼大不了的。,"{""brace_token"":[],""escaped_control"":[],""literal_newline"":[],""markup_tag"":[],""printf_token"":[],""var_tag"":[]}",
HGHU-TW-000294,角色與劇情,呃。,"{""brace_token"":[],""escaped_control"":[],""literal_newline"":[],""markup_tag"":[],""printf_token"":[],""var_tag"":[]}",
HGHU-TW-000295,角色與劇情,重要的是在<hgh_f c=0>里絲琦・布茲</hgh_f>之前找到<hgh_f c=0>最棒的海灘</hgh_f>。,"{""brace_token"":[],""escaped_control"":[],""literal_newline"":[],""markup_tag"":[""</hgh_f>"",""</hgh_f>"",""<hgh_f c=0>"",""<hgh_f c=0>""],""printf_token"":[],""var_tag"":[]}",
HGHU-TW-000296,角色與劇情,如果它存在，我一定會<hgh_f c=0>找到它</hgh_f>！,"{""brace_token"":[],""escaped_control"":[],""literal_newline"":[],""markup_tag"":[""</hgh_f>"",""<hgh_f c=0>""],""printf_token"":[],""var_tag"":[]}",
HGHU-TW-000297,角色與劇情,嗯。我一定是走錯路了。,"{""brace_token"":[],""escaped_control"":[],""literal_newline"":[],""markup_tag"":[],""printf_token"":[],""var_tag"":[]}",
HGHU-TW-000298,角色與劇情,我最好問問別人怎麼走！,"{""brace_token"":[],""escaped_control"":[],""literal_newline"":[],""markup_tag"":[],""printf_token"":[],""var_tag"":[]}",
HGHU-TW-000299,角色與劇情,繼續……,"{""brace_token"":[],""escaped_control"":[],""literal_newline"":[],""markup_tag"":[],""printf_token"":[],""var_tag"":[]}",
HGHU-TW-000300,角色與劇情,你！,"{""brace_token"":[],""escaped_control"":[],""literal_newline"":[],""markup_tag"":[],""printf_token"":[],""var_tag"":[]}",
HGHU-TW-000301,角色與劇情,又是那個海灘小鬼！？,"{""brace_token"":[],""escaped_control"":[],""literal_newline"":[],""markup_tag"":[],""printf_token"":[],""var_tag"":[]}",
HGHU-TW-000302,角色與劇情,你在這裡做什麼？,"{""brace_token"":[],""escaped_control"":[],""literal_newline"":[],""markup_tag"":[],""printf_token"":[],""var_tag"":[]}",
HGHU-TW-000303,角色與劇情,你說所有受歡迎的海灘都在南邊！,"{""brace_token"":[],""escaped_control"":[],""literal_newline"":[],""markup_tag"":[],""printf_token"":[],""var_tag"":[]}",
HGHU-TW-000304,角色與劇情,沒錯。,"{""brace_token"":[],""escaped_control"":[],""literal_newline"":[],""markup_tag"":[],""printf_token"":[],""var_tag"":[]}",
HGHU-TW-000305,角色與劇情,但當我到達那裡時，我發現沙子對我的敏感肌膚來說太粗糙了。,"{""brace_token"":[],""escaped_control"":[],""literal_newline"":[],""markup_tag"":[],""printf_token"":[],""var_tag"":[]}",
HGHU-TW-000306,角色與劇情,所以，我來這裡了！,"{""brace_token"":[],""escaped_control"":[],""literal_newline"":[],""markup_tag"":[],""printf_token"":[],""var_tag"":[]}",
HGHU-TW-000307,角色與劇情,<hgh_f c=0>「密切注意你的防曬指數！」</hgh_f>,"{""brace_token"":[],""escaped_control"":[],""literal_newline"":[],""markup_tag"":[""</hgh_f>"",""<hgh_f c=0>""],""printf_token"":[],""var_tag"":[]}",
HGHU-TW-000308,角色與劇情,去溫泉嗎？,"{""brace_token"":[],""escaped_control"":[],""literal_newline"":[],""markup_tag"":[],""printf_token"":[],""var_tag"":[]}",
HGHU-TW-000309,角色與劇情,傻瓜！這不是溫泉！,"{""brace_token"":[],""escaped_control"":[],""literal_newline"":[],""markup_tag"":[],""printf_token"":[],""var_tag"":[]}",
HGHU-TW-000310,角色與劇情,這是一座活火山！,"{""brace_token"":[],""escaped_control"":[],""literal_newline"":[],""markup_tag"":[],""printf_token"":[],""var_tag"":[]}",
HGHU-TW-000311,角色與劇情,那就解釋了為什麼水是紅色的。,"{""brace_token"":[],""escaped_control"":[],""literal_newline"":[],""markup_tag"":[],""printf_token"":[],""var_tag"":[]}",
HGHU-TW-000312,角色與劇情,我的計劃是將這些火山岩加工成沙子，然後運到亮片大陸的南岸。,"{""brace_token"":[],""escaped_control"":[],""literal_newline"":[],""markup_tag"":[],""printf_token"":[],""var_tag"":[]}",
HGHU-TW-000313,角色與劇情,我要創造世界上最柔軟、最有彈性的<hgh_f c=0>黑沙海灘</hgh_f>！,"{""brace_token"":[],""escaped_control"":[],""literal_newline"":[],""markup_tag"":[""</hgh_f>"",""<hgh_f c=0>""],""printf_token"":[],""var_tag"":[]}",
HGHU-TW-000314,角色與劇情,呵呵呵！,"{""brace_token"":[],""escaped_control"":[],""literal_newline"":[],""markup_tag"":[],""printf_token"":[],""var_tag"":[]}",
HGHU-TW-000315,角色與劇情,不！,"{""brace_token"":[],""escaped_control"":[],""literal_newline"":[],""markup_tag"":[],""printf_token"":[],""var_tag"":[]}",
HGHU-TW-000316,角色與劇情,<hgh_f c=0>「當它開始閃爍時，你最好趕快找到更多的防曬霜！」</hgh_f>,"{""brace_token"":[],""escaped_control"":[],""literal_newline"":[],""markup_tag"":[""</hgh_f>"",""<hgh_f c=0>""],""printf_token"":[],""var_tag"":[]}",
HGHU-TW-000317,角色與劇情,你不能這樣做！,"{""brace_token"":[],""escaped_control"":[],""literal_newline"":[],""markup_tag"":[],""printf_token"":[],""var_tag"":[]}",
HGHU-TW-000318,角色與劇情,你會擾亂自然秩序的！,"{""brace_token"":[],""escaped_control"":[],""literal_newline"":[],""markup_tag"":[],""printf_token"":[],""var_tag"":[]}",
HGHU-TW-000319,角色與劇情,誰能阻止我？,"{""brace_token"":[],""escaped_control"":[],""literal_newline"":[],""markup_tag"":[],""printf_token"":[],""var_tag"":[]}",
HGHU-TW-000320,角色與劇情,你？！,"{""brace_token"":[],""escaped_control"":[],""literal_newline"":[],""markup_tag"":[],""printf_token"":[],""var_tag"":[]}",
HGHU-TW-000321,角色與劇情,你打賭我會！,"{""brace_token"":[],""escaped_control"":[],""literal_newline"":[],""markup_tag"":[],""printf_token"":[],""var_tag"":[]}",
HGHU-TW-000322,角色與劇情,我會為<hgh_f c=0>亮片大陸</hgh_f><hgh_f c=0>每一個沙灘</hgh_f>的榮譽而戰！,"{""brace_token"":[],""escaped_control"":[],""literal_newline"":[],""markup_tag"":[""</hgh_f>"",""</hgh_f>"",""<hgh_f c=0>"",""<hgh_f c=0>""],""printf_token"":[],""var_tag"":[]}",
HGHU-TW-000323,角色與劇情,<hgh_f c=0>「曬傷會迅速消耗你的健康！」</hgh_f>,"{""brace_token"":[],""escaped_control"":[],""literal_newline"":[],""markup_tag"":[""</hgh_f>"",""<hgh_f c=0>""],""printf_token"":[],""var_tag"":[]}",
HGHU-TW-000324,角色與劇情,你完蛋了！,"{""brace_token"":[],""escaped_control"":[],""literal_newline"":[],""markup_tag"":[],""printf_token"":[],""var_tag"":[]}",
HGHU-TW-000325,角色與劇情,你怎麼敢干擾我的計劃！,"{""brace_token"":[],""escaped_control"":[],""literal_newline"":[],""markup_tag"":[],""printf_token"":[],""var_tag"":[]}",
HGHU-TW-000326,角色與劇情,我本可以創造出亮片大陸<hgh_f c=0>最棒的海灘</hgh_f>！,"{""brace_token"":[],""escaped_control"":[],""literal_newline"":[],""markup_tag"":[""</hgh_f>"",""<hgh_f c=0>""],""printf_token"":[],""var_tag"":[]}",
HGHU-TW-000327,角色與劇情,不記得。,"{""brace_token"":[],""escaped_control"":[],""literal_newline"":[],""markup_tag"":[],""printf_token"":[],""var_tag"":[]}",
HGHU-TW-000328,角色與劇情,亮片大陸已經擁有最棒的海灘了。,"{""brace_token"":[],""escaped_control"":[],""literal_newline"":[],""markup_tag"":[],""printf_token"":[],""var_tag"":[]}",
HGHU-TW-000329,角色與劇情,有些適合日光浴和玩耍。,"{""brace_token"":[],""escaped_control"":[],""literal_newline"":[],""markup_tag"":[],""printf_token"":[],""var_tag"":[]}",
HGHU-TW-000330,角色與劇情,其他的適合拾貝。,"{""brace_token"":[],""escaped_control"":[],""literal_newline"":[],""markup_tag"":[],""printf_token"":[],""var_tag"":[]}",
HGHU-TW-000331,角色與劇情,我們有島嶼隱居地、沙雕和衝浪海灘。,"{""brace_token"":[],""escaped_control"":[],""literal_newline"":[],""markup_tag"":[],""printf_token"":[],""var_tag"":[]}",
HGHU-TW-000332,角色與劇情,它們都是最棒的，因為每一個都<hgh_f c=0>不同</hgh_f>！,"{""brace_token"":[],""escaped_control"":[],""literal_newline"":[],""markup_tag"":[""</hgh_f>"",""<hgh_f c=0>""],""printf_token"":[],""var_tag"":[]}",
HGHU-TW-000333,角色與劇情,傻瓜！,"{""brace_token"":[],""escaped_control"":[],""literal_newline"":[],""markup_tag"":[],""printf_token"":[],""var_tag"":[]}",
HGHU-TW-000334,角色與劇情,<hgh_f c=0>「然後你就完蛋了！」</hgh_f>,"{""brace_token"":[],""escaped_control"":[],""literal_newline"":[],""markup_tag"":[""</hgh_f>"",""<hgh_f c=0>""],""printf_token"":[],""var_tag"":[]}",
HGHU-TW-000335,角色與劇情,唯一的<hgh_f c=0>完美海灘</hgh_f>是你為<hgh_f c=0>自己</hgh_f>創造的<hgh_f c=0>人工</hgh_f>海灘！,"{""brace_token"":[],""escaped_control"":[],""literal_newline"":[],""markup_tag"":[""</hgh_f>"",""</hgh_f>"",""</hgh_f>"",""<hgh_f c=0>"",""<hgh_f c=0>"",""<hgh_f c=0>""],""printf_token"":[],""var_tag"":[]}",
HGHU-TW-000336,角色與劇情,我是<hgh_f c=0>七海</hgh_f>的<hgh_f c=0>女王</hgh_f>！,"{""brace_token"":[],""escaped_control"":[],""literal_newline"":[],""markup_tag"":[""</hgh_f>"",""</hgh_f>"",""<hgh_f c=0>"",""<hgh_f c=0>""],""printf_token"":[],""var_tag"":[]}",
HGHU-TW-000337,角色與劇情,我會把我的浮石撒遍你的土地！你會看到的！,"{""brace_token"":[],""escaped_control"":[],""literal_newline"":[],""markup_tag"":[],""printf_token"":[],""var_tag"":[]}",
HGHU-TW-000338,角色與劇情,錯了。,"{""brace_token"":[],""escaped_control"":[],""literal_newline"":[],""markup_tag"":[],""printf_token"":[],""var_tag"":[]}",
HGHU-TW-000339,角色與劇情,你用你的壞話激怒了這個地方。,"{""brace_token"":[],""escaped_control"":[],""literal_newline"":[],""markup_tag"":[],""printf_token"":[],""var_tag"":[]}",
HGHU-TW-000340,角色與劇情,走！,"{""brace_token"":[],""escaped_control"":[],""literal_newline"":[],""markup_tag"":[],""printf_token"":[],""var_tag"":[]}",
HGHU-TW-000341,角色與劇情,否則就要付出慘重的代價！,"{""brace_token"":[],""escaped_control"":[],""literal_newline"":[],""markup_tag"":[],""printf_token"":[],""var_tag"":[]}",
HGHU-TW-000342,角色與劇情,<hgh_f c=0>「確保整天不斷地重新塗抹防曬霜！」</hgh_f>,"{""brace_token"":[],""escaped_control"":[],""literal_newline"":[],""markup_tag"":[""</hgh_f>"",""<hgh_f c=0>""],""printf_token"":[],""var_tag"":[]}",
HGHU-TW-000343,角色與劇情,啊！我希望當這座火山爆發時，你也會跟著一起爆炸！,"{""brace_token"":[],""escaped_control"":[],""literal_newline"":[],""markup_tag"":[],""printf_token"":[],""var_tag"":[]}",
HGHU-TW-000344,角色與劇情,下次再見，小鬼！,"{""brace_token"":[],""escaped_control"":[],""literal_newline"":[],""markup_tag"":[],""printf_token"":[],""var_tag"":[]}",
HGHU-TW-000345,角色與劇情,火山，你現在可以冷靜下來了。,"{""brace_token"":[],""escaped_control"":[],""literal_newline"":[],""markup_tag"":[],""printf_token"":[],""var_tag"":[]}",
HGHU-TW-000346,角色與劇情,壞女人不能再偷你的浮石了。,"{""brace_token"":[],""escaped_control"":[],""literal_newline"":[],""markup_tag"":[],""printf_token"":[],""var_tag"":[]}",
HGHU-TW-000347,角色與劇情,哎呀。,"{""brace_token"":[],""escaped_control"":[],""literal_newline"":[],""markup_tag"":[],""printf_token"":[],""var_tag"":[]}",
HGHU-TW-000348,角色與劇情,<hgh_f c=0>「記住這些安全提示！讓你的陽光時間……」</hgh_f>,"{""brace_token"":[],""escaped_control"":[],""literal_newline"":[],""markup_tag"":[""</hgh_f>"",""<hgh_f c=0>""],""printf_token"":[],""var_tag"":[]}",
HGHU-TW-000349,角色與劇情,就是這裡！<hgh_f c=0>完美的海灘日</hgh_f>！,"{""brace_token"":[],""escaped_control"":[],""literal_newline"":[],""markup_tag"":[""</hgh_f>"",""<hgh_f c=0>""],""printf_token"":[],""var_tag"":[]}",
HGHU-TW-000350,角色與劇情,它的怒火已經無法平息。,"{""brace_token"":[],""escaped_control"":[],""literal_newline"":[],""markup_tag"":[],""printf_token"":[],""var_tag"":[]}",
HGHU-TW-000351,角色與劇情,我也最好趕快逃走！,"{""brace_token"":[],""escaped_control"":[],""literal_newline"":[],""markup_tag"":[],""printf_token"":[],""var_tag"":[]}",
HGHU-TW-000352,角色與劇情,呼！,"{""brace_token"":[],""escaped_control"":[],""literal_newline"":[],""markup_tag"":[],""printf_token"":[],""var_tag"":[]}",
HGHU-TW-000353,角色與劇情,多麼大膽的逃脫！,"{""brace_token"":[],""escaped_control"":[],""literal_newline"":[],""markup_tag"":[],""printf_token"":[],""var_tag"":[]}",
HGHU-TW-000354,角色與劇情,桑塔！,"{""brace_token"":[],""escaped_control"":[],""literal_newline"":[],""markup_tag"":[],""printf_token"":[],""var_tag"":[]}",
HGHU-TW-000355,角色與劇情,<hgh_f c=0>「……變成快樂時光！」</hgh_f>,"{""brace_token"":[],""escaped_control"":[],""literal_newline"":[],""markup_tag"":[""</hgh_f>"",""<hgh_f c=0>""],""printf_token"":[],""var_tag"":[]}",
HGHU-TW-000356,角色與劇情,哦，嗨，叔叔！,"{""brace_token"":[],""escaped_control"":[],""literal_newline"":[],""markup_tag"":[],""printf_token"":[],""var_tag"":[]}",
HGHU-TW-000357,角色與劇情,你今天在<hgh_f c=0>海灘過得怎麼樣？,"{""brace_token"":[],""escaped_control"":[],""literal_newline"":[],""markup_tag"":[""<hgh_f c=0>""],""printf_token"":[],""var_tag"":[]}",
HGHU-TW-000358,角色與劇情,希望你能好好<hgh_f c=0>休息</hgh_f>和<hgh_f c=0>放鬆</hgh_f>一下。,"{""brace_token"":[],""escaped_control"":[],""literal_newline"":[],""markup_tag"":[""</hgh_f>"",""</hgh_f>"",""<hgh_f c=0>"",""<hgh_f c=0>""],""printf_token"":[],""var_tag"":[]}",
HGHU-TW-000359,角色與劇情,我有的，叔叔。,"{""brace_token"":[],""escaped_control"":[],""literal_newline"":[],""markup_tag"":[],""printf_token"":[],""var_tag"":[]}",
HGHU-TW-000360,角色與劇情,而且我學到了一些東西！,"{""brace_token"":[],""escaped_control"":[],""literal_newline"":[],""markup_tag"":[],""printf_token"":[],""var_tag"":[]}",
HGHU-TW-000361,角色與劇情,看！,"{""brace_token"":[],""escaped_control"":[],""literal_newline"":[],""markup_tag"":[],""printf_token"":[],""var_tag"":[]}",
HGHU-TW-000362,角色與劇情,咦？,"{""brace_token"":[],""escaped_control"":[],""literal_newline"":[],""markup_tag"":[],""printf_token"":[],""var_tag"":[]}",
HGHU-TW-000363,角色與劇情,看什麼？,"{""brace_token"":[],""escaped_control"":[],""literal_newline"":[],""markup_tag"":[],""printf_token"":[],""var_tag"":[]}",
HGHU-TW-000364,角色與劇情,藍天...,"{""brace_token"":[],""escaped_control"":[],""literal_newline"":[],""markup_tag"":[],""printf_token"":[],""var_tag"":[]}",
HGHU-TW-000365,角色與劇情,天啊...,"{""brace_token"":[],""escaped_control"":[],""literal_newline"":[],""markup_tag"":[],""printf_token"":[],""var_tag"":[]}",
HGHU-TW-000366,角色與劇情,柔軟的沙灘...,"{""brace_token"":[],""escaped_control"":[],""literal_newline"":[],""markup_tag"":[],""printf_token"":[],""var_tag"":[]}",
HGHU-TW-000367,角色與劇情,溫暖的玻璃水...,"{""brace_token"":[],""escaped_control"":[],""literal_newline"":[],""markup_tag"":[],""printf_token"":[],""var_tag"":[]}",
HGHU-TW-000368,角色與劇情,和在溫暖微風中輕輕搖曳的棕櫚樹...,"{""brace_token"":[],""escaped_control"":[],""literal_newline"":[],""markup_tag"":[],""printf_token"":[],""var_tag"":[]}",
HGHU-TW-000369,角色與劇情,那又怎樣？,"{""brace_token"":[],""escaped_control"":[],""literal_newline"":[],""markup_tag"":[],""printf_token"":[],""var_tag"":[]}",
HGHU-TW-000370,角色與劇情,你不明白嗎？,"{""brace_token"":[],""escaped_control"":[],""literal_newline"":[],""markup_tag"":[],""printf_token"":[],""var_tag"":[]}",
HGHU-TW-000371,角色與劇情,我找到了整個亮片大陸上<hgh_f c=0>最棒的海灘</hgh_f>！,"{""brace_token"":[],""escaped_control"":[],""literal_newline"":[],""markup_tag"":[""</hgh_f>"",""<hgh_f c=0>""],""printf_token"":[],""var_tag"":[]}",
HGHU-TW-000372,角色與劇情,你真的找到了！,"{""brace_token"":[],""escaped_control"":[],""literal_newline"":[],""markup_tag"":[],""printf_token"":[],""var_tag"":[]}",
HGHU-TW-000373,角色與劇情,而且我要和大家分享...,"{""brace_token"":[],""escaped_control"":[],""literal_newline"":[],""markup_tag"":[],""printf_token"":[],""var_tag"":[]}",
HGHU-TW-000374,角色與劇情,和所有人！,"{""brace_token"":[],""escaped_control"":[],""literal_newline"":[],""markup_tag"":[],""printf_token"":[],""var_tag"":[]}",
HGHU-TW-000375,角色與劇情,誰知道去海灘會這麼<hgh_f c=0>危險</hgh_f>？！,"{""brace_token"":[],""escaped_control"":[],""literal_newline"":[],""markup_tag"":[""</hgh_f>"",""<hgh_f c=0>""],""printf_token"":[],""var_tag"":[]}",
HGHU-TW-000376,角色與劇情,好吧，我走了！,"{""brace_token"":[],""escaped_control"":[],""literal_newline"":[],""markup_tag"":[],""printf_token"":[],""var_tag"":[]}",
HGHU-TW-000377,角色與劇情,嘿，這看起來是個好地方！,"{""brace_token"":[],""escaped_control"":[],""literal_newline"":[],""markup_tag"":[],""printf_token"":[],""var_tag"":[]}",
HGHU-TW-000378,角色與劇情,泳裝準備好了！,"{""brace_token"":[],""escaped_control"":[],""literal_newline"":[],""markup_tag"":[],""printf_token"":[],""var_tag"":[]}",
HGHU-TW-000379,角色與劇情,我就把毛巾鋪開然後……,"{""brace_token"":[],""escaped_control"":[],""literal_newline"":[],""markup_tag"":[],""printf_token"":[],""var_tag"":[]}",
HGHU-TW-000380,角色與劇情,咦？,"{""brace_token"":[],""escaped_control"":[],""literal_newline"":[],""markup_tag"":[],""printf_token"":[],""var_tag"":[]}",
HGHU-TW-000381,角色與劇情,那是什麼聲音？,"{""brace_token"":[],""escaped_control"":[],""literal_newline"":[],""markup_tag"":[],""printf_token"":[],""var_tag"":[]}",
HGHU-TW-000382,角色與劇情,呵呵呵！,"{""brace_token"":[],""escaped_control"":[],""literal_newline"":[],""markup_tag"":[],""printf_token"":[],""var_tag"":[]}",
HGHU-TW-000383,角色與劇情,就是這個！,"{""brace_token"":[],""escaped_control"":[],""literal_newline"":[],""markup_tag"":[],""printf_token"":[],""var_tag"":[]}",
HGHU-TW-000384,角色與劇情,毛巾準備好了！,"{""brace_token"":[],""escaped_control"":[],""literal_newline"":[],""markup_tag"":[],""printf_token"":[],""var_tag"":[]}",
HGHU-TW-000385,角色與劇情,這是個完美的地方來曬<hgh_f c=0>我的膚色</hgh_f>！,"{""brace_token"":[],""escaped_control"":[],""literal_newline"":[],""markup_tag"":[""</hgh_f>"",""<hgh_f c=0>""],""printf_token"":[],""var_tag"":[]}",
HGHU-TW-000386,角色與劇情,我聽到了！,"{""brace_token"":[],""escaped_control"":[],""literal_newline"":[],""markup_tag"":[],""printf_token"":[],""var_tag"":[]}",
HGHU-TW-000387,角色與劇情,我要告訴你，我的皮膚很敏感！,"{""brace_token"":[],""escaped_control"":[],""literal_newline"":[],""markup_tag"":[],""printf_token"":[],""var_tag"":[]}",
HGHU-TW-000388,角色與劇情,地下室居民，真是的！誰教你說這種話的？,"{""brace_token"":[],""escaped_control"":[],""literal_newline"":[],""markup_tag"":[],""printf_token"":[],""var_tag"":[]}",
HGHU-TW-000389,角色與劇情,喔？,"{""brace_token"":[],""escaped_control"":[],""literal_newline"":[],""markup_tag"":[],""printf_token"":[],""var_tag"":[]}",
HGHU-TW-000390,角色與劇情,有人比<hgh_f c=0>我先</hgh_f>到了？！,"{""brace_token"":[],""escaped_control"":[],""literal_newline"":[],""markup_tag"":[""</hgh_f>"",""<hgh_f c=0>""],""printf_token"":[],""var_tag"":[]}",
HGHU-TW-000391,角色與劇情,嗨，朋友！,"{""brace_token"":[],""escaped_control"":[],""literal_newline"":[],""markup_tag"":[],""printf_token"":[],""var_tag"":[]}",
HGHU-TW-000392,角色與劇情,呃！看看她！真是厚臉皮！,"{""brace_token"":[],""escaped_control"":[],""literal_newline"":[],""markup_tag"":[],""printf_token"":[],""var_tag"":[]}",
HGHU-TW-000393,角色與劇情,她把最好的陽光都霸占了！,"{""brace_token"":[],""escaped_control"":[],""literal_newline"":[],""markup_tag"":[],""printf_token"":[],""var_tag"":[]}",
HGHU-TW-000394,角色與劇情,我忘了什麼嗎？,"{""brace_token"":[],""escaped_control"":[],""literal_newline"":[],""markup_tag"":[],""printf_token"":[],""var_tag"":[]}",
HGHU-TW-000395,角色與劇情,小的們！,"{""brace_token"":[],""escaped_control"":[],""literal_newline"":[],""markup_tag"":[],""printf_token"":[],""var_tag"":[]}",
HGHU-TW-000396,角色與劇情,準備好冰桶！,"{""brace_token"":[],""escaped_control"":[],""literal_newline"":[],""markup_tag"":[],""printf_token"":[],""var_tag"":[]}",
HGHU-TW-000397,角色與劇情,準備在我命令時倒下去！,"{""brace_token"":[],""escaped_control"":[],""literal_newline"":[],""markup_tag"":[],""printf_token"":[],""var_tag"":[]}",
HGHU-TW-000398,角色與劇情,補充托盤是<hgh_f c=0>你的</hgh_f>工作！,"{""brace_token"":[],""escaped_control"":[],""literal_newline"":[],""markup_tag"":[""</hgh_f>"",""<hgh_f c=0>""],""printf_token"":[],""var_tag"":[]}",
HGHU-TW-000399,角色與劇情,算了！,"{""brace_token"":[],""escaped_control"":[],""literal_newline"":[],""markup_tag"":[],""printf_token"":[],""var_tag"":[]}",
HGHU-TW-000400,角色與劇情,只要裝滿後方的炮，然後把這個海灘流浪漢炸成碎片！,"{""brace_token"":[],""escaped_control"":[],""literal_newline"":[],""markup_tag"":[],""printf_token"":[],""var_tag"":[]}",
HGHU-TW-000401,角色與劇情,沒有！,"{""brace_token"":[],""escaped_control"":[],""literal_newline"":[],""markup_tag"":[],""printf_token"":[],""var_tag"":[]}",
HGHU-TW-000402,角色與劇情,希望你開心！,"{""brace_token"":[],""escaped_control"":[],""literal_newline"":[],""markup_tag"":[],""printf_token"":[],""var_tag"":[]}",
HGHU-TW-000403,角色與劇情,你把你的骯髒火藥撒得到處都是！,"{""brace_token"":[],""escaped_control"":[],""literal_newline"":[],""markup_tag"":[],""printf_token"":[],""var_tag"":[]}",
HGHU-TW-000404,角色與劇情,這是亮片大陸最好的海灘，直到你出現！,"{""brace_token"":[],""escaped_control"":[],""literal_newline"":[],""markup_tag"":[],""printf_token"":[],""var_tag"":[]}",
HGHU-TW-000405,角色與劇情,哈！,"{""brace_token"":[],""escaped_control"":[],""literal_newline"":[],""markup_tag"":[],""printf_token"":[],""var_tag"":[]}",
HGHU-TW-000406,角色與劇情,你炫耀你的無知，小姑娘。,"{""brace_token"":[],""escaped_control"":[],""literal_newline"":[],""markup_tag"":[],""printf_token"":[],""var_tag"":[]}",
HGHU-TW-000407,角色與劇情,（相信我，那是你唯一炫耀的東西。）,"{""brace_token"":[],""escaped_control"":[],""literal_newline"":[],""markup_tag"":[],""printf_token"":[],""var_tag"":[]}",
HGHU-TW-000408,角色與劇情,每個<hgh_f c=0>重要人物</hgh_f>都知道這個海灘已經過時了。,"{""brace_token"":[],""escaped_control"":[],""literal_newline"":[],""markup_tag"":[""</hgh_f>"",""<hgh_f c=0>""],""printf_token"":[],""var_tag"":[]}",
HGHU-TW-000409,角色與劇情,得趕在大家之前！,"{""brace_token"":[],""escaped_control"":[],""literal_newline"":[],""markup_tag"":[],""printf_token"":[],""var_tag"":[]}",
HGHU-TW-000410,製作名單,桑塔：半精靈英雄 製作人員名單,"{""brace_token"":[],""escaped_control"":[],""literal_newline"":[],""markup_tag"":[],""printf_token"":[],""var_tag"":[]}",
HGHU-TW-000411,製作名單,額外角色設計,"{""brace_token"":[],""escaped_control"":[],""literal_newline"":[],""markup_tag"":[],""printf_token"":[],""var_tag"":[]}",
HGHU-TW-000412,製作名單,首席 UI 設計師,"{""brace_token"":[],""escaped_control"":[],""literal_newline"":[],""markup_tag"":[],""printf_token"":[],""var_tag"":[]}",
HGHU-TW-000413,製作名單,UI 設計師,"{""brace_token"":[],""escaped_control"":[],""literal_newline"":[],""markup_tag"":[],""printf_token"":[],""var_tag"":[]}",
HGHU-TW-000414,製作名單,額外概念設計,"{""brace_token"":[],""escaped_control"":[],""literal_newline"":[],""markup_tag"":[],""printf_token"":[],""var_tag"":[]}",
HGHU-TW-000415,製作名單,音樂作曲,"{""brace_token"":[],""escaped_control"":[],""literal_newline"":[],""markup_tag"":[],""printf_token"":[],""var_tag"":[]}",
HGHU-TW-000416,製作名單,由 Jake Kaufman 譜寫,"{""brace_token"":[],""escaped_control"":[],""literal_newline"":[],""markup_tag"":[],""printf_token"":[],""var_tag"":[]}",
HGHU-TW-000417,製作名單,由 Cristina Vee 演唱,"{""brace_token"":[],""escaped_control"":[],""literal_newline"":[],""markup_tag"":[],""printf_token"":[],""var_tag"":[]}",
HGHU-TW-000418,製作名單,配音員：,"{""brace_token"":[],""escaped_control"":[],""literal_newline"":[],""markup_tag"":[],""printf_token"":[],""var_tag"":[]}",
HGHU-TW-000419,製作名單,由 Cristina Vee 提供額外配音,"{""brace_token"":[],""escaped_control"":[],""literal_newline"":[],""markup_tag"":[],""printf_token"":[],""var_tag"":[]}",
HGHU-TW-000420,製作名單,音效設計,"{""brace_token"":[],""escaped_control"":[],""literal_newline"":[],""markup_tag"":[],""printf_token"":[],""var_tag"":[]}",
HGHU-TW-000421,製作名單,專案協調員/品管經理,"{""brace_token"":[],""escaped_control"":[],""literal_newline"":[],""markup_tag"":[],""printf_token"":[],""var_tag"":[]}",
HGHU-TW-000422,製作名單,品質保證測試員,"{""brace_token"":[],""escaped_control"":[],""literal_newline"":[],""markup_tag"":[],""printf_token"":[],""var_tag"":[]}",
HGHU-TW-000423,製作名單,設計師/總監,"{""brace_token"":[],""escaped_control"":[],""literal_newline"":[],""markup_tag"":[],""printf_token"":[],""var_tag"":[]}",
HGHU-TW-000424,製作名單,公關/社群經理,"{""brace_token"":[],""escaped_control"":[],""literal_newline"":[],""markup_tag"":[],""printf_token"":[],""var_tag"":[]}",
HGHU-TW-000425,製作名單,支援,"{""brace_token"":[],""escaped_control"":[],""literal_newline"":[],""markup_tag"":[],""printf_token"":[],""var_tag"":[]}",
HGHU-TW-000426,製作名單,影片編輯,"{""brace_token"":[],""escaped_control"":[],""literal_newline"":[],""markup_tag"":[],""printf_token"":[],""var_tag"":[]}",
HGHU-TW-000427,製作名單,貢獻者,"{""brace_token"":[],""escaped_control"":[],""literal_newline"":[],""markup_tag"":[],""printf_token"":[],""var_tag"":[]}",
HGHU-TW-000428,製作名單,Portions of this software are copyright © 2016 The FreeType Project.  All rights reserved.,"{""brace_token"":[],""escaped_control"":[],""literal_newline"":[],""markup_tag"":[],""printf_token"":[],""var_tag"":[]}",
HGHU-TW-000429,製作名單,"Bullet Collision Detection and Physics Library Copyright © 2016 Advanced Micro Devices, Inc.","{""brace_token"":[],""escaped_control"":[],""literal_newline"":[],""markup_tag"":[],""printf_token"":[],""var_tag"":[]}",
HGHU-TW-000430,製作名單,"FMOD Sound System, copyright © Firelight Technologies Pty, Ltd., 1994-2016.","{""brace_token"":[],""escaped_control"":[],""literal_newline"":[],""markup_tag"":[],""printf_token"":[],""var_tag"":[]}",
HGHU-TW-000431,製作名單,Simple DirectMedia Layer Copyright © 1997-2016 Sam Lantinga,"{""brace_token"":[],""escaped_control"":[],""literal_newline"":[],""markup_tag"":[],""printf_token"":[],""var_tag"":[]}",
HGHU-TW-000432,製作名單,執行製作人,"{""brace_token"":[],""escaped_control"":[],""literal_newline"":[],""markup_tag"":[],""printf_token"":[],""var_tag"":[]}",
HGHU-TW-000433,製作名單,"插畫由 INTI CREATES CO., LTD. 提供","{""brace_token"":[],""escaped_control"":[],""literal_newline"":[],""markup_tag"":[],""printf_token"":[],""var_tag"":[]}",
HGHU-TW-000434,製作名單,插畫家,"{""brace_token"":[],""escaped_control"":[],""literal_newline"":[],""markup_tag"":[],""printf_token"":[],""var_tag"":[]}",
HGHU-TW-000435,製作名單,製作人,"{""brace_token"":[],""escaped_control"":[],""literal_newline"":[],""markup_tag"":[],""printf_token"":[],""var_tag"":[]}",
HGHU-TW-000436,製作名單,助理,"{""brace_token"":[],""escaped_control"":[],""literal_newline"":[],""markup_tag"":[],""printf_token"":[],""var_tag"":[]}",
HGHU-TW-000437,製作名單,翻譯,"{""brace_token"":[],""escaped_control"":[],""literal_newline"":[],""markup_tag"":[],""printf_token"":[],""var_tag"":[]}",
HGHU-TW-000438,製作名單,DYS 翻譯團隊,"{""brace_token"":[],""escaped_control"":[],""literal_newline"":[],""markup_tag"":[],""printf_token"":[],""var_tag"":[]}",
HGHU-TW-000439,製作名單,額外動畫提供：,"{""brace_token"":[],""escaped_control"":[],""literal_newline"":[],""markup_tag"":[],""printf_token"":[],""var_tag"":[]}",
HGHU-TW-000440,製作名單,製作經理,"{""brace_token"":[],""escaped_control"":[],""literal_newline"":[],""markup_tag"":[],""printf_token"":[],""var_tag"":[]}",
HGHU-TW-000441,製作名單,製作協調員,"{""brace_token"":[],""escaped_control"":[],""literal_newline"":[],""markup_tag"":[],""printf_token"":[],""var_tag"":[]}",
HGHU-TW-000442,製作名單,製作人,"{""brace_token"":[],""escaped_control"":[],""literal_newline"":[],""markup_tag"":[],""printf_token"":[],""var_tag"":[]}",
HGHU-TW-000443,製作名單,動畫指導,"{""brace_token"":[],""escaped_control"":[],""literal_newline"":[],""markup_tag"":[],""printf_token"":[],""var_tag"":[]}",
HGHU-TW-000444,製作名單,動畫師,"{""brace_token"":[],""escaped_control"":[],""literal_newline"":[],""markup_tag"":[],""printf_token"":[],""var_tag"":[]}",
HGHU-TW-000445,製作名單,遊戲內露臉貢獻者,"{""brace_token"":[],""escaped_control"":[],""literal_newline"":[],""markup_tag"":[],""printf_token"":[],""var_tag"":[]}",
HGHU-TW-000446,製作名單,副總監,"{""brace_token"":[],""escaped_control"":[],""literal_newline"":[],""markup_tag"":[],""printf_token"":[],""var_tag"":[]}",
HGHU-TW-000447,製作名單,遊戲內美術貢獻者,"{""brace_token"":[],""escaped_control"":[],""literal_newline"":[],""markup_tag"":[],""printf_token"":[],""var_tag"":[]}",
HGHU-TW-000448,製作名單,首席程式設計師,"{""brace_token"":[],""escaped_control"":[],""literal_newline"":[],""markup_tag"":[],""printf_token"":[],""var_tag"":[]}",
HGHU-TW-000449,製作名單,程式設計師,"{""brace_token"":[],""escaped_control"":[],""literal_newline"":[],""markup_tag"":[],""printf_token"":[],""var_tag"":[]}",
HGHU-TW-000450,製作名單,開發團隊寶寶,"{""brace_token"":[],""escaped_control"":[],""literal_newline"":[],""markup_tag"":[],""printf_token"":[],""var_tag"":[]}",
HGHU-TW-000451,製作名單,特別感謝,"{""brace_token"":[],""escaped_control"":[],""literal_newline"":[],""markup_tag"":[],""printf_token"":[],""var_tag"":[]}",
HGHU-TW-000452,製作名單,劇終！,"{""brace_token"":[],""escaped_control"":[],""literal_newline"":[],""markup_tag"":[],""printf_token"":[],""var_tag"":[]}",
HGHU-TW-000453,製作名單,桑塔 由 Matt & Erin Bozon 創作,"{""brace_token"":[],""escaped_control"":[],""literal_newline"":[],""markup_tag"":[],""printf_token"":[],""var_tag"":[]}",
HGHU-TW-000454,製作名單,首席關卡設計師,"{""brace_token"":[],""escaped_control"":[],""literal_newline"":[],""markup_tag"":[],""printf_token"":[],""var_tag"":[]}",
HGHU-TW-000455,製作名單,關卡設計師,"{""brace_token"":[],""escaped_control"":[],""literal_newline"":[],""markup_tag"":[],""printf_token"":[],""var_tag"":[]}",
HGHU-TW-000456,製作名單,設計師,"{""brace_token"":[],""escaped_control"":[],""literal_newline"":[],""markup_tag"":[],""printf_token"":[],""var_tag"":[]}",
HGHU-TW-000457,製作名單,3D 美術部門主管,"{""brace_token"":[],""escaped_control"":[],""literal_newline"":[],""markup_tag"":[],""printf_token"":[],""var_tag"":[]}",
HGHU-TW-000458,製作名單,首席背景美術,"{""brace_token"":[],""escaped_control"":[],""literal_newline"":[],""markup_tag"":[],""printf_token"":[],""var_tag"":[]}",
HGHU-TW-000459,製作名單,背景美術,"{""brace_token"":[],""escaped_control"":[],""literal_newline"":[],""markup_tag"":[],""printf_token"":[],""var_tag"":[]}",
HGHU-TW-000460,製作名單,技術美術,"{""brace_token"":[],""escaped_control"":[],""literal_newline"":[],""markup_tag"":[],""printf_token"":[],""var_tag"":[]}",
HGHU-TW-000461,製作名單,首席視覺特效美術,"{""brace_token"":[],""escaped_control"":[],""literal_newline"":[],""markup_tag"":[],""printf_token"":[],""var_tag"":[]}",
HGHU-TW-000462,製作名單,視覺特效美術,"{""brace_token"":[],""escaped_control"":[],""literal_newline"":[],""markup_tag"":[],""printf_token"":[],""var_tag"":[]}",
HGHU-TW-000463,製作名單,動畫主管,"{""brace_token"":[],""escaped_control"":[],""literal_newline"":[],""markup_tag"":[],""printf_token"":[],""var_tag"":[]}",
HGHU-TW-000464,製作名單,首席角色動畫師,"{""brace_token"":[],""escaped_control"":[],""literal_newline"":[],""markup_tag"":[],""printf_token"":[],""var_tag"":[]}",
HGHU-TW-000465,製作名單,由 WayForward 開發,"{""brace_token"":[],""escaped_control"":[],""literal_newline"":[],""markup_tag"":[],""printf_token"":[],""var_tag"":[]}",
HGHU-TW-000466,製作名單,角色動畫師,"{""brace_token"":[],""escaped_control"":[],""literal_newline"":[],""markup_tag"":[],""printf_token"":[],""var_tag"":[]}",
HGHU-TW-000467,製作名單,遊戲內臉部貢獻者,"{""brace_token"":[],""escaped_control"":[],""literal_newline"":[],""markup_tag"":[],""printf_token"":[],""var_tag"":[]}",
HGHU-TW-000468,製作名單,遊戲內藝術貢獻者,"{""brace_token"":[],""escaped_control"":[],""literal_newline"":[],""markup_tag"":[],""printf_token"":[],""var_tag"":[]}",
HGHU-TW-000469,製作名單,劇終！,"{""brace_token"":[],""escaped_control"":[],""literal_newline"":[],""markup_tag"":[],""printf_token"":[],""var_tag"":[]}",
HGHU-TW-000470,製作名單,桑塔：半精靈英雄 製作人員名單,"{""brace_token"":[],""escaped_control"":[],""literal_newline"":[],""markup_tag"":[],""printf_token"":[],""var_tag"":[]}",
HGHU-TW-000471,製作名單,額外角色設計,"{""brace_token"":[],""escaped_control"":[],""literal_newline"":[],""markup_tag"":[],""printf_token"":[],""var_tag"":[]}",
HGHU-TW-000472,製作名單,首席 UI 設計師,"{""brace_token"":[],""escaped_control"":[],""literal_newline"":[],""markup_tag"":[],""printf_token"":[],""var_tag"":[]}",
HGHU-TW-000473,製作名單,UI 設計師,"{""brace_token"":[],""escaped_control"":[],""literal_newline"":[],""markup_tag"":[],""printf_token"":[],""var_tag"":[]}",
HGHU-TW-000474,製作名單,額外概念設計,"{""brace_token"":[],""escaped_control"":[],""literal_newline"":[],""markup_tag"":[],""printf_token"":[],""var_tag"":[]}",
HGHU-TW-000475,製作名單,音樂作曲,"{""brace_token"":[],""escaped_control"":[],""literal_newline"":[],""markup_tag"":[],""printf_token"":[],""var_tag"":[]}",
HGHU-TW-000476,製作名單,由 Jake Kaufman 譜寫,"{""brace_token"":[],""escaped_control"":[],""literal_newline"":[],""markup_tag"":[],""printf_token"":[],""var_tag"":[]}",
HGHU-TW-000477,製作名單,由 Cristina Vee 演唱,"{""brace_token"":[],""escaped_control"":[],""literal_newline"":[],""markup_tag"":[],""printf_token"":[],""var_tag"":[]}",
HGHU-TW-000478,製作名單,配音員：,"{""brace_token"":[],""escaped_control"":[],""literal_newline"":[],""markup_tag"":[],""printf_token"":[],""var_tag"":[]}",
HGHU-TW-000479,製作名單,由 Cristina Vee 提供額外配音,"{""brace_token"":[],""escaped_control"":[],""literal_newline"":[],""markup_tag"":[],""printf_token"":[],""var_tag"":[]}",
HGHU-TW-000480,製作名單,音效設計,"{""brace_token"":[],""escaped_control"":[],""literal_newline"":[],""markup_tag"":[],""printf_token"":[],""var_tag"":[]}",
HGHU-TW-000481,製作名單,專案協調員/品管經理,"{""brace_token"":[],""escaped_control"":[],""literal_newline"":[],""markup_tag"":[],""printf_token"":[],""var_tag"":[]}",
HGHU-TW-000482,製作名單,品質保證測試員,"{""brace_token"":[],""escaped_control"":[],""literal_newline"":[],""markup_tag"":[],""printf_token"":[],""var_tag"":[]}",
HGHU-TW-000483,製作名單,設計師/總監,"{""brace_token"":[],""escaped_control"":[],""literal_newline"":[],""markup_tag"":[],""printf_token"":[],""var_tag"":[]}",
HGHU-TW-000484,製作名單,公關/社群經理,"{""brace_token"":[],""escaped_control"":[],""literal_newline"":[],""markup_tag"":[],""printf_token"":[],""var_tag"":[]}",
HGHU-TW-000485,製作名單,支援,"{""brace_token"":[],""escaped_control"":[],""literal_newline"":[],""markup_tag"":[],""printf_token"":[],""var_tag"":[]}",
HGHU-TW-000486,製作名單,影片編輯,"{""brace_token"":[],""escaped_control"":[],""literal_newline"":[],""markup_tag"":[],""printf_token"":[],""var_tag"":[]}",
HGHU-TW-000487,製作名單,貢獻者,"{""brace_token"":[],""escaped_control"":[],""literal_newline"":[],""markup_tag"":[],""printf_token"":[],""var_tag"":[]}",
HGHU-TW-000488,製作名單,本軟體部分版權 © 2018 The FreeType Project。版權所有。,"{""brace_token"":[],""escaped_control"":[],""literal_newline"":[],""markup_tag"":[],""printf_token"":[],""var_tag"":[]}",
HGHU-TW-000489,製作名單,"Bullet 碰撞檢測與物理引擎庫版權 © 2018 Advanced Micro Devices, Inc。","{""brace_token"":[],""escaped_control"":[],""literal_newline"":[],""markup_tag"":[],""printf_token"":[],""var_tag"":[]}",
HGHU-TW-000490,製作名單,"FMOD 音效系統，版權 © Firelight Technologies Pty, Ltd., 1994-2018。","{""brace_token"":[],""escaped_control"":[],""literal_newline"":[],""markup_tag"":[],""printf_token"":[],""var_tag"":[]}",
HGHU-TW-000491,製作名單,Simple DirectMedia Layer 版權 © 1997-2018 Sam Lantinga,"{""brace_token"":[],""escaped_control"":[],""literal_newline"":[],""markup_tag"":[],""printf_token"":[],""var_tag"":[]}",
HGHU-TW-000492,製作名單,執行製作人,"{""brace_token"":[],""escaped_control"":[],""literal_newline"":[],""markup_tag"":[],""printf_token"":[],""var_tag"":[]}",
HGHU-TW-000493,製作名單,"插畫由 INTI CREATES CO., LTD. 提供","{""brace_token"":[],""escaped_control"":[],""literal_newline"":[],""markup_tag"":[],""printf_token"":[],""var_tag"":[]}",
HGHU-TW-000494,製作名單,插畫家,"{""brace_token"":[],""escaped_control"":[],""literal_newline"":[],""markup_tag"":[],""printf_token"":[],""var_tag"":[]}",
HGHU-TW-000495,製作名單,製作人,"{""brace_token"":[],""escaped_control"":[],""literal_newline"":[],""markup_tag"":[],""printf_token"":[],""var_tag"":[]}",
HGHU-TW-000496,製作名單,助理,"{""brace_token"":[],""escaped_control"":[],""literal_newline"":[],""markup_tag"":[],""printf_token"":[],""var_tag"":[]}",
HGHU-TW-000497,製作名單,翻譯,"{""brace_token"":[],""escaped_control"":[],""literal_newline"":[],""markup_tag"":[],""printf_token"":[],""var_tag"":[]}",
HGHU-TW-000498,製作名單,DYS 翻譯團隊,"{""brace_token"":[],""escaped_control"":[],""literal_newline"":[],""markup_tag"":[],""printf_token"":[],""var_tag"":[]}",
HGHU-TW-000499,製作名單,額外動畫提供：,"{""brace_token"":[],""escaped_control"":[],""literal_newline"":[],""markup_tag"":[],""printf_token"":[],""var_tag"":[]}",
HGHU-TW-000500,製作名單,製作經理,"{""brace_token"":[],""escaped_control"":[],""literal_newline"":[],""markup_tag"":[],""printf_token"":[],""var_tag"":[]}",
HGHU-TW-000501,製作名單,製作協調員,"{""brace_token"":[],""escaped_control"":[],""literal_newline"":[],""markup_tag"":[],""printf_token"":[],""var_tag"":[]}",
HGHU-TW-000502,製作名單,製作人,"{""brace_token"":[],""escaped_control"":[],""literal_newline"":[],""markup_tag"":[],""printf_token"":[],""var_tag"":[]}",
HGHU-TW-000503,製作名單,動畫監督,"{""brace_token"":[],""escaped_control"":[],""literal_newline"":[],""markup_tag"":[],""printf_token"":[],""var_tag"":[]}",
HGHU-TW-000504,製作名單,動畫師,"{""brace_token"":[],""escaped_control"":[],""literal_newline"":[],""markup_tag"":[],""printf_token"":[],""var_tag"":[]}",
HGHU-TW-000505,製作名單,開發團隊寶寶,"{""brace_token"":[],""escaped_control"":[],""literal_newline"":[],""markup_tag"":[],""printf_token"":[],""var_tag"":[]}",
HGHU-TW-000506,製作名單,特別感謝,"{""brace_token"":[],""escaped_control"":[],""literal_newline"":[],""markup_tag"":[],""printf_token"":[],""var_tag"":[]}",
HGHU-TW-000507,製作名單,副總監,"{""brace_token"":[],""escaped_control"":[],""literal_newline"":[],""markup_tag"":[],""printf_token"":[],""var_tag"":[]}",
HGHU-TW-000508,製作名單,首席程式設計師,"{""brace_token"":[],""escaped_control"":[],""literal_newline"":[],""markup_tag"":[],""printf_token"":[],""var_tag"":[]}",
HGHU-TW-000509,製作名單,劇終！,"{""brace_token"":[],""escaped_control"":[],""literal_newline"":[],""markup_tag"":[],""printf_token"":[],""var_tag"":[]}",
HGHU-TW-000510,製作名單,程式設計師,"{""brace_token"":[],""escaped_control"":[],""literal_newline"":[],""markup_tag"":[],""printf_token"":[],""var_tag"":[]}",
HGHU-TW-000511,製作名單,桑塔 由 Matt & Erin Bozon 創作,"{""brace_token"":[],""escaped_control"":[],""literal_newline"":[],""markup_tag"":[],""printf_token"":[],""var_tag"":[]}",
HGHU-TW-000512,製作名單,首席關卡設計師,"{""brace_token"":[],""escaped_control"":[],""literal_newline"":[],""markup_tag"":[],""printf_token"":[],""var_tag"":[]}",
HGHU-TW-000513,製作名單,關卡設計師,"{""brace_token"":[],""escaped_control"":[],""literal_newline"":[],""markup_tag"":[],""printf_token"":[],""var_tag"":[]}",
HGHU-TW-000514,製作名單,設計師,"{""brace_token"":[],""escaped_control"":[],""literal_newline"":[],""markup_tag"":[],""printf_token"":[],""var_tag"":[]}",
HGHU-TW-000515,製作名單,3D 美術部門主管,"{""brace_token"":[],""escaped_control"":[],""literal_newline"":[],""markup_tag"":[],""printf_token"":[],""var_tag"":[]}",
HGHU-TW-000516,製作名單,首席背景美術,"{""brace_token"":[],""escaped_control"":[],""literal_newline"":[],""markup_tag"":[],""printf_token"":[],""var_tag"":[]}",
HGHU-TW-000517,製作名單,背景美術,"{""brace_token"":[],""escaped_control"":[],""literal_newline"":[],""markup_tag"":[],""printf_token"":[],""var_tag"":[]}",
HGHU-TW-000518,製作名單,技術美術,"{""brace_token"":[],""escaped_control"":[],""literal_newline"":[],""markup_tag"":[],""printf_token"":[],""var_tag"":[]}",
HGHU-TW-000519,製作名單,首席視覺特效美術,"{""brace_token"":[],""escaped_control"":[],""literal_newline"":[],""markup_tag"":[],""printf_token"":[],""var_tag"":[]}",
HGHU-TW-000520,製作名單,視覺特效美術,"{""brace_token"":[],""escaped_control"":[],""literal_newline"":[],""markup_tag"":[],""printf_token"":[],""var_tag"":[]}",
HGHU-TW-000521,製作名單,動畫主管,"{""brace_token"":[],""escaped_control"":[],""literal_newline"":[],""markup_tag"":[],""printf_token"":[],""var_tag"":[]}",
HGHU-TW-000522,製作名單,首席角色動畫師,"{""brace_token"":[],""escaped_control"":[],""literal_newline"":[],""markup_tag"":[],""printf_token"":[],""var_tag"":[]}",
HGHU-TW-000523,製作名單,由 WayForward 開發,"{""brace_token"":[],""escaped_control"":[],""literal_newline"":[],""markup_tag"":[],""printf_token"":[],""var_tag"":[]}",
HGHU-TW-000524,製作名單,角色動畫師,"{""brace_token"":[],""escaped_control"":[],""literal_newline"":[],""markup_tag"":[],""printf_token"":[],""var_tag"":[]}",
HGHU-TW-000525,製作名單,桑塔：半精靈英雄,"{""brace_token"":[],""escaped_control"":[],""literal_newline"":[],""markup_tag"":[],""printf_token"":[],""var_tag"":[]}",
HGHU-TW-000526,製作名單,由 WayForward 開發,"{""brace_token"":[],""escaped_control"":[],""literal_newline"":[],""markup_tag"":[],""printf_token"":[],""var_tag"":[]}",
HGHU-TW-000527,製作名單,額外角色設計,"{""brace_token"":[],""escaped_control"":[],""literal_newline"":[],""markup_tag"":[],""printf_token"":[],""var_tag"":[]}",
HGHU-TW-000528,製作名單,首席 UI 設計師,"{""brace_token"":[],""escaped_control"":[],""literal_newline"":[],""markup_tag"":[],""printf_token"":[],""var_tag"":[]}",
HGHU-TW-000529,製作名單,UI 設計師,"{""brace_token"":[],""escaped_control"":[],""literal_newline"":[],""markup_tag"":[],""printf_token"":[],""var_tag"":[]}",
HGHU-TW-000530,製作名單,額外概念設計,"{""brace_token"":[],""escaped_control"":[],""literal_newline"":[],""markup_tag"":[],""printf_token"":[],""var_tag"":[]}",
HGHU-TW-000531,製作名單,音樂作曲,"{""brace_token"":[],""escaped_control"":[],""literal_newline"":[],""markup_tag"":[],""printf_token"":[],""var_tag"":[]}",
HGHU-TW-000532,製作名單,由 Jake Kaufman 譜寫,"{""brace_token"":[],""escaped_control"":[],""literal_newline"":[],""markup_tag"":[],""printf_token"":[],""var_tag"":[]}",
HGHU-TW-000533,製作名單,由 Cristina Vee 演唱,"{""brace_token"":[],""escaped_control"":[],""literal_newline"":[],""markup_tag"":[],""printf_token"":[],""var_tag"":[]}",
HGHU-TW-000534,製作名單,配音員：,"{""brace_token"":[],""escaped_control"":[],""literal_newline"":[],""markup_tag"":[],""printf_token"":[],""var_tag"":[]}",
HGHU-TW-000535,製作名單,由 Cristina Vee 提供額外配音,"{""brace_token"":[],""escaped_control"":[],""literal_newline"":[],""markup_tag"":[],""printf_token"":[],""var_tag"":[]}",
HGHU-TW-000536,製作名單,音效設計,"{""brace_token"":[],""escaped_control"":[],""literal_newline"":[],""markup_tag"":[],""printf_token"":[],""var_tag"":[]}",
HGHU-TW-000537,製作名單,專案協調員/品管經理,"{""brace_token"":[],""escaped_control"":[],""literal_newline"":[],""markup_tag"":[],""printf_token"":[],""var_tag"":[]}",
HGHU-TW-000538,製作名單,品質保證測試員,"{""brace_token"":[],""escaped_control"":[],""literal_newline"":[],""markup_tag"":[],""printf_token"":[],""var_tag"":[]}",
HGHU-TW-000539,製作名單,公關/社群經理,"{""brace_token"":[],""escaped_control"":[],""literal_newline"":[],""markup_tag"":[],""printf_token"":[],""var_tag"":[]}",
HGHU-TW-000540,製作名單,支援,"{""brace_token"":[],""escaped_control"":[],""literal_newline"":[],""markup_tag"":[],""printf_token"":[],""var_tag"":[]}",
HGHU-TW-000541,製作名單,影片編輯,"{""brace_token"":[],""escaped_control"":[],""literal_newline"":[],""markup_tag"":[],""printf_token"":[],""var_tag"":[]}",
HGHU-TW-000542,製作名單,貢獻者,"{""brace_token"":[],""escaped_control"":[],""literal_newline"":[],""markup_tag"":[],""printf_token"":[],""var_tag"":[]}",
HGHU-TW-000543,製作名單,設計師/總監,"{""brace_token"":[],""escaped_control"":[],""literal_newline"":[],""markup_tag"":[],""printf_token"":[],""var_tag"":[]}",
HGHU-TW-000544,製作名單,本軟體部分版權 © 2018 The FreeType Project。版權所有。,"{""brace_token"":[],""escaped_control"":[],""literal_newline"":[],""markup_tag"":[],""printf_token"":[],""var_tag"":[]}",
HGHU-TW-000545,製作名單,"Bullet 碰撞檢測與物理引擎庫版權 © 2018 Advanced Micro Devices, Inc。","{""brace_token"":[],""escaped_control"":[],""literal_newline"":[],""markup_tag"":[],""printf_token"":[],""var_tag"":[]}",
HGHU-TW-000546,製作名單,"FMOD 音效系統，版權 © Firelight Technologies Pty, Ltd., 1994-2018。","{""brace_token"":[],""escaped_control"":[],""literal_newline"":[],""markup_tag"":[],""printf_token"":[],""var_tag"":[]}",
HGHU-TW-000547,製作名單,Simple DirectMedia Layer 版權 © 1997-2018 Sam Lantinga,"{""brace_token"":[],""escaped_control"":[],""literal_newline"":[],""markup_tag"":[],""printf_token"":[],""var_tag"":[]}",
HGHU-TW-000548,製作名單,"插畫由 INTI CREATES CO., LTD. 提供","{""brace_token"":[],""escaped_control"":[],""literal_newline"":[],""markup_tag"":[],""printf_token"":[],""var_tag"":[]}",
HGHU-TW-000549,製作名單,插畫家,"{""brace_token"":[],""escaped_control"":[],""literal_newline"":[],""markup_tag"":[],""printf_token"":[],""var_tag"":[]}",
HGHU-TW-000550,製作名單,製作人,"{""brace_token"":[],""escaped_control"":[],""literal_newline"":[],""markup_tag"":[],""printf_token"":[],""var_tag"":[]}",
HGHU-TW-000551,製作名單,助理,"{""brace_token"":[],""escaped_control"":[],""literal_newline"":[],""markup_tag"":[],""printf_token"":[],""var_tag"":[]}",
HGHU-TW-000552,製作名單,翻譯,"{""brace_token"":[],""escaped_control"":[],""literal_newline"":[],""markup_tag"":[],""printf_token"":[],""var_tag"":[]}",
HGHU-TW-000553,製作名單,DYS 翻譯團隊,"{""brace_token"":[],""escaped_control"":[],""literal_newline"":[],""markup_tag"":[],""printf_token"":[],""var_tag"":[]}",
HGHU-TW-000554,製作名單,執行製作人,"{""brace_token"":[],""escaped_control"":[],""literal_newline"":[],""markup_tag"":[],""printf_token"":[],""var_tag"":[]}",
HGHU-TW-000555,製作名單,額外動畫提供：,"{""brace_token"":[],""escaped_control"":[],""literal_newline"":[],""markup_tag"":[],""printf_token"":[],""var_tag"":[]}",
HGHU-TW-000556,製作名單,製作經理,"{""brace_token"":[],""escaped_control"":[],""literal_newline"":[],""markup_tag"":[],""printf_token"":[],""var_tag"":[]}",
HGHU-TW-000557,製作名單,製作協調員,"{""brace_token"":[],""escaped_control"":[],""literal_newline"":[],""markup_tag"":[],""printf_token"":[],""var_tag"":[]}",
HGHU-TW-000558,製作名單,動畫監督,"{""brace_token"":[],""escaped_control"":[],""literal_newline"":[],""markup_tag"":[],""printf_token"":[],""var_tag"":[]}",
HGHU-TW-000559,製作名單,動畫師,"{""brace_token"":[],""escaped_control"":[],""literal_newline"":[],""markup_tag"":[],""printf_token"":[],""var_tag"":[]}",
HGHU-TW-000560,製作名單,製作人,"{""brace_token"":[],""escaped_control"":[],""literal_newline"":[],""markup_tag"":[],""printf_token"":[],""var_tag"":[]}",
HGHU-TW-000561,製作名單,由 Oizumi Amuzio Inc. 在日本取得授權並發行。,"{""brace_token"":[],""escaped_control"":[],""literal_newline"":[],""markup_tag"":[],""printf_token"":[],""var_tag"":[]}",
HGHU-TW-000562,製作名單,經理,"{""brace_token"":[],""escaped_control"":[],""literal_newline"":[],""markup_tag"":[],""printf_token"":[],""var_tag"":[]}",
HGHU-TW-000563,製作名單,在地化,"{""brace_token"":[],""escaped_control"":[],""literal_newline"":[],""markup_tag"":[],""printf_token"":[],""var_tag"":[]}",
HGHU-TW-000564,製作名單,公關/行銷,"{""brace_token"":[],""escaped_control"":[],""literal_newline"":[],""markup_tag"":[],""printf_token"":[],""var_tag"":[]}",
HGHU-TW-000565,製作名單,網頁設計,"{""brace_token"":[],""escaped_control"":[],""literal_newline"":[],""markup_tag"":[],""printf_token"":[],""var_tag"":[]}",
HGHU-TW-000566,製作名單,譯者,"{""brace_token"":[],""escaped_control"":[],""literal_newline"":[],""markup_tag"":[],""printf_token"":[],""var_tag"":[]}",
HGHU-TW-000567,製作名單,開發團隊寶寶,"{""brace_token"":[],""escaped_control"":[],""literal_newline"":[],""markup_tag"":[],""printf_token"":[],""var_tag"":[]}",
HGHU-TW-000568,製作名單,特別感謝,"{""brace_token"":[],""escaped_control"":[],""literal_newline"":[],""markup_tag"":[],""printf_token"":[],""var_tag"":[]}",
HGHU-TW-000569,製作名單,副總監,"{""brace_token"":[],""escaped_control"":[],""literal_newline"":[],""markup_tag"":[],""printf_token"":[],""var_tag"":[]}",
HGHU-TW-000570,製作名單,桑塔：半精靈英雄 製作人員名單,"{""brace_token"":[],""escaped_control"":[],""literal_newline"":[],""markup_tag"":[],""printf_token"":[],""var_tag"":[]}",
HGHU-TW-000571,製作名單,首席程式設計師,"{""brace_token"":[],""escaped_control"":[],""literal_newline"":[],""markup_tag"":[],""printf_token"":[],""var_tag"":[]}",
HGHU-TW-000572,製作名單,劇終！,"{""brace_token"":[],""escaped_control"":[],""literal_newline"":[],""markup_tag"":[],""printf_token"":[],""var_tag"":[]}",
HGHU-TW-000573,製作名單,程式設計師,"{""brace_token"":[],""escaped_control"":[],""literal_newline"":[],""markup_tag"":[],""printf_token"":[],""var_tag"":[]}",
HGHU-TW-000574,製作名單,首席關卡設計師,"{""brace_token"":[],""escaped_control"":[],""literal_newline"":[],""markup_tag"":[],""printf_token"":[],""var_tag"":[]}",
HGHU-TW-000575,製作名單,關卡設計師,"{""brace_token"":[],""escaped_control"":[],""literal_newline"":[],""markup_tag"":[],""printf_token"":[],""var_tag"":[]}",
HGHU-TW-000576,製作名單,設計師,"{""brace_token"":[],""escaped_control"":[],""literal_newline"":[],""markup_tag"":[],""printf_token"":[],""var_tag"":[]}",
HGHU-TW-000577,製作名單,3D 美術部門主管,"{""brace_token"":[],""escaped_control"":[],""literal_newline"":[],""markup_tag"":[],""printf_token"":[],""var_tag"":[]}",
HGHU-TW-000578,製作名單,首席背景美術,"{""brace_token"":[],""escaped_control"":[],""literal_newline"":[],""markup_tag"":[],""printf_token"":[],""var_tag"":[]}",
HGHU-TW-000579,製作名單,背景美術,"{""brace_token"":[],""escaped_control"":[],""literal_newline"":[],""markup_tag"":[],""printf_token"":[],""var_tag"":[]}",
HGHU-TW-000580,製作名單,桑塔 由 Matt & Erin Bozon 創作,"{""brace_token"":[],""escaped_control"":[],""literal_newline"":[],""markup_tag"":[],""printf_token"":[],""var_tag"":[]}",
HGHU-TW-000581,製作名單,技術美術,"{""brace_token"":[],""escaped_control"":[],""literal_newline"":[],""markup_tag"":[],""printf_token"":[],""var_tag"":[]}",
HGHU-TW-000582,製作名單,首席視覺特效美術,"{""brace_token"":[],""escaped_control"":[],""literal_newline"":[],""markup_tag"":[],""printf_token"":[],""var_tag"":[]}",
HGHU-TW-000583,製作名單,視覺特效美術,"{""brace_token"":[],""escaped_control"":[],""literal_newline"":[],""markup_tag"":[],""printf_token"":[],""var_tag"":[]}",
HGHU-TW-000584,製作名單,動畫主管,"{""brace_token"":[],""escaped_control"":[],""literal_newline"":[],""markup_tag"":[],""printf_token"":[],""var_tag"":[]}",
HGHU-TW-000585,製作名單,首席角色動畫師,"{""brace_token"":[],""escaped_control"":[],""literal_newline"":[],""markup_tag"":[],""printf_token"":[],""var_tag"":[]}",
HGHU-TW-000586,製作名單,角色動畫師,"{""brace_token"":[],""escaped_control"":[],""literal_newline"":[],""markup_tag"":[],""printf_token"":[],""var_tag"":[]}",
HGHU-TW-000587,系統與介面,桑塔描述！,"{""brace_token"":[],""escaped_control"":[],""literal_newline"":[],""markup_tag"":[],""printf_token"":[],""var_tag"":[]}",
HGHU-TW-000588,系統與介面,桑塔,"{""brace_token"":[],""escaped_control"":[],""literal_newline"":[],""markup_tag"":[],""printf_token"":[],""var_tag"":[]}",
HGHU-TW-000589,系統與介面,主遊戲,"{""brace_token"":[],""escaped_control"":[],""literal_newline"":[],""markup_tag"":[],""printf_token"":[],""var_tag"":[]}",
HGHU-TW-000590,系統與介面,睡衣描述！,"{""brace_token"":[],""escaped_control"":[],""literal_newline"":[],""markup_tag"":[],""printf_token"":[],""var_tag"":[]}",
HGHU-TW-000591,系統與介面,睡衣,"{""brace_token"":[],""escaped_control"":[],""literal_newline"":[],""markup_tag"":[],""printf_token"":[],""var_tag"":[]}",
HGHU-TW-000592,系統與介面,睡衣,"{""brace_token"":[],""escaped_control"":[],""literal_newline"":[],""markup_tag"":[],""printf_token"":[],""var_tag"":[]}",
HGHU-TW-000593,系統與介面,桑塔Plus描述！,"{""brace_token"":[],""escaped_control"":[],""literal_newline"":[],""markup_tag"":[],""printf_token"":[],""var_tag"":[]}",
HGHU-TW-000594,系統與介面,桑塔 英雄模式,"{""brace_token"":[],""escaped_control"":[],""literal_newline"":[],""markup_tag"":[],""printf_token"":[],""var_tag"":[]}",
HGHU-TW-000595,系統與介面,英雄模式,"{""brace_token"":[],""escaped_control"":[],""literal_newline"":[],""markup_tag"":[],""printf_token"":[],""var_tag"":[]}",
HGHU-TW-000596,系統與介面,桑塔描述！,"{""brace_token"":[],""escaped_control"":[],""literal_newline"":[],""markup_tag"":[],""printf_token"":[],""var_tag"":[]}",
HGHU-TW-000597,系統與介面,硬核模式！,"{""brace_token"":[],""escaped_control"":[],""literal_newline"":[],""markup_tag"":[],""printf_token"":[],""var_tag"":[]}",
HGHU-TW-000598,系統與介面,硬核模式！,"{""brace_token"":[],""escaped_control"":[],""literal_newline"":[],""markup_tag"":[],""printf_token"":[],""var_tag"":[]}",
HGHU-TW-000599,系統與介面,里絲琦描述！,"{""brace_token"":[],""escaped_control"":[],""literal_newline"":[],""markup_tag"":[],""printf_token"":[],""var_tag"":[]}",
HGHU-TW-000600,系統與介面,里絲琦,"{""brace_token"":[],""escaped_control"":[],""literal_newline"":[],""markup_tag"":[],""printf_token"":[],""var_tag"":[]}",
HGHU-TW-000601,系統與介面,海盜女王的任務！,"{""brace_token"":[],""escaped_control"":[],""literal_newline"":[],""markup_tag"":[],""printf_token"":[],""var_tag"":[]}",
HGHU-TW-000602,系統與介面,夥伴描述！,"{""brace_token"":[],""escaped_control"":[],""literal_newline"":[],""markup_tag"":[],""printf_token"":[],""var_tag"":[]}",
HGHU-TW-000603,系統與介面,永遠的夥伴,"{""brace_token"":[],""escaped_control"":[],""literal_newline"":[],""markup_tag"":[],""printf_token"":[],""var_tag"":[]}",
HGHU-TW-000604,系統與介面,永遠的夥伴！,"{""brace_token"":[],""escaped_control"":[],""literal_newline"":[],""markup_tag"":[],""printf_token"":[],""var_tag"":[]}",
HGHU-TW-000605,系統與介面,忍者描述！,"{""brace_token"":[],""escaped_control"":[],""literal_newline"":[],""markup_tag"":[],""printf_token"":[],""var_tag"":[]}",
HGHU-TW-000606,系統與介面,忍者模式,"{""brace_token"":[],""escaped_control"":[],""literal_newline"":[],""markup_tag"":[],""printf_token"":[],""var_tag"":[]}",
HGHU-TW-000607,系統與介面,忍者模式,"{""brace_token"":[],""escaped_control"":[],""literal_newline"":[],""markup_tag"":[],""printf_token"":[],""var_tag"":[]}",
HGHU-TW-000608,系統與介面,沙灘女孩介紹！,"{""brace_token"":[],""escaped_control"":[],""literal_newline"":[],""markup_tag"":[],""printf_token"":[],""var_tag"":[]}",
HGHU-TW-000609,系統與介面,沙灘模式,"{""brace_token"":[],""escaped_control"":[],""literal_newline"":[],""markup_tag"":[],""printf_token"":[],""var_tag"":[]}",
HGHU-TW-000610,系統與介面,沙灘模式,"{""brace_token"":[],""escaped_control"":[],""literal_newline"":[],""markup_tag"":[],""printf_token"":[],""var_tag"":[]}",
HGHU-TW-000611,系統與介面,派蒂描述！,"{""brace_token"":[],""escaped_control"":[],""literal_newline"":[],""markup_tag"":[],""printf_token"":[],""var_tag"":[]}",
HGHU-TW-000612,系統與介面,警官模式,"{""brace_token"":[],""escaped_control"":[],""literal_newline"":[],""markup_tag"":[],""printf_token"":[],""var_tag"":[]}",
HGHU-TW-000613,系統與介面,警官模式,"{""brace_token"":[],""escaped_control"":[],""literal_newline"":[],""markup_tag"":[],""printf_token"":[],""var_tag"":[]}",
HGHU-TW-000614,DLC,夥伴描述！,"{""brace_token"":[],""escaped_control"":[],""literal_newline"":[],""markup_tag"":[],""printf_token"":[],""var_tag"":[]}",
HGHU-TW-000615,DLC,永遠的夥伴,"{""brace_token"":[],""escaped_control"":[],""literal_newline"":[],""markup_tag"":[],""printf_token"":[],""var_tag"":[]}",
HGHU-TW-000616,DLC,永遠的夥伴！,"{""brace_token"":[],""escaped_control"":[],""literal_newline"":[],""markup_tag"":[],""printf_token"":[],""var_tag"":[]}",
HGHU-TW-000617,DLC,忍者描述！,"{""brace_token"":[],""escaped_control"":[],""literal_newline"":[],""markup_tag"":[],""printf_token"":[],""var_tag"":[]}",
HGHU-TW-000618,DLC,忍者模式,"{""brace_token"":[],""escaped_control"":[],""literal_newline"":[],""markup_tag"":[],""printf_token"":[],""var_tag"":[]}",
HGHU-TW-000619,DLC,忍者模式,"{""brace_token"":[],""escaped_control"":[],""literal_newline"":[],""markup_tag"":[],""printf_token"":[],""var_tag"":[]}",
HGHU-TW-000620,DLC,海灘女孩描述！,"{""brace_token"":[],""escaped_control"":[],""literal_newline"":[],""markup_tag"":[],""printf_token"":[],""var_tag"":[]}",
HGHU-TW-000621,DLC,海灘模式,"{""brace_token"":[],""escaped_control"":[],""literal_newline"":[],""markup_tag"":[],""printf_token"":[],""var_tag"":[]}",
HGHU-TW-000622,DLC,海灘模式,"{""brace_token"":[],""escaped_control"":[],""literal_newline"":[],""markup_tag"":[],""printf_token"":[],""var_tag"":[]}",
HGHU-TW-000623,DLC,派蒂描述！,"{""brace_token"":[],""escaped_control"":[],""literal_newline"":[],""markup_tag"":[],""printf_token"":[],""var_tag"":[]}",
HGHU-TW-000624,DLC,警官模式,"{""brace_token"":[],""escaped_control"":[],""literal_newline"":[],""markup_tag"":[],""printf_token"":[],""var_tag"":[]}",
HGHU-TW-000625,DLC,警官模式,"{""brace_token"":[],""escaped_control"":[],""literal_newline"":[],""markup_tag"":[],""printf_token"":[],""var_tag"":[]}",
HGHU-TW-000626,DLC,藍色桑塔描述！,"{""brace_token"":[],""escaped_control"":[],""literal_newline"":[],""markup_tag"":[],""printf_token"":[],""var_tag"":[]}",
HGHU-TW-000627,DLC,桑塔,"{""brace_token"":[],""escaped_control"":[],""literal_newline"":[],""markup_tag"":[],""printf_token"":[],""var_tag"":[]}",
HGHU-TW-000628,DLC,主遊戲,"{""brace_token"":[],""escaped_control"":[],""literal_newline"":[],""markup_tag"":[],""printf_token"":[],""var_tag"":[]}",
HGHU-TW-000629,DLC,里絲琦復古描述！,"{""brace_token"":[],""escaped_control"":[],""literal_newline"":[],""markup_tag"":[],""printf_token"":[],""var_tag"":[]}",
HGHU-TW-000630,DLC,里絲琦,"{""brace_token"":[],""escaped_control"":[],""literal_newline"":[],""markup_tag"":[],""printf_token"":[],""var_tag"":[]}",
HGHU-TW-000631,DLC,海盜女王的任務！,"{""brace_token"":[],""escaped_control"":[],""literal_newline"":[],""markup_tag"":[],""printf_token"":[],""var_tag"":[]}",
HGHU-TW-000632,DLC,桑塔Plus描述！,"{""brace_token"":[],""escaped_control"":[],""literal_newline"":[],""markup_tag"":[],""printf_token"":[],""var_tag"":[]}",
HGHU-TW-000633,DLC,桑塔 英雄模式,"{""brace_token"":[],""escaped_control"":[],""literal_newline"":[],""markup_tag"":[],""printf_token"":[],""var_tag"":[]}",
HGHU-TW-000634,DLC,英雄模式,"{""brace_token"":[],""escaped_control"":[],""literal_newline"":[],""markup_tag"":[],""printf_token"":[],""var_tag"":[]}",
HGHU-TW-000635,DLC,桑塔描述！,"{""brace_token"":[],""escaped_control"":[],""literal_newline"":[],""markup_tag"":[],""printf_token"":[],""var_tag"":[]}",
HGHU-TW-000636,DLC,硬核模式！,"{""brace_token"":[],""escaped_control"":[],""literal_newline"":[],""markup_tag"":[],""printf_token"":[],""var_tag"":[]}",
HGHU-TW-000637,DLC,硬核模式！,"{""brace_token"":[],""escaped_control"":[],""literal_newline"":[],""markup_tag"":[],""printf_token"":[],""var_tag"":[]}",
HGHU-TW-000638,DLC,睡衣描述！,"{""brace_token"":[],""escaped_control"":[],""literal_newline"":[],""markup_tag"":[],""printf_token"":[],""var_tag"":[]}",
HGHU-TW-000639,DLC,睡衣模式,"{""brace_token"":[],""escaped_control"":[],""literal_newline"":[],""markup_tag"":[],""printf_token"":[],""var_tag"":[]}",
HGHU-TW-000640,DLC,睡衣模式,"{""brace_token"":[],""escaped_control"":[],""literal_newline"":[],""markup_tag"":[],""printf_token"":[],""var_tag"":[]}",
HGHU-TW-000641,DLC,里絲琦描述！,"{""brace_token"":[],""escaped_control"":[],""literal_newline"":[],""markup_tag"":[],""printf_token"":[],""var_tag"":[]}",
HGHU-TW-000642,DLC,里絲琦,"{""brace_token"":[],""escaped_control"":[],""literal_newline"":[],""markup_tag"":[],""printf_token"":[],""var_tag"":[]}",
HGHU-TW-000643,DLC,海盜女王的任務！,"{""brace_token"":[],""escaped_control"":[],""literal_newline"":[],""markup_tag"":[],""printf_token"":[],""var_tag"":[]}",
HGHU-TW-000644,DLC,沙灘女孩介紹！,"{""brace_token"":[],""escaped_control"":[],""literal_newline"":[],""markup_tag"":[],""printf_token"":[],""var_tag"":[]}",
HGHU-TW-000645,DLC,沙灘模式,"{""brace_token"":[],""escaped_control"":[],""literal_newline"":[],""markup_tag"":[],""printf_token"":[],""var_tag"":[]}",
HGHU-TW-000646,DLC,沙灘模式,"{""brace_token"":[],""escaped_control"":[],""literal_newline"":[],""markup_tag"":[],""printf_token"":[],""var_tag"":[]}",
HGHU-TW-000647,系統與介面,是,"{""brace_token"":[],""escaped_control"":[],""literal_newline"":[],""markup_tag"":[],""printf_token"":[],""var_tag"":[]}",
HGHU-TW-000648,系統與介面,選項,"{""brace_token"":[],""escaped_control"":[],""literal_newline"":[],""markup_tag"":[],""printf_token"":[],""var_tag"":[]}",
HGHU-TW-000649,系統與介面,音效,"{""brace_token"":[],""escaped_control"":[],""literal_newline"":[],""markup_tag"":[],""printf_token"":[],""var_tag"":[]}",
HGHU-TW-000650,系統與介面,音樂,"{""brace_token"":[],""escaped_control"":[],""literal_newline"":[],""markup_tag"":[],""printf_token"":[],""var_tag"":[]}",
HGHU-TW-000651,系統與介面,音量,"{""brace_token"":[],""escaped_control"":[],""literal_newline"":[],""markup_tag"":[],""printf_token"":[],""var_tag"":[]}",
HGHU-TW-000652,系統與介面,解析度,"{""brace_token"":[],""escaped_control"":[],""literal_newline"":[],""markup_tag"":[],""printf_token"":[],""var_tag"":[]}",
HGHU-TW-000653,系統與介面,螢幕模式,"{""brace_token"":[],""escaped_control"":[],""literal_newline"":[],""markup_tag"":[],""printf_token"":[],""var_tag"":[]}",
HGHU-TW-000654,系統與介面,視窗化,"{""brace_token"":[],""escaped_control"":[],""literal_newline"":[],""markup_tag"":[],""printf_token"":[],""var_tag"":[]}",
HGHU-TW-000655,系統與介面,全螢幕,"{""brace_token"":[],""escaped_control"":[],""literal_newline"":[],""markup_tag"":[],""printf_token"":[],""var_tag"":[]}",
HGHU-TW-000656,系統與介面,控制,"{""brace_token"":[],""escaped_control"":[],""literal_newline"":[],""markup_tag"":[],""printf_token"":[],""var_tag"":[]}",
HGHU-TW-000657,系統與介面,控制器設定,"{""brace_token"":[],""escaped_control"":[],""literal_newline"":[],""markup_tag"":[],""printf_token"":[],""var_tag"":[]}",
HGHU-TW-000658,系統與介面,沒錯！,"{""brace_token"":[],""escaped_control"":[],""literal_newline"":[],""markup_tag"":[],""printf_token"":[],""var_tag"":[]}",
HGHU-TW-000659,系統與介面,套用,"{""brace_token"":[],""escaped_control"":[],""literal_newline"":[],""markup_tag"":[],""printf_token"":[],""var_tag"":[]}",
HGHU-TW-000660,系統與介面,取消,"{""brace_token"":[],""escaped_control"":[],""literal_newline"":[],""markup_tag"":[],""printf_token"":[],""var_tag"":[]}",
HGHU-TW-000661,系統與介面,解析度已儲存。您必須重新啟動遊戲才能使設定生效。要現在重新啟動嗎？,"{""brace_token"":[],""escaped_control"":[],""literal_newline"":[],""markup_tag"":[],""printf_token"":[],""var_tag"":[]}",
HGHU-TW-000662,系統與介面,設定檔,"{""brace_token"":[],""escaped_control"":[],""literal_newline"":[],""markup_tag"":[],""printf_token"":[],""var_tag"":[]}",
HGHU-TW-000663,系統與介面,說明,"{""brace_token"":[],""escaped_control"":[],""literal_newline"":[],""markup_tag"":[],""printf_token"":[],""var_tag"":[]}",
HGHU-TW-000664,系統與介面,反鋸齒,"{""brace_token"":[],""escaped_control"":[],""literal_newline"":[],""markup_tag"":[],""printf_token"":[],""var_tag"":[]}",
HGHU-TW-000665,系統與介面,開,"{""brace_token"":[],""escaped_control"":[],""literal_newline"":[],""markup_tag"":[],""printf_token"":[],""var_tag"":[]}",
HGHU-TW-000666,系統與介面,關,"{""brace_token"":[],""escaped_control"":[],""literal_newline"":[],""markup_tag"":[],""printf_token"":[],""var_tag"":[]}",
HGHU-TW-000667,系統與介面,動態,"{""brace_token"":[],""escaped_control"":[],""literal_newline"":[],""markup_tag"":[],""printf_token"":[],""var_tag"":[]}",
HGHU-TW-000668,系統與介面,亮度,"{""brace_token"":[],""escaped_control"":[],""literal_newline"":[],""markup_tag"":[],""printf_token"":[],""var_tag"":[]}",
HGHU-TW-000669,系統與介面,試試看,"{""brace_token"":[],""escaped_control"":[],""literal_newline"":[],""markup_tag"":[],""printf_token"":[],""var_tag"":[]}",
HGHU-TW-000670,系統與介面,震動,"{""brace_token"":[],""escaped_control"":[],""literal_newline"":[],""markup_tag"":[],""printf_token"":[],""var_tag"":[]}",
HGHU-TW-000671,系統與介面,震動功能,"{""brace_token"":[],""escaped_control"":[],""literal_newline"":[],""markup_tag"":[],""printf_token"":[],""var_tag"":[]}",
HGHU-TW-000672,系統與介面,製作名單,"{""brace_token"":[],""escaped_control"":[],""literal_newline"":[],""markup_tag"":[],""printf_token"":[],""var_tag"":[]}",
HGHU-TW-000673,系統與介面,開,"{""brace_token"":[],""escaped_control"":[],""literal_newline"":[],""markup_tag"":[],""printf_token"":[],""var_tag"":[]}",
HGHU-TW-000674,系統與介面,關,"{""brace_token"":[],""escaped_control"":[],""literal_newline"":[],""markup_tag"":[],""printf_token"":[],""var_tag"":[]}",
HGHU-TW-000675,系統與介面,預設,"{""brace_token"":[],""escaped_control"":[],""literal_newline"":[],""markup_tag"":[],""printf_token"":[],""var_tag"":[]}",
HGHU-TW-000676,系統與介面,設定,"{""brace_token"":[],""escaped_control"":[],""literal_newline"":[],""markup_tag"":[],""printf_token"":[],""var_tag"":[]}",
HGHU-TW-000677,系統與介面,控制器設定,"{""brace_token"":[],""escaped_control"":[],""literal_newline"":[],""markup_tag"":[],""printf_token"":[],""var_tag"":[]}",
HGHU-TW-000678,系統與介面,取消,"{""brace_token"":[],""escaped_control"":[],""literal_newline"":[],""markup_tag"":[],""printf_token"":[],""var_tag"":[]}",
HGHU-TW-000679,系統與介面,預設值,"{""brace_token"":[],""escaped_control"":[],""literal_newline"":[],""markup_tag"":[],""printf_token"":[],""var_tag"":[]}",
HGHU-TW-000680,系統與介面,不是給你的,"{""brace_token"":[],""escaped_control"":[],""literal_newline"":[],""markup_tag"":[],""printf_token"":[],""var_tag"":[]}",
HGHU-TW-000681,系統與介面,套用,"{""brace_token"":[],""escaped_control"":[],""literal_newline"":[],""markup_tag"":[],""printf_token"":[],""var_tag"":[]}",
HGHU-TW-000682,系統與介面,鍵盤,"{""brace_token"":[],""escaped_control"":[],""literal_newline"":[],""markup_tag"":[],""printf_token"":[],""var_tag"":[]}",
HGHU-TW-000683,系統與介面,手把,"{""brace_token"":[],""escaped_control"":[],""literal_newline"":[],""markup_tag"":[],""printf_token"":[],""var_tag"":[]}",
HGHU-TW-000684,系統與介面,按下按鍵以更改為,"{""brace_token"":[],""escaped_control"":[],""literal_newline"":[],""markup_tag"":[],""printf_token"":[],""var_tag"":[]}",
HGHU-TW-000685,系統與介面,設定按鍵綁定：,"{""brace_token"":[],""escaped_control"":[],""literal_newline"":[],""markup_tag"":[],""printf_token"":[],""var_tag"":[]}",
HGHU-TW-000686,系統與介面,未綁定！,"{""brace_token"":[],""escaped_control"":[],""literal_newline"":[],""markup_tag"":[],""printf_token"":[],""var_tag"":[]}",
HGHU-TW-000687,系統與介面,開始,"{""brace_token"":[],""escaped_control"":[],""literal_newline"":[],""markup_tag"":[],""printf_token"":[],""var_tag"":[]}",
HGHU-TW-000688,系統與介面,選項,"{""brace_token"":[],""escaped_control"":[],""literal_newline"":[],""markup_tag"":[],""printf_token"":[],""var_tag"":[]}",
HGHU-TW-000689,系統與介面,額外內容,"{""brace_token"":[],""escaped_control"":[],""literal_newline"":[],""markup_tag"":[],""printf_token"":[],""var_tag"":[]}",
HGHU-TW-000690,系統與介面,離開,"{""brace_token"":[],""escaped_control"":[],""literal_newline"":[],""markup_tag"":[],""printf_token"":[],""var_tag"":[]}",
HGHU-TW-000691,系統與介面,上菜囉！,"{""brace_token"":[],""escaped_control"":[],""literal_newline"":[],""markup_tag"":[],""printf_token"":[],""var_tag"":[]}",
HGHU-TW-000692,系統與介面,額外內容,"{""brace_token"":[],""escaped_control"":[],""literal_newline"":[],""markup_tag"":[],""printf_token"":[],""var_tag"":[]}",
HGHU-TW-000693,系統與介面,製作名單,"{""brace_token"":[],""escaped_control"":[],""literal_newline"":[],""markup_tag"":[],""printf_token"":[],""var_tag"":[]}",
HGHU-TW-000694,系統與介面,贊助者名單,"{""brace_token"":[],""escaped_control"":[],""literal_newline"":[],""markup_tag"":[],""printf_token"":[],""var_tag"":[]}",
HGHU-TW-000695,系統與介面,名人堂,"{""brace_token"":[],""escaped_control"":[],""literal_newline"":[],""markup_tag"":[],""printf_token"":[],""var_tag"":[]}",
HGHU-TW-000696,系統與介面,通關畫面,"{""brace_token"":[],""escaped_control"":[],""literal_newline"":[],""markup_tag"":[],""printf_token"":[],""var_tag"":[]}",
HGHU-TW-000697,系統與介面,選擇顏色,"{""brace_token"":[],""escaped_control"":[],""literal_newline"":[],""markup_tag"":[],""printf_token"":[],""var_tag"":[]}",
HGHU-TW-000698,系統與介面,要儲存遊戲嗎？,"{""brace_token"":[],""escaped_control"":[],""literal_newline"":[],""markup_tag"":[],""printf_token"":[],""var_tag"":[]}",
HGHU-TW-000699,系統與介面,儲存中...,"{""brace_token"":[],""escaped_control"":[],""literal_newline"":[],""markup_tag"":[],""printf_token"":[],""var_tag"":[]}",
HGHU-TW-000700,系統與介面,儲存完成！,"{""brace_token"":[],""escaped_control"":[],""literal_newline"":[],""markup_tag"":[],""printf_token"":[],""var_tag"":[]}",
HGHU-TW-000701,系統與介面,儲存失敗。,"{""brace_token"":[],""escaped_control"":[],""literal_newline"":[],""markup_tag"":[],""printf_token"":[],""var_tag"":[]}",
HGHU-TW-000702,系統與介面,抱歉！,"{""brace_token"":[],""escaped_control"":[],""literal_newline"":[],""markup_tag"":[],""printf_token"":[],""var_tag"":[]}",
HGHU-TW-000703,系統與介面,重玩世界,"{""brace_token"":[],""escaped_control"":[],""literal_newline"":[],""markup_tag"":[],""printf_token"":[],""var_tag"":[]}",
HGHU-TW-000704,系統與介面,世界 %d-%d,"{""brace_token"":[],""escaped_control"":[],""literal_newline"":[],""markup_tag"":[],""printf_token"":[""%d"",""%d""],""var_tag"":[]}",
HGHU-TW-000705,系統與介面,世界 %d 頭目,"{""brace_token"":[],""escaped_control"":[],""literal_newline"":[],""markup_tag"":[],""printf_token"":[""%d""],""var_tag"":[]}",
HGHU-TW-000706,系統與介面,世界 ?-?,"{""brace_token"":[],""escaped_control"":[],""literal_newline"":[],""markup_tag"":[],""printf_token"":[],""var_tag"":[]}",
HGHU-TW-000707,系統與介面,要前往 %s 嗎？,"{""brace_token"":[],""escaped_control"":[],""literal_newline"":[],""markup_tag"":[],""printf_token"":[""%s""],""var_tag"":[]}",
HGHU-TW-000708,系統與介面,特殊 2,"{""brace_token"":[],""escaped_control"":[],""literal_newline"":[],""markup_tag"":[],""printf_token"":[],""var_tag"":[]}",
HGHU-TW-000709,系統與介面,攻擊,"{""brace_token"":[],""escaped_control"":[],""literal_newline"":[],""markup_tag"":[],""printf_token"":[],""var_tag"":[]}",
HGHU-TW-000710,系統與介面,能力,"{""brace_token"":[],""escaped_control"":[],""literal_newline"":[],""markup_tag"":[],""printf_token"":[],""var_tag"":[]}",
HGHU-TW-000711,系統與介面,確認,"{""brace_token"":[],""escaped_control"":[],""literal_newline"":[],""markup_tag"":[],""printf_token"":[],""var_tag"":[]}",
HGHU-TW-000712,系統與介面,特殊 1,"{""brace_token"":[],""escaped_control"":[],""literal_newline"":[],""markup_tag"":[],""printf_token"":[],""var_tag"":[]}",
HGHU-TW-000713,系統與介面,呃...,"{""brace_token"":[],""escaped_control"":[],""literal_newline"":[],""markup_tag"":[],""printf_token"":[],""var_tag"":[]}",
HGHU-TW-000714,系統與介面,下,"{""brace_token"":[],""escaped_control"":[],""literal_newline"":[],""markup_tag"":[],""printf_token"":[],""var_tag"":[]}",
HGHU-TW-000715,系統與介面,滑翔,"{""brace_token"":[],""escaped_control"":[],""literal_newline"":[],""markup_tag"":[],""printf_token"":[],""var_tag"":[]}",
HGHU-TW-000716,系統與介面,能力,"{""brace_token"":[],""escaped_control"":[],""literal_newline"":[],""markup_tag"":[],""printf_token"":[],""var_tag"":[]}",
HGHU-TW-000717,系統與介面,跳躍,"{""brace_token"":[],""escaped_control"":[],""literal_newline"":[],""markup_tag"":[],""printf_token"":[],""var_tag"":[]}",
HGHU-TW-000718,系統與介面,左,"{""brace_token"":[],""escaped_control"":[],""literal_newline"":[],""markup_tag"":[],""printf_token"":[],""var_tag"":[]}",
HGHU-TW-000719,系統與介面,暫停,"{""brace_token"":[],""escaped_control"":[],""literal_newline"":[],""markup_tag"":[],""printf_token"":[],""var_tag"":[]}",
HGHU-TW-000720,系統與介面,右,"{""brace_token"":[],""escaped_control"":[],""literal_newline"":[],""markup_tag"":[],""printf_token"":[],""var_tag"":[]}",
HGHU-TW-000721,系統與介面,上,"{""brace_token"":[],""escaped_control"":[],""literal_newline"":[],""markup_tag"":[],""printf_token"":[],""var_tag"":[]}",
HGHU-TW-000722,系統與介面,特殊 3,"{""brace_token"":[],""escaped_control"":[],""literal_newline"":[],""markup_tag"":[],""printf_token"":[],""var_tag"":[]}",
HGHU-TW-000723,系統與介面,向左切換,"{""brace_token"":[],""escaped_control"":[],""literal_newline"":[],""markup_tag"":[],""printf_token"":[],""var_tag"":[]}",
HGHU-TW-000724,系統與介面,什麼事？,"{""brace_token"":[],""escaped_control"":[],""literal_newline"":[],""markup_tag"":[],""printf_token"":[],""var_tag"":[]}",
HGHU-TW-000725,系統與介面,向右切換,"{""brace_token"":[],""escaped_control"":[],""literal_newline"":[],""markup_tag"":[],""printf_token"":[],""var_tag"":[]}",
HGHU-TW-000726,系統與介面,遊戲結束！,"{""brace_token"":[],""escaped_control"":[],""literal_newline"":[],""markup_tag"":[],""printf_token"":[],""var_tag"":[]}",
HGHU-TW-000727,系統與介面,繼續,"{""brace_token"":[],""escaped_control"":[],""literal_newline"":[],""markup_tag"":[],""printf_token"":[],""var_tag"":[]}",
HGHU-TW-000728,系統與介面,退出,"{""brace_token"":[],""escaped_control"":[],""literal_newline"":[],""markup_tag"":[],""printf_token"":[],""var_tag"":[]}",
HGHU-TW-000729,系統與介面,遊戲暫停,"{""brace_token"":[],""escaped_control"":[],""literal_newline"":[],""markup_tag"":[],""printf_token"":[],""var_tag"":[]}",
HGHU-TW-000730,系統與介面,繼續,"{""brace_token"":[],""escaped_control"":[],""literal_newline"":[],""markup_tag"":[],""printf_token"":[],""var_tag"":[]}",
HGHU-TW-000731,系統與介面,退出遊戲,"{""brace_token"":[],""escaped_control"":[],""literal_newline"":[],""markup_tag"":[],""printf_token"":[],""var_tag"":[]}",
HGHU-TW-000732,系統與介面,選項,"{""brace_token"":[],""escaped_control"":[],""literal_newline"":[],""markup_tag"":[],""printf_token"":[],""var_tag"":[]}",
HGHU-TW-000733,系統與介面,關卡選擇,"{""brace_token"":[],""escaped_control"":[],""literal_newline"":[],""markup_tag"":[],""printf_token"":[],""var_tag"":[]}",
HGHU-TW-000734,系統與介面,跳過教學,"{""brace_token"":[],""escaped_control"":[],""literal_newline"":[],""markup_tag"":[],""printf_token"":[],""var_tag"":[]}",
HGHU-TW-000735,系統與介面,確定？,"{""brace_token"":[],""escaped_control"":[],""literal_newline"":[],""markup_tag"":[],""printf_token"":[],""var_tag"":[]}",
HGHU-TW-000736,系統與介面,回到中樞,"{""brace_token"":[],""escaped_control"":[],""literal_newline"":[],""markup_tag"":[],""printf_token"":[],""var_tag"":[]}",
HGHU-TW-000737,系統與介面,要回到標題畫面嗎？,"{""brace_token"":[],""escaped_control"":[],""literal_newline"":[],""markup_tag"":[],""printf_token"":[],""var_tag"":[]}",
HGHU-TW-000738,系統與介面,任何未儲存的進度將會遺失。確定要退出嗎？,"{""brace_token"":[],""escaped_control"":[],""literal_newline"":[],""markup_tag"":[],""printf_token"":[],""var_tag"":[]}",
HGHU-TW-000739,系統與介面,要跳過剩餘的教學嗎？,"{""brace_token"":[],""escaped_control"":[],""literal_newline"":[],""markup_tag"":[],""printf_token"":[],""var_tag"":[]}",
HGHU-TW-000740,系統與介面,按下 <IB action=PreviousItem scale=0.5f/> 或 <IB action=NextItem scale=0.5f/> 來切換面板,"{""brace_token"":[],""escaped_control"":[],""literal_newline"":[],""markup_tag"":[""<IB action=NextItem scale=0.5f/>"",""<IB action=PreviousItem scale=0.5f/>""],""printf_token"":[],""var_tag"":[]}",
HGHU-TW-000741,系統與介面,選項,"{""brace_token"":[],""escaped_control"":[],""literal_newline"":[],""markup_tag"":[],""printf_token"":[],""var_tag"":[]}",
HGHU-TW-000742,系統與介面,退出,"{""brace_token"":[],""escaped_control"":[],""literal_newline"":[],""markup_tag"":[],""printf_token"":[],""var_tag"":[]}",
HGHU-TW-000743,系統與介面,遺跡,"{""brace_token"":[],""escaped_control"":[],""literal_newline"":[],""markup_tag"":[],""printf_token"":[],""var_tag"":[]}",
HGHU-TW-000744,系統與介面,能力,"{""brace_token"":[],""escaped_control"":[],""literal_newline"":[],""markup_tag"":[],""printf_token"":[],""var_tag"":[]}",
HGHU-TW-000745,系統與介面,舞蹈,"{""brace_token"":[],""escaped_control"":[],""literal_newline"":[],""markup_tag"":[],""printf_token"":[],""var_tag"":[]}",
HGHU-TW-000746,系統與介面,不對，在這裡！,"{""brace_token"":[],""escaped_control"":[],""literal_newline"":[],""markup_tag"":[],""printf_token"":[],""var_tag"":[]}",
HGHU-TW-000747,系統與介面,零件,"{""brace_token"":[],""escaped_control"":[],""literal_newline"":[],""markup_tag"":[],""printf_token"":[],""var_tag"":[]}",
HGHU-TW-000748,系統與介面,庫存,"{""brace_token"":[],""escaped_control"":[],""literal_newline"":[],""markup_tag"":[],""printf_token"":[],""var_tag"":[]}",
HGHU-TW-000749,系統與介面,關鍵道具,"{""brace_token"":[],""escaped_control"":[],""literal_newline"":[],""markup_tag"":[],""printf_token"":[],""var_tag"":[]}",
HGHU-TW-000750,系統與介面,寶藏,"{""brace_token"":[],""escaped_control"":[],""literal_newline"":[],""markup_tag"":[],""printf_token"":[],""var_tag"":[]}",
HGHU-TW-000751,系統與介面,使用,"{""brace_token"":[],""escaped_control"":[],""literal_newline"":[],""markup_tag"":[],""printf_token"":[],""var_tag"":[]}",
HGHU-TW-000752,系統與介面,取消,"{""brace_token"":[],""escaped_control"":[],""literal_newline"":[],""markup_tag"":[],""printf_token"":[],""var_tag"":[]}",
HGHU-TW-000753,系統與介面,要回到世界選擇畫面嗎？,"{""brace_token"":[],""escaped_control"":[],""literal_newline"":[],""markup_tag"":[],""printf_token"":[],""var_tag"":[]}",
HGHU-TW-000754,系統與介面,要回到船長室嗎？,"{""brace_token"":[],""escaped_control"":[],""literal_newline"":[],""markup_tag"":[],""printf_token"":[],""var_tag"":[]}",
HGHU-TW-000755,系統與介面,花費<hgh_f c=0>1 個黑暗魔法</hgh_f>來升級這個能力嗎？,"{""brace_token"":[],""escaped_control"":[],""literal_newline"":[],""markup_tag"":[""</hgh_f>"",""<hgh_f c=0>""],""printf_token"":[],""var_tag"":[]}",
HGHU-TW-000756,系統與介面,升級,"{""brace_token"":[],""escaped_control"":[],""literal_newline"":[],""markup_tag"":[],""printf_token"":[],""var_tag"":[]}",
HGHU-TW-000757,系統與介面,抱歉...,"{""brace_token"":[],""escaped_control"":[],""literal_newline"":[],""markup_tag"":[],""printf_token"":[],""var_tag"":[]}",
HGHU-TW-000758,系統與介面,否,"{""brace_token"":[],""escaped_control"":[],""literal_newline"":[],""markup_tag"":[],""printf_token"":[],""var_tag"":[]}",
HGHU-TW-000759,系統與介面,取消,"{""brace_token"":[],""escaped_control"":[],""literal_newline"":[],""markup_tag"":[],""printf_token"":[],""var_tag"":[]}",
HGHU-TW-000760,系統與介面,查看我們目前收集到的<hgh_f c=0>零件</hgh_f>！我們必須收集齊<hgh_f c=0>全部 5 個來征服亮片大陸</hgh_f>！,"{""brace_token"":[],""escaped_control"":[],""literal_newline"":[],""markup_tag"":[""</hgh_f>"",""</hgh_f>"",""<hgh_f c=0>"",""<hgh_f c=0>""],""printf_token"":[],""var_tag"":[]}",
HGHU-TW-000761,系統與介面,舞蹈,"{""brace_token"":[],""escaped_control"":[],""literal_newline"":[],""markup_tag"":[],""printf_token"":[],""var_tag"":[]}",
HGHU-TW-000762,系統與介面,魔法,"{""brace_token"":[],""escaped_control"":[],""literal_newline"":[],""markup_tag"":[],""printf_token"":[],""var_tag"":[]}",
HGHU-TW-000763,系統與介面,庫存,"{""brace_token"":[],""escaped_control"":[],""literal_newline"":[],""markup_tag"":[],""printf_token"":[],""var_tag"":[]}",
HGHU-TW-000764,系統與介面,生命,"{""brace_token"":[],""escaped_control"":[],""literal_newline"":[],""markup_tag"":[],""printf_token"":[],""var_tag"":[]}",
HGHU-TW-000765,系統與介面,寶石,"{""brace_token"":[],""escaped_control"":[],""literal_newline"":[],""markup_tag"":[],""printf_token"":[],""var_tag"":[]}",
HGHU-TW-000766,系統與介面,回收的道具,"{""brace_token"":[],""escaped_control"":[],""literal_newline"":[],""markup_tag"":[],""printf_token"":[],""var_tag"":[]}",
HGHU-TW-000767,系統與介面,鎖定,"{""brace_token"":[],""escaped_control"":[],""literal_newline"":[],""markup_tag"":[],""printf_token"":[],""var_tag"":[]}",
HGHU-TW-000768,系統與介面,取消,"{""brace_token"":[],""escaped_control"":[],""literal_newline"":[],""markup_tag"":[],""printf_token"":[],""var_tag"":[]}",
HGHU-TW-000769,系統與介面,殘骸！,"{""brace_token"":[],""escaped_control"":[],""literal_newline"":[],""markup_tag"":[],""printf_token"":[],""var_tag"":[]}",
HGHU-TW-000770,系統與介面,要前往 %s 嗎？,"{""brace_token"":[],""escaped_control"":[],""literal_newline"":[],""markup_tag"":[],""printf_token"":[""%s""],""var_tag"":[]}",
HGHU-TW-000771,系統與介面,要前往 %s 區域 %d 嗎？,"{""brace_token"":[],""escaped_control"":[],""literal_newline"":[],""markup_tag"":[],""printf_token"":[""%d"",""%s""],""var_tag"":[]}",
HGHU-TW-000772,系統與介面,要前往 %s 的頭目處嗎？,"{""brace_token"":[],""escaped_control"":[],""literal_newline"":[],""markup_tag"":[],""printf_token"":[""%s""],""var_tag"":[]}",
HGHU-TW-000773,系統與介面,是,"{""brace_token"":[],""escaped_control"":[],""literal_newline"":[],""markup_tag"":[],""printf_token"":[],""var_tag"":[]}",
HGHU-TW-000774,系統與介面,不了,"{""brace_token"":[],""escaped_control"":[],""literal_newline"":[],""markup_tag"":[],""printf_token"":[],""var_tag"":[]}",
HGHU-TW-000775,系統與介面,區域,"{""brace_token"":[],""escaped_control"":[],""literal_newline"":[],""markup_tag"":[],""printf_token"":[],""var_tag"":[]}",
HGHU-TW-000776,系統與介面,頭目,"{""brace_token"":[],""escaped_control"":[],""literal_newline"":[],""markup_tag"":[],""printf_token"":[],""var_tag"":[]}",
HGHU-TW-000777,系統與介面,商店,"{""brace_token"":[],""escaped_control"":[],""literal_newline"":[],""markup_tag"":[],""printf_token"":[],""var_tag"":[]}",
HGHU-TW-000778,系統與介面,是,"{""brace_token"":[],""escaped_control"":[],""literal_newline"":[],""markup_tag"":[],""printf_token"":[],""var_tag"":[]}",
HGHU-TW-000779,系統與介面,否,"{""brace_token"":[],""escaped_control"":[],""literal_newline"":[],""markup_tag"":[],""printf_token"":[],""var_tag"":[]}",
HGHU-TW-000780,系統與介面,不是！,"{""brace_token"":[],""escaped_control"":[],""literal_newline"":[],""markup_tag"":[],""printf_token"":[],""var_tag"":[]}",
HGHU-TW-000781,系統與介面,售罄！,"{""brace_token"":[],""escaped_control"":[],""literal_newline"":[],""markup_tag"":[],""printf_token"":[],""var_tag"":[]}",
HGHU-TW-000782,系統與介面,寶石不足！,"{""brace_token"":[],""escaped_control"":[],""literal_newline"":[],""markup_tag"":[],""printf_token"":[],""var_tag"":[]}",
HGHU-TW-000783,系統與介面,您沒有 %s！,"{""brace_token"":[],""escaped_control"":[],""literal_newline"":[],""markup_tag"":[],""printf_token"":[""%s""],""var_tag"":[]}",
HGHU-TW-000784,系統與介面,要用 %s 交換 %s 嗎？,"{""brace_token"":[],""escaped_control"":[],""literal_newline"":[],""markup_tag"":[],""printf_token"":[""%s"",""%s""],""var_tag"":[]}",
HGHU-TW-000785,系統與介面,花費 <I anim=ui_game:hud.anb seq=gem scale=0.75f/>%03d 購買嗎？,"{""brace_token"":[],""escaped_control"":[],""literal_newline"":[],""markup_tag"":[""<I anim=ui_game:hud.anb seq=gem scale=0.75f/>""],""printf_token"":[""%03d""],""var_tag"":[]}",
HGHU-TW-000786,系統與介面,交易,"{""brace_token"":[],""escaped_control"":[],""literal_newline"":[],""markup_tag"":[],""printf_token"":[],""var_tag"":[]}",
HGHU-TW-000787,系統與介面,離開商店！,"{""brace_token"":[],""escaped_control"":[],""literal_newline"":[],""markup_tag"":[],""printf_token"":[],""var_tag"":[]}",
HGHU-TW-000788,系統與介面,<IB action=Back scale=0.75/> 返回,"{""brace_token"":[],""escaped_control"":[],""literal_newline"":[],""markup_tag"":[""<IB action=Back scale=0.75/>""],""printf_token"":[],""var_tag"":[]}",
HGHU-TW-000789,系統與介面,<IB action=Confirm scale=0.75/> 選擇,"{""brace_token"":[],""escaped_control"":[],""literal_newline"":[],""markup_tag"":[""<IB action=Confirm scale=0.75/>""],""printf_token"":[],""var_tag"":[]}",
HGHU-TW-000790,系統與介面,<IB action=Back scale=0.75/> 取消,"{""brace_token"":[],""escaped_control"":[],""literal_newline"":[],""markup_tag"":[""<IB action=Back scale=0.75/>""],""printf_token"":[],""var_tag"":[]}",
HGHU-TW-000791,系統與介面,不可能！,"{""brace_token"":[],""escaped_control"":[],""literal_newline"":[],""markup_tag"":[],""printf_token"":[],""var_tag"":[]}",
HGHU-TW-000792,系統與介面,等級,"{""brace_token"":[],""escaped_control"":[],""literal_newline"":[],""markup_tag"":[],""printf_token"":[],""var_tag"":[]}",
HGHU-TW-000793,系統與介面,已滿,"{""brace_token"":[],""escaped_control"":[],""literal_newline"":[],""markup_tag"":[],""printf_token"":[],""var_tag"":[]}",
HGHU-TW-000794,系統與介面,獲得了<hgh_f c=0>%s</hgh_f>！,"{""brace_token"":[],""escaped_control"":[],""literal_newline"":[],""markup_tag"":[""</hgh_f>"",""<hgh_f c=0>""],""printf_token"":[""%s""],""var_tag"":[]}",
HGHU-TW-000795,系統與介面,交出了<hgh_f c=0>%s</hgh_f>！,"{""brace_token"":[],""escaped_control"":[],""literal_newline"":[],""markup_tag"":[""</hgh_f>"",""<hgh_f c=0>""],""printf_token"":[""%s""],""var_tag"":[]}",
HGHU-TW-000796,系統與介面,擊敗的海盜,"{""brace_token"":[],""escaped_control"":[],""literal_newline"":[],""markup_tag"":[],""printf_token"":[],""var_tag"":[]}",
HGHU-TW-000797,系統與介面,主街,"{""brace_token"":[],""escaped_control"":[],""literal_newline"":[],""markup_tag"":[],""printf_token"":[],""var_tag"":[]}",
HGHU-TW-000798,系統與介面,美人魚瀑布,"{""brace_token"":[],""escaped_control"":[],""literal_newline"":[],""markup_tag"":[],""printf_token"":[],""var_tag"":[]}",
HGHU-TW-000799,系統與介面,塔塞爾鎮,"{""brace_token"":[],""escaped_control"":[],""literal_newline"":[],""markup_tag"":[],""printf_token"":[],""var_tag"":[]}",
HGHU-TW-000800,系統與介面,甲殼角,"{""brace_token"":[],""escaped_control"":[],""literal_newline"":[],""markup_tag"":[],""printf_token"":[],""var_tag"":[]}",
HGHU-TW-000801,系統與介面,催眠男爵的城堡,"{""brace_token"":[],""escaped_control"":[],""literal_newline"":[],""markup_tag"":[],""printf_token"":[],""var_tag"":[]}",
HGHU-TW-000802,系統與介面,吃點吧,"{""brace_token"":[],""escaped_control"":[],""literal_newline"":[],""markup_tag"":[],""printf_token"":[],""var_tag"":[]}",
HGHU-TW-000803,系統與介面,里絲琦的藏身處,"{""brace_token"":[],""escaped_control"":[],""literal_newline"":[],""markup_tag"":[],""printf_token"":[],""var_tag"":[]}",
HGHU-TW-000804,系統與介面,斯卡托鎮廣場,"{""brace_token"":[],""escaped_control"":[],""literal_newline"":[],""markup_tag"":[],""printf_token"":[],""var_tag"":[]}",
HGHU-TW-000805,系統與介面,船長室,"{""brace_token"":[],""escaped_control"":[],""literal_newline"":[],""markup_tag"":[],""printf_token"":[],""var_tag"":[]}",
HGHU-TW-000806,系統與介面,里絲琦的藏身處,"{""brace_token"":[],""escaped_control"":[],""literal_newline"":[],""markup_tag"":[],""printf_token"":[],""var_tag"":[]}",
HGHU-TW-000807,系統與介面,主街,"{""brace_token"":[],""escaped_control"":[],""literal_newline"":[],""markup_tag"":[],""printf_token"":[],""var_tag"":[]}",
HGHU-TW-000808,系統與介面,美人魚瀑布,"{""brace_token"":[],""escaped_control"":[],""literal_newline"":[],""markup_tag"":[],""printf_token"":[],""var_tag"":[]}",
HGHU-TW-000809,系統與介面,塔塞爾鎮,"{""brace_token"":[],""escaped_control"":[],""literal_newline"":[],""markup_tag"":[],""printf_token"":[],""var_tag"":[]}",
HGHU-TW-000810,系統與介面,甲殼角,"{""brace_token"":[],""escaped_control"":[],""literal_newline"":[],""markup_tag"":[],""printf_token"":[],""var_tag"":[]}",
HGHU-TW-000811,系統與介面,催眠男爵的城堡,"{""brace_token"":[],""escaped_control"":[],""literal_newline"":[],""markup_tag"":[],""printf_token"":[],""var_tag"":[]}",
HGHU-TW-000812,系統與介面,里絲琦的藏身處,"{""brace_token"":[],""escaped_control"":[],""literal_newline"":[],""markup_tag"":[],""printf_token"":[],""var_tag"":[]}",
HGHU-TW-000813,系統與介面,什麼糖果？,"{""brace_token"":[],""escaped_control"":[],""literal_newline"":[],""markup_tag"":[],""printf_token"":[],""var_tag"":[]}",
HGHU-TW-000814,系統與介面,斯卡托鎮廣場,"{""brace_token"":[],""escaped_control"":[],""literal_newline"":[],""markup_tag"":[],""printf_token"":[],""var_tag"":[]}",
HGHU-TW-000815,系統與介面,船長室,"{""brace_token"":[],""escaped_control"":[],""literal_newline"":[],""markup_tag"":[],""printf_token"":[],""var_tag"":[]}",
HGHU-TW-000816,系統與介面,里絲琦的藏身處,"{""brace_token"":[],""escaped_control"":[],""literal_newline"":[],""markup_tag"":[],""printf_token"":[],""var_tag"":[]}",
HGHU-TW-000817,系統與介面,已安裝新 DLC：,"{""brace_token"":[],""escaped_control"":[],""literal_newline"":[],""markup_tag"":[],""printf_token"":[],""var_tag"":[]}",
HGHU-TW-000818,系統與介面,贊助者獨家內容！,"{""brace_token"":[],""escaped_control"":[],""literal_newline"":[],""markup_tag"":[],""printf_token"":[],""var_tag"":[]}",
HGHU-TW-000819,系統與介面,海盜女王的任務,"{""brace_token"":[],""escaped_control"":[],""literal_newline"":[],""markup_tag"":[],""printf_token"":[],""var_tag"":[]}",
HGHU-TW-000820,系統與介面,永遠的夥伴,"{""brace_token"":[],""escaped_control"":[],""literal_newline"":[],""markup_tag"":[],""printf_token"":[],""var_tag"":[]}",
HGHU-TW-000821,系統與介面,服裝包,"{""brace_token"":[],""escaped_control"":[],""literal_newline"":[],""markup_tag"":[],""printf_token"":[],""var_tag"":[]}",
HGHU-TW-000822,系統與介面,叮咯鬼之舞！,"{""brace_token"":[],""escaped_control"":[],""literal_newline"":[],""markup_tag"":[],""printf_token"":[],""var_tag"":[]}",
HGHU-TW-000823,系統與介面,只有贊助者才能獲得的特殊配色與獎勵！,"{""brace_token"":[],""escaped_control"":[],""literal_newline"":[],""markup_tag"":[],""printf_token"":[],""var_tag"":[]}",
HGHU-TW-000824,系統與介面,是的,"{""brace_token"":[],""escaped_control"":[],""literal_newline"":[],""markup_tag"":[],""printf_token"":[],""var_tag"":[]}",
HGHU-TW-000825,系統與介面,扮演海盜船長里絲琦‧布茲，遊玩全新的故事線！,"{""brace_token"":[],""escaped_control"":[],""literal_newline"":[],""markup_tag"":[],""printf_token"":[],""var_tag"":[]}",
HGHU-TW-000826,系統與介面,豪華角色包,"{""brace_token"":[],""escaped_control"":[],""literal_newline"":[],""markup_tag"":[],""printf_token"":[],""var_tag"":[]}",
HGHU-TW-000827,系統與介面,豪華服裝包,"{""brace_token"":[],""escaped_control"":[],""literal_newline"":[],""markup_tag"":[],""printf_token"":[],""var_tag"":[]}",
HGHU-TW-000828,系統與介面,化身叮咯鬼，在亮片大陸中翩翩起舞吧！,"{""brace_token"":[],""escaped_control"":[],""literal_newline"":[],""markup_tag"":[],""printf_token"":[],""var_tag"":[]}",
HGHU-TW-000829,系統與介面,扮演半精靈英雄桑塔，遊玩主線故事！,"{""brace_token"":[],""escaped_control"":[],""literal_newline"":[],""markup_tag"":[],""printf_token"":[],""var_tag"":[]}",
HGHU-TW-000830,系統與介面,在已解鎖主要變身形態的狀態下重溫冒險！,"{""brace_token"":[],""escaped_control"":[],""literal_newline"":[],""markup_tag"":[],""printf_token"":[],""var_tag"":[]}",
HGHU-TW-000831,系統與介面,在已解鎖主要變身形態的狀態下重溫冒險！,"{""brace_token"":[],""escaped_control"":[],""literal_newline"":[],""markup_tag"":[],""printf_token"":[],""var_tag"":[]}",
HGHU-TW-000832,系統與介面,專為渴望「復古」挑戰的玩家所設計，困難且經典的難度設定。,"{""brace_token"":[],""escaped_control"":[],""literal_newline"":[],""markup_tag"":[],""printf_token"":[],""var_tag"":[]}",
HGHU-TW-000833,系統與介面,專為渴望「復古」挑戰的玩家所設計，困難且經典的難度設定。,"{""brace_token"":[],""escaped_control"":[],""literal_newline"":[],""markup_tag"":[],""printf_token"":[],""var_tag"":[]}",
HGHU-TW-000834,系統與介面,不是,"{""brace_token"":[],""escaped_control"":[],""literal_newline"":[],""markup_tag"":[],""printf_token"":[],""var_tag"":[]}",
HGHU-TW-000835,系統與介面,扮演半精靈英雄桑塔，遊玩主線故事！,"{""brace_token"":[],""escaped_control"":[],""literal_newline"":[],""markup_tag"":[],""printf_token"":[],""var_tag"":[]}",
HGHU-TW-000836,系統與介面,準備迎接終極枕頭大戰！,"{""brace_token"":[],""escaped_control"":[],""literal_newline"":[],""markup_tag"":[],""printf_token"":[],""var_tag"":[]}",
HGHU-TW-000837,系統與介面,扮演史凱、博羅與羅蒂托普斯，展開全新的冒險！,"{""brace_token"":[],""escaped_control"":[],""literal_newline"":[],""markup_tag"":[],""printf_token"":[],""var_tag"":[]}",
HGHU-TW-000838,系統與介面,全新街機風格的冒險！以忍者的速度衝刺與斬擊！,"{""brace_token"":[],""escaped_control"":[],""literal_newline"":[],""markup_tag"":[],""printf_token"":[],""var_tag"":[]}",
HGHU-TW-000839,系統與介面,全新街機風格的冒險！前往海灘享受日光浴吧！,"{""brace_token"":[],""escaped_control"":[],""literal_newline"":[],""markup_tag"":[],""printf_token"":[],""var_tag"":[]}",
HGHU-TW-000840,系統與介面,全新街機風格冒險！換個玩法，感受不同樂趣！,"{""brace_token"":[],""escaped_control"":[],""literal_newline"":[],""markup_tag"":[],""printf_token"":[],""var_tag"":[]}",
HGHU-TW-000841,系統與介面,扮演邪惡的里絲琦‧布茲，遊玩這段另類的故事線！,"{""brace_token"":[],""escaped_control"":[],""literal_newline"":[],""markup_tag"":[],""printf_token"":[],""var_tag"":[]}",
HGHU-TW-000842,系統與介面,扮演邪惡的里絲琦‧布茲，遊玩這段另類的故事線！,"{""brace_token"":[],""escaped_control"":[],""literal_newline"":[],""markup_tag"":[],""printf_token"":[],""var_tag"":[]}",
HGHU-TW-000843,系統與介面,扮演半精靈英雄桑塔，遊玩主線故事！,"{""brace_token"":[],""escaped_control"":[],""literal_newline"":[],""markup_tag"":[],""printf_token"":[],""var_tag"":[]}",
HGHU-TW-000844,系統與介面,完成主線故事即可解鎖這個新模式！,"{""brace_token"":[],""escaped_control"":[],""literal_newline"":[],""markup_tag"":[],""printf_token"":[],""var_tag"":[]}",
HGHU-TW-000845,系統與介面,當然,"{""brace_token"":[],""escaped_control"":[],""literal_newline"":[],""markup_tag"":[],""printf_token"":[],""var_tag"":[]}",
HGHU-TW-000846,系統與介面,以桑塔 1994 年的備用配色遊玩主線故事！,"{""brace_token"":[],""escaped_control"":[],""literal_newline"":[],""markup_tag"":[],""printf_token"":[],""var_tag"":[]}",
HGHU-TW-000847,系統與介面,全新街機風格的冒險！只穿著睡衣努力生存下去！,"{""brace_token"":[],""escaped_control"":[],""literal_newline"":[],""markup_tag"":[],""printf_token"":[],""var_tag"":[]}",
HGHU-TW-000848,系統與介面,扮演史凱、博羅與羅蒂托普斯，展開全新的冒險！,"{""brace_token"":[],""escaped_control"":[],""literal_newline"":[],""markup_tag"":[],""printf_token"":[],""var_tag"":[]}",
HGHU-TW-000849,系統與介面,全新街機風格的冒險！以忍者的速度衝刺與斬擊！,"{""brace_token"":[],""escaped_control"":[],""literal_newline"":[],""markup_tag"":[],""printf_token"":[],""var_tag"":[]}",
HGHU-TW-000850,系統與介面,全新街機風格的冒險！前往海灘享受日光浴吧！,"{""brace_token"":[],""escaped_control"":[],""literal_newline"":[],""markup_tag"":[],""printf_token"":[],""var_tag"":[]}",
HGHU-TW-000851,系統與介面,全新街機風格冒險！換個玩法，感受不同樂趣！,"{""brace_token"":[],""escaped_control"":[],""literal_newline"":[],""markup_tag"":[],""printf_token"":[],""var_tag"":[]}",
HGHU-TW-000852,系統與介面,以經典的 8 位元色彩，享受里絲琦的另類故事線！,"{""brace_token"":[],""escaped_control"":[],""literal_newline"":[],""markup_tag"":[],""printf_token"":[],""var_tag"":[]}",
HGHU-TW-000853,系統與介面,扮演邪惡的里絲琦‧布茲，遊玩這段另類的故事線！,"{""brace_token"":[],""escaped_control"":[],""literal_newline"":[],""markup_tag"":[],""printf_token"":[],""var_tag"":[]}",
HGHU-TW-000854,系統與介面,敬請期待！,"{""brace_token"":[],""escaped_control"":[],""literal_newline"":[],""markup_tag"":[],""printf_token"":[],""var_tag"":[]}",
HGHU-TW-000855,系統與介面,角色選擇,"{""brace_token"":[],""escaped_control"":[],""literal_newline"":[],""markup_tag"":[],""printf_token"":[],""var_tag"":[]}",
HGHU-TW-000856,系統與介面,抱歉...,"{""brace_token"":[],""escaped_control"":[],""literal_newline"":[],""markup_tag"":[],""printf_token"":[],""var_tag"":[]}",
HGHU-TW-000857,系統與介面,檔案選擇,"{""brace_token"":[],""escaped_control"":[],""literal_newline"":[],""markup_tag"":[],""printf_token"":[],""var_tag"":[]}",
HGHU-TW-000858,系統與介面,選項,"{""brace_token"":[],""escaped_control"":[],""literal_newline"":[],""markup_tag"":[],""printf_token"":[],""var_tag"":[]}",
HGHU-TW-000859,系統與介面,世界通關！,"{""brace_token"":[],""escaped_control"":[],""literal_newline"":[],""markup_tag"":[],""printf_token"":[],""var_tag"":[]}",
HGHU-TW-000860,系統與介面,準備,"{""brace_token"":[],""escaped_control"":[],""literal_newline"":[],""markup_tag"":[],""printf_token"":[],""var_tag"":[]}",
HGHU-TW-000861,系統與介面,遊戲結束,"{""brace_token"":[],""escaped_control"":[],""literal_newline"":[],""markup_tag"":[],""printf_token"":[],""var_tag"":[]}",
HGHU-TW-000862,系統與介面,畫廊鑰匙,"{""brace_token"":[],""escaped_control"":[],""literal_newline"":[],""markup_tag"":[],""printf_token"":[],""var_tag"":[]}",
HGHU-TW-000863,系統與介面,哨子,"{""brace_token"":[],""escaped_control"":[],""literal_newline"":[],""markup_tag"":[],""printf_token"":[],""var_tag"":[]}",
HGHU-TW-000864,系統與介面,心之容器,"{""brace_token"":[],""escaped_control"":[],""literal_newline"":[],""markup_tag"":[],""printf_token"":[],""var_tag"":[]}",
HGHU-TW-000865,系統與介面,紅石,"{""brace_token"":[],""escaped_control"":[],""literal_newline"":[],""markup_tag"":[],""printf_token"":[],""var_tag"":[]}",
HGHU-TW-000866,系統與介面,綠石,"{""brace_token"":[],""escaped_control"":[],""literal_newline"":[],""markup_tag"":[],""printf_token"":[],""var_tag"":[]}",
HGHU-TW-000867,系統與介面,好的,"{""brace_token"":[],""escaped_control"":[],""literal_newline"":[],""markup_tag"":[],""printf_token"":[],""var_tag"":[]}",
HGHU-TW-000868,系統與介面,當然,"{""brace_token"":[],""escaped_control"":[],""literal_newline"":[],""markup_tag"":[],""printf_token"":[],""var_tag"":[]}",
HGHU-TW-000869,系統與介面,魔法手鐲,"{""brace_token"":[],""escaped_control"":[],""literal_newline"":[],""markup_tag"":[],""printf_token"":[],""var_tag"":[]}",
HGHU-TW-000870,系統與介面,比基尼鎧甲,"{""brace_token"":[],""escaped_control"":[],""literal_newline"":[],""markup_tag"":[],""printf_token"":[],""var_tag"":[]}",
HGHU-TW-000871,系統與介面,節拍器,"{""brace_token"":[],""escaped_control"":[],""literal_newline"":[],""markup_tag"":[],""printf_token"":[],""var_tag"":[]}",
HGHU-TW-000872,系統與介面,洗髮精,"{""brace_token"":[],""escaped_control"":[],""literal_newline"":[],""markup_tag"":[],""printf_token"":[],""var_tag"":[]}",
HGHU-TW-000873,系統與介面,超級洗髮精,"{""brace_token"":[],""escaped_control"":[],""literal_newline"":[],""markup_tag"":[],""printf_token"":[],""var_tag"":[]}",
HGHU-TW-000874,系統與介面,究極洗髮精,"{""brace_token"":[],""escaped_control"":[],""literal_newline"":[],""markup_tag"":[],""printf_token"":[],""var_tag"":[]}",
HGHU-TW-000875,系統與介面,柔滑乳霜,"{""brace_token"":[],""escaped_control"":[],""literal_newline"":[],""markup_tag"":[],""printf_token"":[],""var_tag"":[]}",
HGHU-TW-000876,系統與介面,超級柔滑乳霜,"{""brace_token"":[],""escaped_control"":[],""literal_newline"":[],""markup_tag"":[],""printf_token"":[],""var_tag"":[]}",
HGHU-TW-000877,系統與介面,究極柔滑乳霜,"{""brace_token"":[],""escaped_control"":[],""literal_newline"":[],""markup_tag"":[],""printf_token"":[],""var_tag"":[]}",
HGHU-TW-000878,系統與介面,吸引,"{""brace_token"":[],""escaped_control"":[],""literal_newline"":[],""markup_tag"":[],""printf_token"":[],""var_tag"":[]}",
HGHU-TW-000879,系統與介面,不,"{""brace_token"":[],""escaped_control"":[],""literal_newline"":[],""markup_tag"":[],""printf_token"":[],""var_tag"":[]}",
HGHU-TW-000880,系統與介面,超級吸引,"{""brace_token"":[],""escaped_control"":[],""literal_newline"":[],""markup_tag"":[],""printf_token"":[],""var_tag"":[]}",
HGHU-TW-000881,系統與介面,極限吸引,"{""brace_token"":[],""escaped_control"":[],""literal_newline"":[],""markup_tag"":[],""printf_token"":[],""var_tag"":[]}",
HGHU-TW-000882,系統與介面,跳舞欄位,"{""brace_token"":[],""escaped_control"":[],""literal_newline"":[],""markup_tag"":[],""printf_token"":[],""var_tag"":[]}",
HGHU-TW-000883,系統與介面,後撤步,"{""brace_token"":[],""escaped_control"":[],""literal_newline"":[],""markup_tag"":[],""printf_token"":[],""var_tag"":[]}",
HGHU-TW-000884,系統與介面,橘子,"{""brace_token"":[],""escaped_control"":[],""literal_newline"":[],""markup_tag"":[],""printf_token"":[],""var_tag"":[]}",
HGHU-TW-000885,系統與介面,烤肉,"{""brace_token"":[],""escaped_control"":[],""literal_newline"":[],""markup_tag"":[],""printf_token"":[],""var_tag"":[]}",
HGHU-TW-000886,系統與介面,鱷魚牛排,"{""brace_token"":[],""escaped_control"":[],""literal_newline"":[],""markup_tag"":[],""printf_token"":[],""var_tag"":[]}",
HGHU-TW-000887,系統與介面,究極藥水,"{""brace_token"":[],""escaped_control"":[],""literal_newline"":[],""markup_tag"":[],""printf_token"":[],""var_tag"":[]}",
HGHU-TW-000888,系統與介面,魔法藥水,"{""brace_token"":[],""escaped_control"":[],""literal_newline"":[],""markup_tag"":[],""printf_token"":[],""var_tag"":[]}",
HGHU-TW-000889,系統與介面,額外生命,"{""brace_token"":[],""escaped_control"":[],""literal_newline"":[],""markup_tag"":[],""printf_token"":[],""var_tag"":[]}",
HGHU-TW-000890,系統與介面,耶！,"{""brace_token"":[],""escaped_control"":[],""literal_newline"":[],""markup_tag"":[],""printf_token"":[],""var_tag"":[]}",
HGHU-TW-000891,系統與介面,猴子子彈,"{""brace_token"":[],""escaped_control"":[],""literal_newline"":[],""markup_tag"":[],""printf_token"":[],""var_tag"":[]}",
HGHU-TW-000892,系統與介面,大象踐踏,"{""brace_token"":[],""escaped_control"":[],""literal_newline"":[],""markup_tag"":[],""printf_token"":[],""var_tag"":[]}",
HGHU-TW-000893,系統與介面,螃蟹鉗子,"{""brace_token"":[],""escaped_control"":[],""literal_newline"":[],""markup_tag"":[],""printf_token"":[],""var_tag"":[]}",
HGHU-TW-000894,系統與介面,老鼠咬咬,"{""brace_token"":[],""escaped_control"":[],""literal_newline"":[],""markup_tag"":[],""printf_token"":[],""var_tag"":[]}",
HGHU-TW-000895,系統與介面,鳥身女妖之爪,"{""brace_token"":[],""escaped_control"":[],""literal_newline"":[],""markup_tag"":[],""printf_token"":[],""var_tag"":[]}",
HGHU-TW-000896,系統與介面,蝙蝠聲納,"{""brace_token"":[],""escaped_control"":[],""literal_newline"":[],""markup_tag"":[],""printf_token"":[],""var_tag"":[]}",
HGHU-TW-000897,系統與介面,瀑布遺跡,"{""brace_token"":[],""escaped_control"":[],""literal_newline"":[],""markup_tag"":[],""printf_token"":[],""var_tag"":[]}",
HGHU-TW-000898,系統與介面,蜘蛛毒液,"{""brace_token"":[],""escaped_control"":[],""literal_newline"":[],""markup_tag"":[],""printf_token"":[],""var_tag"":[]}",
HGHU-TW-000899,系統與介面,美人魚泡泡,"{""brace_token"":[],""escaped_control"":[],""literal_newline"":[],""markup_tag"":[],""printf_token"":[],""var_tag"":[]}",
HGHU-TW-000900,系統與介面,猴子之舞,"{""brace_token"":[],""escaped_control"":[],""literal_newline"":[],""markup_tag"":[],""printf_token"":[],""var_tag"":[]}",
HGHU-TW-000901,系統與介面,小心...,"{""brace_token"":[],""escaped_control"":[],""literal_newline"":[],""markup_tag"":[],""printf_token"":[],""var_tag"":[]}",
HGHU-TW-000902,系統與介面,螃蟹之舞,"{""brace_token"":[],""escaped_control"":[],""literal_newline"":[],""markup_tag"":[],""printf_token"":[],""var_tag"":[]}",
HGHU-TW-000903,系統與介面,大象之舞,"{""brace_token"":[],""escaped_control"":[],""literal_newline"":[],""markup_tag"":[],""printf_token"":[],""var_tag"":[]}",
HGHU-TW-000904,系統與介面,老鼠之舞,"{""brace_token"":[],""escaped_control"":[],""literal_newline"":[],""markup_tag"":[],""printf_token"":[],""var_tag"":[]}",
HGHU-TW-000905,系統與介面,蝙蝠之舞,"{""brace_token"":[],""escaped_control"":[],""literal_newline"":[],""markup_tag"":[],""printf_token"":[],""var_tag"":[]}",
HGHU-TW-000906,系統與介面,美人魚之舞,"{""brace_token"":[],""escaped_control"":[],""literal_newline"":[],""markup_tag"":[],""printf_token"":[],""var_tag"":[]}",
HGHU-TW-000907,系統與介面,蜘蛛之舞,"{""brace_token"":[],""escaped_control"":[],""literal_newline"":[],""markup_tag"":[],""printf_token"":[],""var_tag"":[]}",
HGHU-TW-000908,系統與介面,樹妖之舞,"{""brace_token"":[],""escaped_control"":[],""literal_newline"":[],""markup_tag"":[],""printf_token"":[],""var_tag"":[]}",
HGHU-TW-000909,系統與介面,水滴魚之舞,"{""brace_token"":[],""escaped_control"":[],""literal_newline"":[],""markup_tag"":[],""printf_token"":[],""var_tag"":[]}",
HGHU-TW-000910,系統與介面,寶石壺之舞,"{""brace_token"":[],""escaped_control"":[],""literal_newline"":[],""markup_tag"":[],""printf_token"":[],""var_tag"":[]}",
HGHU-TW-000911,系統與介面,鳥身女妖之舞,"{""brace_token"":[],""escaped_control"":[],""literal_newline"":[],""markup_tag"":[],""printf_token"":[],""var_tag"":[]}",
HGHU-TW-000912,系統與介面,還沒,"{""brace_token"":[],""escaped_control"":[],""literal_newline"":[],""markup_tag"":[],""printf_token"":[],""var_tag"":[]}",
HGHU-TW-000913,系統與介面,復甦之舞,"{""brace_token"":[],""escaped_control"":[],""literal_newline"":[],""markup_tag"":[],""printf_token"":[],""var_tag"":[]}",
HGHU-TW-000914,系統與介面,超級復甦之舞,"{""brace_token"":[],""escaped_control"":[],""literal_newline"":[],""markup_tag"":[],""printf_token"":[],""var_tag"":[]}",
HGHU-TW-000915,系統與介面,彎刀,"{""brace_token"":[],""escaped_control"":[],""literal_newline"":[],""markup_tag"":[],""printf_token"":[],""var_tag"":[]}",
HGHU-TW-000916,系統與介面,長槍球,"{""brace_token"":[],""escaped_control"":[],""literal_newline"":[],""markup_tag"":[],""printf_token"":[],""var_tag"":[]}",
HGHU-TW-000917,系統與介面,超級長槍球,"{""brace_token"":[],""escaped_control"":[],""literal_newline"":[],""markup_tag"":[],""printf_token"":[],""var_tag"":[]}",
HGHU-TW-000918,系統與介面,火球,"{""brace_token"":[],""escaped_control"":[],""literal_newline"":[],""markup_tag"":[],""printf_token"":[],""var_tag"":[]}",
HGHU-TW-000919,系統與介面,三重火球,"{""brace_token"":[],""escaped_control"":[],""literal_newline"":[],""markup_tag"":[],""printf_token"":[],""var_tag"":[]}",
HGHU-TW-000920,系統與介面,火焰噴射器,"{""brace_token"":[],""escaped_control"":[],""literal_newline"":[],""markup_tag"":[],""printf_token"":[],""var_tag"":[]}",
HGHU-TW-000921,系統與介面,泡泡,"{""brace_token"":[],""escaped_control"":[],""literal_newline"":[],""markup_tag"":[],""printf_token"":[],""var_tag"":[]}",
HGHU-TW-000922,系統與介面,鏡子,"{""brace_token"":[],""escaped_control"":[],""literal_newline"":[],""markup_tag"":[],""printf_token"":[],""var_tag"":[]}",
HGHU-TW-000923,系統與介面,工作坊,"{""brace_token"":[],""escaped_control"":[],""literal_newline"":[],""markup_tag"":[],""printf_token"":[],""var_tag"":[]}",
HGHU-TW-000924,系統與介面,無敵,"{""brace_token"":[],""escaped_control"":[],""literal_newline"":[],""markup_tag"":[],""printf_token"":[],""var_tag"":[]}",
HGHU-TW-000925,系統與介面,風暴泡芙,"{""brace_token"":[],""escaped_control"":[],""literal_newline"":[],""markup_tag"":[],""printf_token"":[],""var_tag"":[]}",
HGHU-TW-000926,系統與介面,究極泡芙,"{""brace_token"":[],""escaped_control"":[],""literal_newline"":[],""markup_tag"":[],""printf_token"":[],""var_tag"":[]}",
HGHU-TW-000927,系統與介面,超級究極泡芙,"{""brace_token"":[],""escaped_control"":[],""literal_newline"":[],""markup_tag"":[],""printf_token"":[],""var_tag"":[]}",
HGHU-TW-000928,系統與介面,抹殺,"{""brace_token"":[],""escaped_control"":[],""literal_newline"":[],""markup_tag"":[],""printf_token"":[],""var_tag"":[]}",
HGHU-TW-000929,系統與介面,傳送之舞,"{""brace_token"":[],""escaped_control"":[],""literal_newline"":[],""markup_tag"":[],""printf_token"":[],""var_tag"":[]}",
HGHU-TW-000930,系統與介面,叮咯鬼之舞,"{""brace_token"":[],""escaped_control"":[],""literal_newline"":[],""markup_tag"":[],""printf_token"":[],""var_tag"":[]}",
HGHU-TW-000931,系統與介面,叮咯鬼,"{""brace_token"":[],""escaped_control"":[],""literal_newline"":[],""markup_tag"":[],""printf_token"":[],""var_tag"":[]}",
HGHU-TW-000932,系統與介面,炸彈射擊,"{""brace_token"":[],""escaped_control"":[],""literal_newline"":[],""markup_tag"":[],""printf_token"":[],""var_tag"":[]}",
HGHU-TW-000933,系統與介面,加農砲跳躍,"{""brace_token"":[],""escaped_control"":[],""literal_newline"":[],""markup_tag"":[],""printf_token"":[],""var_tag"":[]}",
HGHU-TW-000934,系統與介面,澡堂,"{""brace_token"":[],""escaped_control"":[],""literal_newline"":[],""markup_tag"":[],""printf_token"":[],""var_tag"":[]}",
HGHU-TW-000935,系統與介面,超級加農砲,"{""brace_token"":[],""escaped_control"":[],""literal_newline"":[],""markup_tag"":[],""printf_token"":[],""var_tag"":[]}",
HGHU-TW-000936,系統與介面,海妖球,"{""brace_token"":[],""escaped_control"":[],""literal_newline"":[],""markup_tag"":[],""printf_token"":[],""var_tag"":[]}",
HGHU-TW-000937,系統與介面,海盜帽,"{""brace_token"":[],""escaped_control"":[],""literal_newline"":[],""markup_tag"":[],""printf_token"":[],""var_tag"":[]}",
HGHU-TW-000938,系統與介面,抓鉤,"{""brace_token"":[],""escaped_control"":[],""literal_newline"":[],""markup_tag"":[],""printf_token"":[],""var_tag"":[]}",
HGHU-TW-000939,系統與介面,殭屍倉鼠,"{""brace_token"":[],""escaped_control"":[],""literal_newline"":[],""markup_tag"":[],""printf_token"":[],""var_tag"":[]}",
HGHU-TW-000940,系統與介面,鐵板,"{""brace_token"":[],""escaped_control"":[],""literal_newline"":[],""markup_tag"":[],""printf_token"":[],""var_tag"":[]}",
HGHU-TW-000941,系統與介面,發電機設計圖,"{""brace_token"":[],""escaped_control"":[],""literal_newline"":[],""markup_tag"":[],""printf_token"":[],""var_tag"":[]}",
HGHU-TW-000942,系統與介面,里絲琦的絲帶,"{""brace_token"":[],""escaped_control"":[],""literal_newline"":[],""markup_tag"":[],""printf_token"":[],""var_tag"":[]}",
HGHU-TW-000943,系統與介面,里絲琦的項鍊,"{""brace_token"":[],""escaped_control"":[],""literal_newline"":[],""markup_tag"":[],""printf_token"":[],""var_tag"":[]}",
HGHU-TW-000944,系統與介面,里絲琦的袖扣,"{""brace_token"":[],""escaped_control"":[],""literal_newline"":[],""markup_tag"":[],""printf_token"":[],""var_tag"":[]}",
HGHU-TW-000945,系統與介面,史凱的孵化場,"{""brace_token"":[],""escaped_control"":[],""literal_newline"":[],""markup_tag"":[],""printf_token"":[],""var_tag"":[]}",
HGHU-TW-000946,系統與介面,里絲琦的皮帶扣,"{""brace_token"":[],""escaped_control"":[],""literal_newline"":[],""markup_tag"":[],""printf_token"":[],""var_tag"":[]}",
HGHU-TW-000947,系統與介面,銷售收據,"{""brace_token"":[],""escaped_control"":[],""literal_newline"":[],""markup_tag"":[],""printf_token"":[],""var_tag"":[]}",
HGHU-TW-000948,系統與介面,磁鐵,"{""brace_token"":[],""escaped_control"":[],""literal_newline"":[],""markup_tag"":[],""printf_token"":[],""var_tag"":[]}",
HGHU-TW-000949,系統與介面,美人魚瀑布地圖,"{""brace_token"":[],""escaped_control"":[],""literal_newline"":[],""markup_tag"":[],""printf_token"":[],""var_tag"":[]}",
HGHU-TW-000950,系統與介面,塔塞爾鎮地圖,"{""brace_token"":[],""escaped_control"":[],""literal_newline"":[],""markup_tag"":[],""printf_token"":[],""var_tag"":[]}",
HGHU-TW-000951,系統與介面,甲殼角地圖,"{""brace_token"":[],""escaped_control"":[],""literal_newline"":[],""markup_tag"":[],""printf_token"":[],""var_tag"":[]}",
HGHU-TW-000952,系統與介面,催眠男爵的城堡地圖,"{""brace_token"":[],""escaped_control"":[],""literal_newline"":[],""markup_tag"":[],""printf_token"":[],""var_tag"":[]}",
HGHU-TW-000953,系統與介面,里絲琦的藏身處地圖,"{""brace_token"":[],""escaped_control"":[],""literal_newline"":[],""markup_tag"":[],""printf_token"":[],""var_tag"":[]}",
HGHU-TW-000954,系統與介面,魔法王冠,"{""brace_token"":[],""escaped_control"":[],""literal_newline"":[],""markup_tag"":[],""printf_token"":[],""var_tag"":[]}",
HGHU-TW-000955,系統與介面,銅礦石,"{""brace_token"":[],""escaped_control"":[],""literal_newline"":[],""markup_tag"":[],""printf_token"":[],""var_tag"":[]}",
HGHU-TW-000956,系統與介面,道具店,"{""brace_token"":[],""escaped_control"":[],""literal_newline"":[],""markup_tag"":[],""printf_token"":[],""var_tag"":[]}",
HGHU-TW-000957,系統與介面,海鹽焦糖,"{""brace_token"":[],""escaped_control"":[],""literal_newline"":[],""markup_tag"":[],""printf_token"":[],""var_tag"":[]}",
HGHU-TW-000958,系統與介面,鳥飼料,"{""brace_token"":[],""escaped_control"":[],""literal_newline"":[],""markup_tag"":[],""printf_token"":[],""var_tag"":[]}",
HGHU-TW-000959,系統與介面,衛生許可證,"{""brace_token"":[],""escaped_control"":[],""literal_newline"":[],""markup_tag"":[],""printf_token"":[],""var_tag"":[]}",
HGHU-TW-000960,系統與介面,比賽門票,"{""brace_token"":[],""escaped_control"":[],""literal_newline"":[],""markup_tag"":[],""printf_token"":[],""var_tag"":[]}",
HGHU-TW-000961,系統與介面,黑暗碎片,"{""brace_token"":[],""escaped_control"":[],""literal_newline"":[],""markup_tag"":[],""printf_token"":[],""var_tag"":[]}",
HGHU-TW-000962,系統與介面,怪物蛋,"{""brace_token"":[],""escaped_control"":[],""literal_newline"":[],""markup_tag"":[],""printf_token"":[],""var_tag"":[]}",
HGHU-TW-000963,系統與介面,光明碎片,"{""brace_token"":[],""escaped_control"":[],""literal_newline"":[],""markup_tag"":[],""printf_token"":[],""var_tag"":[]}",
HGHU-TW-000964,系統與介面,棒棒糖,"{""brace_token"":[],""escaped_control"":[],""literal_newline"":[],""markup_tag"":[],""printf_token"":[],""var_tag"":[]}",
HGHU-TW-000965,系統與介面,斬首劍,"{""brace_token"":[],""escaped_control"":[],""literal_newline"":[],""markup_tag"":[],""printf_token"":[],""var_tag"":[]}",
HGHU-TW-000966,系統與介面,狡猾奶奶帽,"{""brace_token"":[],""escaped_control"":[],""literal_newline"":[],""markup_tag"":[],""printf_token"":[],""var_tag"":[]}",
HGHU-TW-000967,系統與介面,美術畫廊,"{""brace_token"":[],""escaped_control"":[],""literal_newline"":[],""markup_tag"":[],""printf_token"":[],""var_tag"":[]}",
HGHU-TW-000968,系統與介面,賽蓮之歌,"{""brace_token"":[],""escaped_control"":[],""literal_newline"":[],""markup_tag"":[],""printf_token"":[],""var_tag"":[]}",
HGHU-TW-000969,系統與介面,天鵝絨海報,"{""brace_token"":[],""escaped_control"":[],""literal_newline"":[],""markup_tag"":[],""printf_token"":[],""var_tag"":[]}",
HGHU-TW-000970,系統與介面,水滴魚小孩,"{""brace_token"":[],""escaped_control"":[],""literal_newline"":[],""markup_tag"":[],""printf_token"":[],""var_tag"":[]}",
HGHU-TW-000971,系統與介面,沉沒靈魂,"{""brace_token"":[],""escaped_control"":[],""literal_newline"":[],""markup_tag"":[],""printf_token"":[],""var_tag"":[]}",
HGHU-TW-000972,系統與介面,遺骸,"{""brace_token"":[],""escaped_control"":[],""literal_newline"":[],""markup_tag"":[],""printf_token"":[],""var_tag"":[]}",
HGHU-TW-000973,系統與介面,生病,"{""brace_token"":[],""escaped_control"":[],""literal_newline"":[],""markup_tag"":[],""printf_token"":[],""var_tag"":[]}",
HGHU-TW-000974,系統與介面,廢金屬,"{""brace_token"":[],""escaped_control"":[],""literal_newline"":[],""markup_tag"":[],""printf_token"":[],""var_tag"":[]}",
HGHU-TW-000975,系統與介面,資料晶片,"{""brace_token"":[],""escaped_control"":[],""literal_newline"":[],""markup_tag"":[],""printf_token"":[],""var_tag"":[]}",
HGHU-TW-000976,系統與介面,魷魚海報,"{""brace_token"":[],""escaped_control"":[],""literal_newline"":[],""markup_tag"":[],""printf_token"":[],""var_tag"":[]}",
HGHU-TW-000977,系統與介面,魔法偏振器,"{""brace_token"":[],""escaped_control"":[],""literal_newline"":[],""markup_tag"":[],""printf_token"":[],""var_tag"":[]}",
HGHU-TW-000978,系統與介面,概念美術,"{""brace_token"":[],""escaped_control"":[],""literal_newline"":[],""markup_tag"":[],""printf_token"":[],""var_tag"":[]}",
HGHU-TW-000979,系統與介面,不了,"{""brace_token"":[],""escaped_control"":[],""literal_newline"":[],""markup_tag"":[],""printf_token"":[],""var_tag"":[]}",
HGHU-TW-000980,系統與介面,200 寶石,"{""brace_token"":[],""escaped_control"":[],""literal_newline"":[],""markup_tag"":[],""printf_token"":[],""var_tag"":[]}",
HGHU-TW-000981,系統與介面,搜尋者,"{""brace_token"":[],""escaped_control"":[],""literal_newline"":[],""markup_tag"":[],""printf_token"":[],""var_tag"":[]}",
HGHU-TW-000982,系統與介面,散射彈,"{""brace_token"":[],""escaped_control"":[],""literal_newline"":[],""markup_tag"":[],""printf_token"":[],""var_tag"":[]}",
HGHU-TW-000983,系統與介面,彈藥帶,"{""brace_token"":[],""escaped_control"":[],""literal_newline"":[],""markup_tag"":[],""printf_token"":[],""var_tag"":[]}",
HGHU-TW-000984,系統與介面,叮咯鬼,"{""brace_token"":[],""escaped_control"":[],""literal_newline"":[],""markup_tag"":[],""printf_token"":[],""var_tag"":[]}",
HGHU-TW-000985,系統與介面,彎刀,"{""brace_token"":[],""escaped_control"":[],""literal_newline"":[],""markup_tag"":[],""printf_token"":[],""var_tag"":[]}",
HGHU-TW-000986,系統與介面,手槍傷害,"{""brace_token"":[],""escaped_control"":[],""literal_newline"":[],""markup_tag"":[],""printf_token"":[],""var_tag"":[]}",
HGHU-TW-000987,系統與介面,手槍射速,"{""brace_token"":[],""escaped_control"":[],""literal_newline"":[],""markup_tag"":[],""printf_token"":[],""var_tag"":[]}",
HGHU-TW-000988,系統與介面,生命值,"{""brace_token"":[],""escaped_control"":[],""literal_newline"":[],""markup_tag"":[],""printf_token"":[],""var_tag"":[]}",
HGHU-TW-000989,系統與介面,黑暗魔法,"{""brace_token"":[],""escaped_control"":[],""literal_newline"":[],""markup_tag"":[],""printf_token"":[],""var_tag"":[]}",
HGHU-TW-000990,系統與介面,粉絲創作,"{""brace_token"":[],""escaped_control"":[],""literal_newline"":[],""markup_tag"":[],""printf_token"":[],""var_tag"":[]}",
HGHU-TW-000991,系統與介面,精靈水晶,"{""brace_token"":[],""escaped_control"":[],""literal_newline"":[],""markup_tag"":[],""printf_token"":[],""var_tag"":[]}",
HGHU-TW-000992,系統與介面,海盜信號彈,"{""brace_token"":[],""escaped_control"":[],""literal_newline"":[],""markup_tag"":[],""printf_token"":[],""var_tag"":[]}",
HGHU-TW-000993,系統與介面,變質果醬,"{""brace_token"":[],""escaped_control"":[],""literal_newline"":[],""markup_tag"":[],""printf_token"":[],""var_tag"":[]}",
HGHU-TW-000994,系統與介面,多汁哈密瓜,"{""brace_token"":[],""escaped_control"":[],""literal_newline"":[],""markup_tag"":[],""printf_token"":[],""var_tag"":[]}",
HGHU-TW-000995,系統與介面,玉米狗,"{""brace_token"":[],""escaped_control"":[],""literal_newline"":[],""markup_tag"":[],""printf_token"":[],""var_tag"":[]}",
HGHU-TW-000996,系統與介面,鮪魚捲,"{""brace_token"":[],""escaped_control"":[],""literal_newline"":[],""markup_tag"":[],""printf_token"":[],""var_tag"":[]}",
HGHU-TW-000997,系統與介面,觸手,"{""brace_token"":[],""escaped_control"":[],""literal_newline"":[],""markup_tag"":[],""printf_token"":[],""var_tag"":[]}",
HGHU-TW-000998,系統與介面,零件 1,"{""brace_token"":[],""escaped_control"":[],""literal_newline"":[],""markup_tag"":[],""printf_token"":[],""var_tag"":[]}",
HGHU-TW-000999,系統與介面,零件 2,"{""brace_token"":[],""escaped_control"":[],""literal_newline"":[],""markup_tag"":[],""printf_token"":[],""var_tag"":[]}",
HGHU-TW-001000,系統與介面,零件 3,"{""brace_token"":[],""escaped_control"":[],""literal_newline"":[],""markup_tag"":[],""printf_token"":[],""var_tag"":[]}",
HGHU-TW-001001,系統與介面,由,"{""brace_token"":[],""escaped_control"":[],""literal_newline"":[],""markup_tag"":[],""printf_token"":[],""var_tag"":[]}",
HGHU-TW-001002,系統與介面,零件 4,"{""brace_token"":[],""escaped_control"":[],""literal_newline"":[],""markup_tag"":[],""printf_token"":[],""var_tag"":[]}",
HGHU-TW-001003,系統與介面,零件 5,"{""brace_token"":[],""escaped_control"":[],""literal_newline"":[],""markup_tag"":[],""printf_token"":[],""var_tag"":[]}",
HGHU-TW-001004,系統與介面,夢幻魷魚,"{""brace_token"":[],""escaped_control"":[],""literal_newline"":[],""markup_tag"":[],""printf_token"":[],""var_tag"":[]}",
HGHU-TW-001005,系統與介面,夢幻魷魚,"{""brace_token"":[],""escaped_control"":[],""literal_newline"":[],""markup_tag"":[],""printf_token"":[],""var_tag"":[]}",
HGHU-TW-001006,系統與介面,夢幻魷魚,"{""brace_token"":[],""escaped_control"":[],""literal_newline"":[],""markup_tag"":[],""printf_token"":[],""var_tag"":[]}",
HGHU-TW-001007,系統與介面,太空流氓,"{""brace_token"":[],""escaped_control"":[],""literal_newline"":[],""markup_tag"":[],""printf_token"":[],""var_tag"":[]}",
HGHU-TW-001008,系統與介面,夢幻魷魚,"{""brace_token"":[],""escaped_control"":[],""literal_newline"":[],""markup_tag"":[],""printf_token"":[],""var_tag"":[]}",
HGHU-TW-001009,系統與介面,索非亞三號之舞,"{""brace_token"":[],""escaped_control"":[],""literal_newline"":[],""markup_tag"":[],""printf_token"":[],""var_tag"":[]}",
HGHU-TW-001010,系統與介面,儲存,"{""brace_token"":[],""escaped_control"":[],""literal_newline"":[],""markup_tag"":[],""printf_token"":[],""var_tag"":[]}",
HGHU-TW-001011,系統與介面,旅行,"{""brace_token"":[],""escaped_control"":[],""literal_newline"":[],""markup_tag"":[],""printf_token"":[],""var_tag"":[]}",
HGHU-TW-001012,系統與介面,額外美術,"{""brace_token"":[],""escaped_control"":[],""literal_newline"":[],""markup_tag"":[],""printf_token"":[],""var_tag"":[]}",
HGHU-TW-001013,系統與介面,交談,"{""brace_token"":[],""escaped_control"":[],""literal_newline"":[],""markup_tag"":[],""printf_token"":[],""var_tag"":[]}",
HGHU-TW-001014,系統與介面,在<hgh_f c=0>猴子形態</hgh_f>攀附牆壁時，往<hgh_f c=0>遠離</hgh_f>牆壁的方向按住並按下<hgh_f c=0>攻擊</hgh_f>！,"{""brace_token"":[],""escaped_control"":[],""literal_newline"":[],""markup_tag"":[""</hgh_f>"",""</hgh_f>"",""</hgh_f>"",""<hgh_f c=0>"",""<hgh_f c=0>"",""<hgh_f c=0>""],""printf_token"":[],""var_tag"":[]}",
HGHU-TW-001015,系統與介面,化身<hgh_f c=0>大象</hgh_f>時，在空中按下<hgh_f c=0>下</hgh_f>來<hgh_f c=0>猛擊</hgh_f>！,"{""brace_token"":[],""escaped_control"":[],""literal_newline"":[],""markup_tag"":[""</hgh_f>"",""</hgh_f>"",""</hgh_f>"",""<hgh_f c=0>"",""<hgh_f c=0>"",""<hgh_f c=0>""],""printf_token"":[],""var_tag"":[]}",
HGHU-TW-001016,系統與介面,在<hgh_f c=0>螃蟹形態</hgh_f>下施展<hgh_f c=0>連續攻擊</hgh_f>和<hgh_f c=0>剪斷物體</hgh_f>！,"{""brace_token"":[],""escaped_control"":[],""literal_newline"":[],""markup_tag"":[""</hgh_f>"",""</hgh_f>"",""</hgh_f>"",""<hgh_f c=0>"",""<hgh_f c=0>"",""<hgh_f c=0>""],""printf_token"":[],""var_tag"":[]}",
HGHU-TW-001017,系統與介面,在<hgh_f c=0>老鼠形態</hgh_f>下<hgh_f c=0>輕咬</hgh_f>你的敵人！,"{""brace_token"":[],""escaped_control"":[],""literal_newline"":[],""markup_tag"":[""</hgh_f>"",""</hgh_f>"",""<hgh_f c=0>"",""<hgh_f c=0>""],""printf_token"":[],""var_tag"":[]}",
HGHU-TW-001018,系統與介面,在<hgh_f c=0>鳥身女妖形態</hgh_f>時，用這招來<hgh_f c=0>攻擊</hgh_f>對手！,"{""brace_token"":[],""escaped_control"":[],""literal_newline"":[],""markup_tag"":[""</hgh_f>"",""</hgh_f>"",""<hgh_f c=0>"",""<hgh_f c=0>""],""printf_token"":[],""var_tag"":[]}",
HGHU-TW-001019,系統與介面,化身為<hgh_f c=0>蝙蝠</hgh_f>時，用它來<hgh_f c=0>照亮</hgh_f>黑暗區域！,"{""brace_token"":[],""escaped_control"":[],""literal_newline"":[],""markup_tag"":[""</hgh_f>"",""</hgh_f>"",""<hgh_f c=0>"",""<hgh_f c=0>""],""printf_token"":[],""var_tag"":[]}",
HGHU-TW-001020,系統與介面,變成<hgh_f c=0>水棲形態</hgh_f>時，站在瀑布中按下<hgh_f c=0>上</hgh_f>！,"{""brace_token"":[],""escaped_control"":[],""literal_newline"":[],""markup_tag"":[""</hgh_f>"",""</hgh_f>"",""<hgh_f c=0>"",""<hgh_f c=0>""],""printf_token"":[],""var_tag"":[]}",
HGHU-TW-001021,系統與介面,在<hgh_f c=0>蜘蛛形態</hgh_f>下用<hgh_f c=0>強酸</hgh_f>轟擊你的敵人！,"{""brace_token"":[],""escaped_control"":[],""literal_newline"":[],""markup_tag"":[""</hgh_f>"",""</hgh_f>"",""<hgh_f c=0>"",""<hgh_f c=0>""],""printf_token"":[],""var_tag"":[]}",
HGHU-TW-001022,系統與介面,化身為<hgh_f c=0>美人魚</hgh_f>進行<hgh_f c=0>攻擊</hgh_f>或<hgh_f c=0>摧毀水下障礙物</hgh_f>！,"{""brace_token"":[],""escaped_control"":[],""literal_newline"":[],""markup_tag"":[""</hgh_f>"",""</hgh_f>"",""</hgh_f>"",""<hgh_f c=0>"",""<hgh_f c=0>"",""<hgh_f c=0>""],""printf_token"":[],""var_tag"":[]}",
HGHU-TW-001023,系統與介面,概念美術：海盜女王的任務,"{""brace_token"":[],""escaped_control"":[],""literal_newline"":[],""markup_tag"":[],""printf_token"":[],""var_tag"":[]}",
HGHU-TW-001024,系統與介面,我打賭這能打開<hgh_f c=0>美術畫廊</hgh_f>裡的一扇<hgh_f c=0>門</hgh_f>！,"{""brace_token"":[],""escaped_control"":[],""literal_newline"":[],""markup_tag"":[""</hgh_f>"",""</hgh_f>"",""<hgh_f c=0>"",""<hgh_f c=0>""],""printf_token"":[],""var_tag"":[]}",
HGHU-TW-001025,系統與介面,召喚<hgh_f c=0>扳手</hgh_f>載你一程！,"{""brace_token"":[],""escaped_control"":[],""literal_newline"":[],""markup_tag"":[""</hgh_f>"",""<hgh_f c=0>""],""printf_token"":[],""var_tag"":[]}",
HGHU-TW-001026,系統與介面,增加你的<hgh_f c=0>生命值上限</hgh_f>！,"{""brace_token"":[],""escaped_control"":[],""literal_newline"":[],""markup_tag"":[""</hgh_f>"",""<hgh_f c=0>""],""printf_token"":[],""var_tag"":[]}",
HGHU-TW-001027,系統與介面,鞭打<hgh_f c=0>紅寶石</hgh_f>將其轉換為<hgh_f c=0>心</hgh_f>！,"{""brace_token"":[],""escaped_control"":[],""literal_newline"":[],""markup_tag"":[""</hgh_f>"",""</hgh_f>"",""<hgh_f c=0>"",""<hgh_f c=0>""],""printf_token"":[],""var_tag"":[]}",
HGHU-TW-001028,系統與介面,鞭打<hgh_f c=0>綠寶石</hgh_f>將其轉換為<hgh_f c=0>魔法</hgh_f>！,"{""brace_token"":[],""escaped_control"":[],""literal_newline"":[],""markup_tag"":[""</hgh_f>"",""</hgh_f>"",""<hgh_f c=0>"",""<hgh_f c=0>""],""printf_token"":[],""var_tag"":[]}",
HGHU-TW-001029,系統與介面,使你消耗的<hgh_f c=0>魔法</hgh_f>減少<hgh_f c=0>一半</hgh_f>！,"{""brace_token"":[],""escaped_control"":[],""literal_newline"":[],""markup_tag"":[""</hgh_f>"",""</hgh_f>"",""<hgh_f c=0>"",""<hgh_f c=0>""],""printf_token"":[],""var_tag"":[]}",
HGHU-TW-001030,系統與介面,使你受到的<hgh_f c=0>傷害</hgh_f>減少<hgh_f c=0>一半</hgh_f>！,"{""brace_token"":[],""escaped_control"":[],""literal_newline"":[],""markup_tag"":[""</hgh_f>"",""</hgh_f>"",""<hgh_f c=0>"",""<hgh_f c=0>""],""printf_token"":[],""var_tag"":[]}",
HGHU-TW-001031,系統與介面,提升<hgh_f c=0>變身之舞</hgh_f>的速度！,"{""brace_token"":[],""escaped_control"":[],""literal_newline"":[],""markup_tag"":[""</hgh_f>"",""<hgh_f c=0>""],""printf_token"":[],""var_tag"":[]}",
HGHU-TW-001032,系統與介面,增加你頭髮的<hgh_f c=0>攻擊傷害</hgh_f>！,"{""brace_token"":[],""escaped_control"":[],""literal_newline"":[],""markup_tag"":[""</hgh_f>"",""<hgh_f c=0>""],""printf_token"":[],""var_tag"":[]}",
HGHU-TW-001033,系統與介面,增加你頭髮的<hgh_f c=0>攻擊傷害</hgh_f>！,"{""brace_token"":[],""escaped_control"":[],""literal_newline"":[],""markup_tag"":[""</hgh_f>"",""<hgh_f c=0>""],""printf_token"":[],""var_tag"":[]}",
HGHU-TW-001034,系統與介面,概念美術：永遠的夥伴,"{""brace_token"":[],""escaped_control"":[],""literal_newline"":[],""markup_tag"":[],""printf_token"":[],""var_tag"":[]}",
HGHU-TW-001035,系統與介面,增加你頭髮的<hgh_f c=0>攻擊傷害</hgh_f>！,"{""brace_token"":[],""escaped_control"":[],""literal_newline"":[],""markup_tag"":[""</hgh_f>"",""<hgh_f c=0>""],""printf_token"":[],""var_tag"":[]}",
HGHU-TW-001036,系統與介面,提升你頭髮的<hgh_f c=0>揮打速度</hgh_f>！,"{""brace_token"":[],""escaped_control"":[],""literal_newline"":[],""markup_tag"":[""</hgh_f>"",""<hgh_f c=0>""],""printf_token"":[],""var_tag"":[]}",
HGHU-TW-001037,系統與介面,提升你頭髮的<hgh_f c=0>揮打速度</hgh_f>！,"{""brace_token"":[],""escaped_control"":[],""literal_newline"":[],""markup_tag"":[""</hgh_f>"",""<hgh_f c=0>""],""printf_token"":[],""var_tag"":[]}",
HGHU-TW-001038,系統與介面,提升你頭髮的<hgh_f c=0>揮打速度</hgh_f>！,"{""brace_token"":[],""escaped_control"":[],""literal_newline"":[],""markup_tag"":[""</hgh_f>"",""<hgh_f c=0>""],""printf_token"":[],""var_tag"":[]}",
HGHU-TW-001039,系統與介面,自動吸取附近的寶石和心！,"{""brace_token"":[],""escaped_control"":[],""literal_newline"":[],""markup_tag"":[],""printf_token"":[],""var_tag"":[]}",
HGHU-TW-001040,系統與介面,自動吸取更遠距離的寶石和心！,"{""brace_token"":[],""escaped_control"":[],""literal_newline"":[],""markup_tag"":[],""printf_token"":[],""var_tag"":[]}",
HGHU-TW-001041,系統與介面,自動吸取相當遠距離的寶石和心！,"{""brace_token"":[],""escaped_control"":[],""literal_newline"":[],""markup_tag"":[],""printf_token"":[],""var_tag"":[]}",
HGHU-TW-001042,系統與介面,** 未使用 **,"{""brace_token"":[],""escaped_control"":[],""literal_newline"":[],""markup_tag"":[],""printf_token"":[],""var_tag"":[]}",
HGHU-TW-001043,系統與介面,** 未使用 **,"{""brace_token"":[],""escaped_control"":[],""literal_newline"":[],""markup_tag"":[],""printf_token"":[],""var_tag"":[]}",
HGHU-TW-001044,系統與介面,迅速<hgh_f c=0>閃避</hgh_f>敵人的攻擊！按下 <IB action=Dodge scale=0.5 /> 來衝刺！,"{""brace_token"":[],""escaped_control"":[],""literal_newline"":[],""markup_tag"":[""</hgh_f>"",""<IB action=Dodge scale=0.5 />"",""<hgh_f c=0>""],""printf_token"":[],""var_tag"":[]}",
HGHU-TW-001045,系統與介面,概念美術：服裝,"{""brace_token"":[],""escaped_control"":[],""literal_newline"":[],""markup_tag"":[],""printf_token"":[],""var_tag"":[]}",
HGHU-TW-001046,系統與介面,消耗<hgh_f c=0>魔法</hgh_f>來恢復部分<hgh_f c=0>生命值</hgh_f>！,"{""brace_token"":[],""escaped_control"":[],""literal_newline"":[],""markup_tag"":[""</hgh_f>"",""</hgh_f>"",""<hgh_f c=0>"",""<hgh_f c=0>""],""printf_token"":[],""var_tag"":[]}",
HGHU-TW-001047,系統與介面,消耗<hgh_f c=0>魔法</hgh_f>來恢復所有<hgh_f c=0>生命值</hgh_f>！,"{""brace_token"":[],""escaped_control"":[],""literal_newline"":[],""markup_tag"":[""</hgh_f>"",""</hgh_f>"",""<hgh_f c=0>"",""<hgh_f c=0>""],""printf_token"":[],""var_tag"":[]}",
HGHU-TW-001048,系統與介面,消耗<hgh_f c=0>魔法</hgh_f>，用這種高速環繞武器將敵人<hgh_f c=0>切成</hgh_f><hgh_f c=0>碎片</hgh_f>！,"{""brace_token"":[],""escaped_control"":[],""literal_newline"":[],""markup_tag"":[""</hgh_f>"",""</hgh_f>"",""</hgh_f>"",""<hgh_f c=0>"",""<hgh_f c=0>"",""<hgh_f c=0>""],""printf_token"":[],""var_tag"":[]}",
HGHU-TW-001049,系統與介面,一顆<hgh_f c=0>環繞球</hgh_f>保護你的身體！會消耗<hgh_f c=0>魔法</hgh_f>。,"{""brace_token"":[],""escaped_control"":[],""literal_newline"":[],""markup_tag"":[""</hgh_f>"",""</hgh_f>"",""<hgh_f c=0>"",""<hgh_f c=0>""],""printf_token"":[],""var_tag"":[]}",
HGHU-TW-001050,系統與介面,三顆<hgh_f c=0>鋼球</hgh_f>環繞你的身體！會消耗<hgh_f c=0>魔法</hgh_f>。,"{""brace_token"":[],""escaped_control"":[],""literal_newline"":[],""markup_tag"":[""</hgh_f>"",""</hgh_f>"",""<hgh_f c=0>"",""<hgh_f c=0>""],""printf_token"":[],""var_tag"":[]}",
HGHU-TW-001051,系統與介面,消耗<hgh_f c=0>魔法</hgh_f>從<hgh_f c=0>遠距離</hgh_f>燒烤你的敵人！,"{""brace_token"":[],""escaped_control"":[],""literal_newline"":[],""markup_tag"":[""</hgh_f>"",""</hgh_f>"",""<hgh_f c=0>"",""<hgh_f c=0>""],""printf_token"":[],""var_tag"":[]}",
HGHU-TW-001052,系統與介面,比以前更大的<hgh_f c=0>火球</hgh_f>覆蓋範圍！會消耗<hgh_f c=0>魔法</hgh_f>。,"{""brace_token"":[],""escaped_control"":[],""literal_newline"":[],""markup_tag"":[""</hgh_f>"",""</hgh_f>"",""<hgh_f c=0>"",""<hgh_f c=0>""],""printf_token"":[],""var_tag"":[]}",
HGHU-TW-001053,系統與介面,用重裝<hgh_f c=0>火力</hgh_f>帶來<hgh_f c=0>滋滋聲</hgh_f>！會消耗<hgh_f c=0>魔法</hgh_f>。,"{""brace_token"":[],""escaped_control"":[],""literal_newline"":[],""markup_tag"":[""</hgh_f>"",""</hgh_f>"",""</hgh_f>"",""<hgh_f c=0>"",""<hgh_f c=0>"",""<hgh_f c=0>""],""printf_token"":[],""var_tag"":[]}",
HGHU-TW-001054,系統與介面,能<hgh_f c=0>吸收</hgh_f>特定投射物的護盾！會消耗<hgh_f c=0>魔法</hgh_f>。,"{""brace_token"":[],""escaped_control"":[],""literal_newline"":[],""markup_tag"":[""</hgh_f>"",""</hgh_f>"",""<hgh_f c=0>"",""<hgh_f c=0>""],""printf_token"":[],""var_tag"":[]}",
HGHU-TW-001055,系統與介面,能將攻擊<hgh_f c=0>反彈</hgh_f>給敵人的護盾！會消耗<hgh_f c=0>魔法</hgh_f>。,"{""brace_token"":[],""escaped_control"":[],""literal_newline"":[],""markup_tag"":[""</hgh_f>"",""</hgh_f>"",""<hgh_f c=0>"",""<hgh_f c=0>""],""printf_token"":[],""var_tag"":[]}",
HGHU-TW-001056,系統與介面,真,"{""brace_token"":[],""escaped_control"":[],""literal_newline"":[],""markup_tag"":[],""printf_token"":[],""var_tag"":[]}",
HGHU-TW-001057,系統與介面,在有限時間內提供<hgh_f c=0>完全無敵</hgh_f>的護盾！會消耗<hgh_f c=0>魔法</hgh_f>。,"{""brace_token"":[],""escaped_control"":[],""literal_newline"":[],""markup_tag"":[""</hgh_f>"",""</hgh_f>"",""<hgh_f c=0>"",""<hgh_f c=0>""],""printf_token"":[],""var_tag"":[]}",
HGHU-TW-001058,系統與介面,召喚一朵<hgh_f c=0>雲</hgh_f>用<hgh_f c=0>閃電</hgh_f>打擊你的敵人！會消耗<hgh_f c=0>魔法</hgh_f>。,"{""brace_token"":[],""escaped_control"":[],""literal_newline"":[],""markup_tag"":[""</hgh_f>"",""</hgh_f>"",""</hgh_f>"",""<hgh_f c=0>"",""<hgh_f c=0>"",""<hgh_f c=0>""],""printf_token"":[],""var_tag"":[]}",
HGHU-TW-001059,系統與介面,消耗<hgh_f c=0>魔法</hgh_f>創造可以放置在任何地方的蓬鬆<hgh_f c=0>空中地雷</hgh_f>！,"{""brace_token"":[],""escaped_control"":[],""literal_newline"":[],""markup_tag"":[""</hgh_f>"",""</hgh_f>"",""<hgh_f c=0>"",""<hgh_f c=0>""],""printf_token"":[],""var_tag"":[]}",
HGHU-TW-001060,系統與介面,發射<hgh_f c=0>連續</hgh_f>的<hgh_f c=0>電流</hgh_f>電擊你的敵人！會消耗<hgh_f c=0>魔法</hgh_f>。,"{""brace_token"":[],""escaped_control"":[],""literal_newline"":[],""markup_tag"":[""</hgh_f>"",""</hgh_f>"",""</hgh_f>"",""<hgh_f c=0>"",""<hgh_f c=0>"",""<hgh_f c=0>""],""printf_token"":[],""var_tag"":[]}",
HGHU-TW-001061,系統與介面,消耗<hgh_f c=0>魔法</hgh_f>對附近的所有對手造成<hgh_f c=0>巨大傷害</hgh_f>！,"{""brace_token"":[],""escaped_control"":[],""literal_newline"":[],""markup_tag"":[""</hgh_f>"",""</hgh_f>"",""<hgh_f c=0>"",""<hgh_f c=0>""],""printf_token"":[],""var_tag"":[]}",
HGHU-TW-001062,系統與介面,跳舞以<hgh_f c=0>傳送</hgh_f>到特定<hgh_f c=0>世界</hgh_f>中先前造訪過的區域。,"{""brace_token"":[],""escaped_control"":[],""literal_newline"":[],""markup_tag"":[""</hgh_f>"",""</hgh_f>"",""<hgh_f c=0>"",""<hgh_f c=0>""],""printf_token"":[],""var_tag"":[]}",
HGHU-TW-001063,系統與介面,化身為里絲琦的一隻<hgh_f c=0>叮咯鬼</hgh_f>進行<hgh_f c=0>斬擊</hgh_f>和<hgh_f c=0>二段跳</hgh_f>！,"{""brace_token"":[],""escaped_control"":[],""literal_newline"":[],""markup_tag"":[""</hgh_f>"",""</hgh_f>"",""</hgh_f>"",""<hgh_f c=0>"",""<hgh_f c=0>"",""<hgh_f c=0>""],""printf_token"":[],""var_tag"":[]}",
HGHU-TW-001064,系統與介面,** 未使用 **,"{""brace_token"":[],""escaped_control"":[],""literal_newline"":[],""markup_tag"":[],""printf_token"":[],""var_tag"":[]}",
HGHU-TW-001065,系統與介面,哇，好可愛！叔叔正在找這個！,"{""brace_token"":[],""escaped_control"":[],""literal_newline"":[],""markup_tag"":[],""printf_token"":[],""var_tag"":[]}",
HGHU-TW-001066,系統與介面,一塊閃亮的石板，總有一天會變成倉鼠滾輪！,"{""brace_token"":[],""escaped_control"":[],""literal_newline"":[],""markup_tag"":[],""printf_token"":[],""var_tag"":[]}",
HGHU-TW-001067,系統與介面,假,"{""brace_token"":[],""escaped_control"":[],""literal_newline"":[],""markup_tag"":[],""printf_token"":[],""var_tag"":[]}",
HGHU-TW-001068,系統與介面,米米克大叔的<hgh_f c=0>發電機</hgh_f>設計圖！,"{""brace_token"":[],""escaped_control"":[],""literal_newline"":[],""markup_tag"":[""</hgh_f>"",""<hgh_f c=0>""],""printf_token"":[],""var_tag"":[]}",
HGHU-TW-001069,系統與介面,里絲琦‧布茲掉的！最好給叔叔看看！,"{""brace_token"":[],""escaped_control"":[],""literal_newline"":[],""markup_tag"":[],""printf_token"":[],""var_tag"":[]}",
HGHU-TW-001070,系統與介面,里絲琦‧布茲掉的！最好給叔叔看看！,"{""brace_token"":[],""escaped_control"":[],""literal_newline"":[],""markup_tag"":[],""printf_token"":[],""var_tag"":[]}",
HGHU-TW-001071,系統與介面,里絲琦‧布茲掉的！最好給叔叔看看！,"{""brace_token"":[],""escaped_control"":[],""literal_newline"":[],""markup_tag"":[],""printf_token"":[],""var_tag"":[]}",
HGHU-TW-001072,系統與介面,里絲琦‧布茲掉的！最好給叔叔看看！,"{""brace_token"":[],""escaped_control"":[],""literal_newline"":[],""markup_tag"":[],""printf_token"":[],""var_tag"":[]}",
HGHU-TW-001073,系統與介面,我可以用這個從<hgh_f c=0>道具店</hgh_f>領取叔叔的貨物！,"{""brace_token"":[],""escaped_control"":[],""literal_newline"":[],""markup_tag"":[""</hgh_f>"",""<hgh_f c=0>""],""printf_token"":[],""var_tag"":[]}",
HGHU-TW-001074,系統與介面,要交給米米克叔叔的貨物！把它拿到他的<hgh_f c=0>工坊</hgh_f>吧！,"{""brace_token"":[],""escaped_control"":[],""literal_newline"":[],""markup_tag"":[""</hgh_f>"",""<hgh_f c=0>""],""printf_token"":[],""var_tag"":[]}",
HGHU-TW-001075,系統與介面,最好把它帶到<hgh_f c=0>斯卡托鎮廣場</hgh_f>裡的<hgh_f c=0>史凱的房間</hgh_f>。,"{""brace_token"":[],""escaped_control"":[],""literal_newline"":[],""markup_tag"":[""</hgh_f>"",""</hgh_f>"",""<hgh_f c=0>"",""<hgh_f c=0>""],""printf_token"":[],""var_tag"":[]}",
HGHU-TW-001076,系統與介面,最好把它帶到<hgh_f c=0>斯卡托鎮廣場</hgh_f>裡的<hgh_f c=0>史凱的房間</hgh_f>。,"{""brace_token"":[],""escaped_control"":[],""literal_newline"":[],""markup_tag"":[""</hgh_f>"",""</hgh_f>"",""<hgh_f c=0>"",""<hgh_f c=0>""],""printf_token"":[],""var_tag"":[]}",
HGHU-TW-001077,系統與介面,最好把它帶到<hgh_f c=0>斯卡托鎮廣場</hgh_f>裡的<hgh_f c=0>史凱的房間</hgh_f>。,"{""brace_token"":[],""escaped_control"":[],""literal_newline"":[],""markup_tag"":[""</hgh_f>"",""</hgh_f>"",""<hgh_f c=0>"",""<hgh_f c=0>""],""printf_token"":[],""var_tag"":[]}",
HGHU-TW-001078,系統與介面,要使用鑰匙打開這扇門嗎？,"{""brace_token"":[],""escaped_control"":[],""literal_newline"":[],""markup_tag"":[],""printf_token"":[],""var_tag"":[]}",
HGHU-TW-001079,系統與介面,最好把它帶到<hgh_f c=0>斯卡托鎮廣場</hgh_f>裡的<hgh_f c=0>史凱的房間</hgh_f>。,"{""brace_token"":[],""escaped_control"":[],""literal_newline"":[],""markup_tag"":[""</hgh_f>"",""</hgh_f>"",""<hgh_f c=0>"",""<hgh_f c=0>""],""printf_token"":[],""var_tag"":[]}",
HGHU-TW-001080,系統與介面,最好把它帶到<hgh_f c=0>斯卡托鎮廣場</hgh_f>裡的<hgh_f c=0>史凱的房間</hgh_f>。,"{""brace_token"":[],""escaped_control"":[],""literal_newline"":[],""markup_tag"":[""</hgh_f>"",""</hgh_f>"",""<hgh_f c=0>"",""<hgh_f c=0>""],""printf_token"":[],""var_tag"":[]}",
HGHU-TW-001081,系統與介面,一股<hgh_f c=0>魔法</hgh_f>泉源在你體內湧現！,"{""brace_token"":[],""escaped_control"":[],""literal_newline"":[],""markup_tag"":[""</hgh_f>"",""<hgh_f c=0>""],""printf_token"":[],""var_tag"":[]}",
HGHU-TW-001082,系統與介面,這塊礦石可以為叔叔製作優質的<hgh_f c=0>電線</hgh_f>！,"{""brace_token"":[],""escaped_control"":[],""literal_newline"":[],""markup_tag"":[""</hgh_f>"",""<hgh_f c=0>""],""printf_token"":[],""var_tag"":[]}",
HGHU-TW-001083,系統與介面,即使這是給狗吃的，看起來也真的很美味！,"{""brace_token"":[],""escaped_control"":[],""literal_newline"":[],""markup_tag"":[],""printf_token"":[],""var_tag"":[]}",
HGHU-TW-001084,系統與介面,帶有沉穩香氣的金色顆粒！,"{""brace_token"":[],""escaped_control"":[],""literal_newline"":[],""markup_tag"":[],""printf_token"":[],""var_tag"":[]}",
HGHU-TW-001085,系統與介面,聲明<hgh_f c=0>主廚的餐廳</hgh_f>在法律上已經夠乾淨了！,"{""brace_token"":[],""escaped_control"":[],""literal_newline"":[],""markup_tag"":[""</hgh_f>"",""<hgh_f c=0>""],""printf_token"":[],""var_tag"":[]}",
HGHU-TW-001086,系統與介面,一張<hgh_f c=0>甲殼角</hgh_f>的<hgh_f c=0>大型比賽</hgh_f>門票！,"{""brace_token"":[],""escaped_control"":[],""literal_newline"":[],""markup_tag"":[""</hgh_f>"",""</hgh_f>"",""<hgh_f c=0>"",""<hgh_f c=0>""],""printf_token"":[],""var_tag"":[]}",
HGHU-TW-001087,系統與介面,包含<hgh_f c=0>黑暗魔法</hgh_f>。如果叔叔說他需要它...,"{""brace_token"":[],""escaped_control"":[],""literal_newline"":[],""markup_tag"":[""</hgh_f>"",""<hgh_f c=0>""],""printf_token"":[],""var_tag"":[]}",
HGHU-TW-001088,系統與介面,富含蛋白質！恢復<hgh_f c=0>大量</hgh_f>生命值！,"{""brace_token"":[],""escaped_control"":[],""literal_newline"":[],""markup_tag"":[""</hgh_f>"",""<hgh_f c=0>""],""printf_token"":[],""var_tag"":[]}",
HGHU-TW-001089,系統與介面,上鎖了！,"{""brace_token"":[],""escaped_control"":[],""literal_newline"":[],""markup_tag"":[],""printf_token"":[],""var_tag"":[]}",
HGHU-TW-001090,系統與介面,不可能！,"{""brace_token"":[],""escaped_control"":[],""literal_newline"":[],""markup_tag"":[],""printf_token"":[],""var_tag"":[]}",
HGHU-TW-001091,系統與介面,包含<hgh_f c=0>光明魔法</hgh_f>。叔叔會想看看這個的！,"{""brace_token"":[],""escaped_control"":[],""literal_newline"":[],""markup_tag"":[""</hgh_f>"",""<hgh_f c=0>""],""printf_token"":[],""var_tag"":[]}",
HGHU-TW-001092,系統與介面,方便拿著吃的棒棒糖！,"{""brace_token"":[],""escaped_control"":[],""literal_newline"":[],""markup_tag"":[],""printf_token"":[],""var_tag"":[]}",
HGHU-TW-001093,系統與介面,它不可能比這更<hgh_f c=0>鋒利</hgh_f>了。,"{""brace_token"":[],""escaped_control"":[],""literal_newline"":[],""markup_tag"":[""</hgh_f>"",""<hgh_f c=0>""],""printf_token"":[],""var_tag"":[]}",
HGHU-TW-001094,系統與介面,帽沿上方寫著<hgh_f c=0>狡猾奶奶</hgh_f>。,"{""brace_token"":[],""escaped_control"":[],""literal_newline"":[],""markup_tag"":[""</hgh_f>"",""<hgh_f c=0>""],""printf_token"":[],""var_tag"":[]}",
HGHU-TW-001095,系統與介面,呃...聽起來像是有人在水下用長號打呼！,"{""brace_token"":[],""escaped_control"":[],""literal_newline"":[],""markup_tag"":[],""printf_token"":[],""var_tag"":[]}",
HGHU-TW-001096,系統與介面,這張圖片裡的人看起來...非常健康。,"{""brace_token"":[],""escaped_control"":[],""literal_newline"":[],""markup_tag"":[],""printf_token"":[],""var_tag"":[]}",
HGHU-TW-001097,系統與介面,把這個迷路的小子帶回他<hgh_f c=0>奶奶</hgh_f>那裡吧！,"{""brace_token"":[],""escaped_control"":[],""literal_newline"":[],""markup_tag"":[""</hgh_f>"",""<hgh_f c=0>""],""printf_token"":[],""var_tag"":[]}",
HGHU-TW-001098,系統與介面,被放逐到最黑暗深處的惡靈。,"{""brace_token"":[],""escaped_control"":[],""literal_newline"":[],""markup_tag"":[],""printf_token"":[],""var_tag"":[]}",
HGHU-TW-001099,系統與介面,它看起來相當古老...,"{""brace_token"":[],""escaped_control"":[],""literal_newline"":[],""markup_tag"":[],""printf_token"":[],""var_tag"":[]}",
HGHU-TW-001100,系統與介面,有人讓你生病了！,"{""brace_token"":[],""escaped_control"":[],""literal_newline"":[],""markup_tag"":[],""printf_token"":[],""var_tag"":[]}",
HGHU-TW-001101,系統與介面,"這是《桑塔：半精靈英雄》的搶先體驗版本。
請注意，遊戲中可能存在 Bug，且 PC 效能可能會有所不同。可能會發生遊戲崩潰。遊戲內容隨時可能更動。

感謝您的遊玩，希望您會喜歡這款遊戲！","{""brace_token"":[],""escaped_control"":[],""literal_newline"":[""\n"",""\n"",""\n""],""markup_tag"":[],""printf_token"":[],""var_tag"":[]}",
HGHU-TW-001102,系統與介面,軍用級廢料，修理東西很方便！,"{""brace_token"":[],""escaped_control"":[],""literal_newline"":[],""markup_tag"":[],""printf_token"":[],""var_tag"":[]}",
HGHU-TW-001103,系統與介面,充滿維他命！恢復<hgh_f c=0>少許</hgh_f>生命值。,"{""brace_token"":[],""escaped_control"":[],""literal_newline"":[],""markup_tag"":[""</hgh_f>"",""<hgh_f c=0>""],""printf_token"":[],""var_tag"":[]}",
HGHU-TW-001104,系統與介面,美味！恢復<hgh_f c=0>極多</hgh_f>生命值！,"{""brace_token"":[],""escaped_control"":[],""literal_newline"":[],""markup_tag"":[""</hgh_f>"",""<hgh_f c=0>""],""printf_token"":[],""var_tag"":[]}",
HGHU-TW-001105,系統與介面,慢火烘烤！恢復<hgh_f c=0>很多</hgh_f>生命值！,"{""brace_token"":[],""escaped_control"":[],""literal_newline"":[],""markup_tag"":[""</hgh_f>"",""<hgh_f c=0>""],""printf_token"":[],""var_tag"":[]}",
HGHU-TW-001106,系統與介面,完全補滿<hgh_f c=0>生命值</hgh_f>和<hgh_f c=0>魔法</hgh_f>！,"{""brace_token"":[],""escaped_control"":[],""literal_newline"":[],""markup_tag"":[""</hgh_f>"",""</hgh_f>"",""<hgh_f c=0>"",""<hgh_f c=0>""],""printf_token"":[],""var_tag"":[]}",
HGHU-TW-001107,系統與介面,完全補滿<hgh_f c=0>魔法</hgh_f>？,"{""brace_token"":[],""escaped_control"":[],""literal_newline"":[],""markup_tag"":[""</hgh_f>"",""<hgh_f c=0>""],""printf_token"":[],""var_tag"":[]}",
HGHU-TW-001108,系統與介面,三入裝藥水。看看省了多少！,"{""brace_token"":[],""escaped_control"":[],""literal_newline"":[],""markup_tag"":[],""printf_token"":[],""var_tag"":[]}",
HGHU-TW-001109,系統與介面,變成<hgh_f c=0>樹妖</hgh_f>來採收<hgh_f c=0>水果</hgh_f>！,"{""brace_token"":[],""escaped_control"":[],""literal_newline"":[],""markup_tag"":[""</hgh_f>"",""</hgh_f>"",""<hgh_f c=0>"",""<hgh_f c=0>""],""printf_token"":[],""var_tag"":[]}",
HGHU-TW-001110,系統與介面,化身為<hgh_f c=0>快樂水滴魚</hgh_f>在鎮上<hgh_f c=0>彈跳</hgh_f>！,"{""brace_token"":[],""escaped_control"":[],""literal_newline"":[],""markup_tag"":[""</hgh_f>"",""</hgh_f>"",""<hgh_f c=0>"",""<hgh_f c=0>""],""printf_token"":[],""var_tag"":[]}",
HGHU-TW-001111,系統與介面,變身為<hgh_f c=0>寶石壺</hgh_f>發大財！,"{""brace_token"":[],""escaped_control"":[],""literal_newline"":[],""markup_tag"":[""</hgh_f>"",""<hgh_f c=0>""],""printf_token"":[],""var_tag"":[]}",
HGHU-TW-001112,系統與介面,"© 2018 WayForward Technologies。桑塔與桑塔的標誌皆為 Bozon 的商標。
台灣正體中文化 by AghDoo","{""brace_token"":[],""escaped_control"":[],""literal_newline"":[""\n""],""markup_tag"":[],""printf_token"":[],""var_tag"":[]}",標題畫面第二行 Credit；LF 已完成 LTB round-trip 與實機顯示驗證。
HGHU-TW-001113,系統與介面,化身為<hgh_f c=0>猴子</hgh_f><hgh_f c=0>攀爬牆壁</hgh_f>並<hgh_f c=0>跳得更高</hgh_f>！,"{""brace_token"":[],""escaped_control"":[],""literal_newline"":[],""markup_tag"":[""</hgh_f>"",""</hgh_f>"",""</hgh_f>"",""<hgh_f c=0>"",""<hgh_f c=0>"",""<hgh_f c=0>""],""printf_token"":[],""var_tag"":[]}",
HGHU-TW-001114,系統與介面,化身為<hgh_f c=0>螃蟹</hgh_f>深入<hgh_f c=0>深處</hgh_f>並<hgh_f c=0>躲藏</hgh_f>在你的<hgh_f c=0>殼</hgh_f>裡！,"{""brace_token"":[],""escaped_control"":[],""literal_newline"":[],""markup_tag"":[""</hgh_f>"",""</hgh_f>"",""</hgh_f>"",""</hgh_f>"",""<hgh_f c=0>"",""<hgh_f c=0>"",""<hgh_f c=0>"",""<hgh_f c=0>""],""printf_token"":[],""var_tag"":[]}",
HGHU-TW-001115,系統與介面,化身為強大的<hgh_f c=0>大象</hgh_f><hgh_f c=0>猛撞</hgh_f>障礙物！,"{""brace_token"":[],""escaped_control"":[],""literal_newline"":[],""markup_tag"":[""</hgh_f>"",""</hgh_f>"",""<hgh_f c=0>"",""<hgh_f c=0>""],""printf_token"":[],""var_tag"":[]}",
HGHU-TW-001116,系統與介面,化身為<hgh_f c=0>老鼠</hgh_f>探索不可思議的<hgh_f c=0>微小空間</hgh_f>！,"{""brace_token"":[],""escaped_control"":[],""literal_newline"":[],""markup_tag"":[""</hgh_f>"",""</hgh_f>"",""<hgh_f c=0>"",""<hgh_f c=0>""],""printf_token"":[],""var_tag"":[]}",
HGHU-TW-001117,系統與介面,化身為拍打翅膀的<hgh_f c=0>蝙蝠</hgh_f><hgh_f c=0>水平</hgh_f>懸浮！,"{""brace_token"":[],""escaped_control"":[],""literal_newline"":[],""markup_tag"":[""</hgh_f>"",""</hgh_f>"",""<hgh_f c=0>"",""<hgh_f c=0>""],""printf_token"":[],""var_tag"":[]}",
HGHU-TW-001118,系統與介面,化身為<hgh_f c=0>神話美人魚</hgh_f>在任何地方游泳！,"{""brace_token"":[],""escaped_control"":[],""literal_newline"":[],""markup_tag"":[""</hgh_f>"",""<hgh_f c=0>""],""printf_token"":[],""var_tag"":[]}",
HGHU-TW-001119,系統與介面,化身為<hgh_f c=0>神話蜘蛛</hgh_f>二段跳以<hgh_f c=0>抓取</hgh_f>天花板！,"{""brace_token"":[],""escaped_control"":[],""literal_newline"":[],""markup_tag"":[""</hgh_f>"",""</hgh_f>"",""<hgh_f c=0>"",""<hgh_f c=0>""],""printf_token"":[],""var_tag"":[]}",
HGHU-TW-001120,系統與介面,化身為<hgh_f c=0>神話鳥身女妖</hgh_f>翱翔天際！,"{""brace_token"":[],""escaped_control"":[],""literal_newline"":[],""markup_tag"":[""</hgh_f>"",""<hgh_f c=0>""],""printf_token"":[],""var_tag"":[]}",
HGHU-TW-001121,系統與介面,一個看起來很複雜的<hgh_f c=0>晶片</hgh_f>，上面有不尋常的形狀和設計！,"{""brace_token"":[],""escaped_control"":[],""literal_newline"":[],""markup_tag"":[""</hgh_f>"",""<hgh_f c=0>""],""printf_token"":[],""var_tag"":[]}",
HGHU-TW-001122,系統與介面,有人在一大張紙上仔細地畫了一幅色彩繽紛的<hgh_f c=0>魷魚男爵</hgh_f>肖像。,"{""brace_token"":[],""escaped_control"":[],""literal_newline"":[],""markup_tag"":[""</hgh_f>"",""<hgh_f c=0>""],""printf_token"":[],""var_tag"":[]}",
HGHU-TW-001123,系統與介面,按下  <IB action=Confirm scale=0.8f/>,"{""brace_token"":[],""escaped_control"":[],""literal_newline"":[],""markup_tag"":[""<IB action=Confirm scale=0.8f/>""],""printf_token"":[],""var_tag"":[]}",
HGHU-TW-001124,系統與介面,這東西有能力<hgh_f c=0>反轉</hgh_f>魔法的極性？希望這有用...,"{""brace_token"":[],""escaped_control"":[],""literal_newline"":[],""markup_tag"":[""</hgh_f>"",""<hgh_f c=0>""],""printf_token"":[],""var_tag"":[]}",
HGHU-TW-001125,系統與介面,200 寶石,"{""brace_token"":[],""escaped_control"":[],""literal_newline"":[],""markup_tag"":[],""printf_token"":[],""var_tag"":[]}",
HGHU-TW-001126,系統與介面,從手槍發射<hgh_f c=0>炸彈射擊</hgh_f>來摧毀<hgh_f c=0>特定物體</hgh_f>！可以升級以造成更大的爆炸！,"{""brace_token"":[],""escaped_control"":[],""literal_newline"":[],""markup_tag"":[""</hgh_f>"",""</hgh_f>"",""<hgh_f c=0>"",""<hgh_f c=0>""],""printf_token"":[],""var_tag"":[]}",
HGHU-TW-001127,系統與介面,發射<hgh_f c=0>加農砲</hgh_f>跳得比以前更高！可以升級跳得更高！,"{""brace_token"":[],""escaped_control"":[],""literal_newline"":[],""markup_tag"":[""</hgh_f>"",""<hgh_f c=0>""],""printf_token"":[],""var_tag"":[]}",
HGHU-TW-001128,系統與介面,一個可以讓人在水下移動的奇怪物體！看起來像是偷來的，不是製造出來的……那些小偷！,"{""brace_token"":[],""escaped_control"":[],""literal_newline"":[],""markup_tag"":[],""printf_token"":[],""var_tag"":[]}",
HGHU-TW-001129,系統與介面,使用你的帽子在空中輕鬆滑翔！,"{""brace_token"":[],""escaped_control"":[],""literal_newline"":[],""markup_tag"":[],""printf_token"":[],""var_tag"":[]}",
HGHU-TW-001130,系統與介面,使用抓鉤來到達難以觸及的地點！一旦固定，還能沿著天花板爬行！,"{""brace_token"":[],""escaped_control"":[],""literal_newline"":[],""markup_tag"":[],""printf_token"":[],""var_tag"":[]}",
HGHU-TW-001131,系統與介面,這種追蹤型武器會自動鎖定敵人！可以升級以提高射速。別把彈藥用光了！,"{""brace_token"":[],""escaped_control"":[],""literal_newline"":[],""markup_tag"":[],""printf_token"":[],""var_tag"":[]}",
HGHU-TW-001132,系統與介面,發射散射彈！可以升級產生範圍更大、速度更快的散射！注意你的彈藥！,"{""brace_token"":[],""escaped_control"":[],""literal_newline"":[],""markup_tag"":[],""printf_token"":[],""var_tag"":[]}",
HGHU-TW-001133,系統與介面,你的<hgh_f c=0>彈藥帶</hgh_f>只能裝這麼多彈藥。何不升級它來增加容量？,"{""brace_token"":[],""escaped_control"":[],""literal_newline"":[],""markup_tag"":[""</hgh_f>"",""<hgh_f c=0>""],""printf_token"":[],""var_tag"":[]}",
HGHU-TW-001134,系統與介面,確定要退出遊戲嗎？,"{""brace_token"":[],""escaped_control"":[],""literal_newline"":[],""markup_tag"":[],""printf_token"":[],""var_tag"":[]}",
HGHU-TW-001135,系統與介面,可以隨意部署叮咯鬼！升級這項技能可一次派出更多船員，將敵人殺個片甲不留！,"{""brace_token"":[],""escaped_control"":[],""literal_newline"":[],""markup_tag"":[],""printf_token"":[],""var_tag"":[]}",
HGHU-TW-001136,系統與介面,<hgh_f c=0>彎刀</hgh_f>在近距離能造成高傷害。升級它讓它變得更致命！,"{""brace_token"":[],""escaped_control"":[],""literal_newline"":[],""markup_tag"":[""</hgh_f>"",""<hgh_f c=0>""],""printf_token"":[],""var_tag"":[]}",
HGHU-TW-001137,系統與介面,為了更快的射速，升級你的<hgh_f c=0>手槍射速</hgh_f>！,"{""brace_token"":[],""escaped_control"":[],""literal_newline"":[],""markup_tag"":[""</hgh_f>"",""<hgh_f c=0>""],""printf_token"":[],""var_tag"":[]}",
HGHU-TW-001138,系統與介面,保持<hgh_f c=0>骷髏計量表</hgh_f>全滿以維持健康。升級它來增加總容量。,"{""brace_token"":[],""escaped_control"":[],""literal_newline"":[],""markup_tag"":[""</hgh_f>"",""<hgh_f c=0>""],""printf_token"":[],""var_tag"":[]}",
HGHU-TW-001139,系統與介面,使用<hgh_f c=0>黑暗魔法</hgh_f>來升級你的武器、工具和能力！,"{""brace_token"":[],""escaped_control"":[],""literal_newline"":[],""markup_tag"":[""</hgh_f>"",""<hgh_f c=0>""],""printf_token"":[],""var_tag"":[]}",
HGHU-TW-001140,系統與介面,我們必須找到全部 <hgh_f c=0>15 顆精靈水晶</hgh_f>才能完成任務！四處找找吧！,"{""brace_token"":[],""escaped_control"":[],""literal_newline"":[],""markup_tag"":[""</hgh_f>"",""<hgh_f c=0>""],""printf_token"":[],""var_tag"":[]}",
HGHU-TW-001141,系統與介面,使用<hgh_f c=0>海盜信號彈</hgh_f>來放棄該區域並返回家中。,"{""brace_token"":[],""escaped_control"":[],""literal_newline"":[],""markup_tag"":[""</hgh_f>"",""<hgh_f c=0>""],""printf_token"":[],""var_tag"":[]}",
HGHU-TW-001142,系統與介面,基礎的<hgh_f c=0>手槍傷害</hgh_f>並不太強。但幾次升級就能帶來巨大的改變！,"{""brace_token"":[],""escaped_control"":[],""literal_newline"":[],""markup_tag"":[""</hgh_f>"",""<hgh_f c=0>""],""printf_token"":[],""var_tag"":[]}",
HGHU-TW-001143,系統與介面,<hgh_f c=0>變質果醬</hgh_f>味道很糟，而且只能恢復極少量的生命值。,"{""brace_token"":[],""escaped_control"":[],""literal_newline"":[],""markup_tag"":[""</hgh_f>"",""<hgh_f c=0>""],""printf_token"":[],""var_tag"":[]}",
HGHU-TW-001144,系統與介面,一顆成熟且<hgh_f c=0>多汁的哈密瓜</hgh_f>，可以解渴並為身體補充能量！恢復部分生命值。,"{""brace_token"":[],""escaped_control"":[],""literal_newline"":[],""markup_tag"":[""</hgh_f>"",""<hgh_f c=0>""],""printf_token"":[],""var_tag"":[]}",
HGHU-TW-001145,系統與介面,開始,"{""brace_token"":[],""escaped_control"":[],""literal_newline"":[],""markup_tag"":[],""printf_token"":[],""var_tag"":[]}",
HGHU-TW-001146,系統與介面,想吃插在棍子上的神秘肉嗎？來根<hgh_f c=0>玉米狗</hgh_f>吧！恢復部分生命值。,"{""brace_token"":[],""escaped_control"":[],""literal_newline"":[],""markup_tag"":[""</hgh_f>"",""<hgh_f c=0>""],""printf_token"":[],""var_tag"":[]}",
HGHU-TW-001147,系統與介面,當你渴望美食時，就選<hgh_f c=0>鮪魚捲</hgh_f>吧！恢復大量生命值。,"{""brace_token"":[],""escaped_control"":[],""literal_newline"":[],""markup_tag"":[""</hgh_f>"",""<hgh_f c=0>""],""printf_token"":[],""var_tag"":[]}",
HGHU-TW-001148,系統與介面,一根有嚼勁卻美味的<hgh_f c=0>觸手</hgh_f>，用它自己的汁液醃製而成。恢復極大量的生命值！,"{""brace_token"":[],""escaped_control"":[],""literal_newline"":[],""markup_tag"":[""</hgh_f>"",""<hgh_f c=0>""],""printf_token"":[],""var_tag"":[]}",
HGHU-TW-001149,系統與介面,你找到了一隻夢幻魷魚！試著多收集一些。你永遠不知道會發生什麼事！,"{""brace_token"":[],""escaped_control"":[],""literal_newline"":[],""markup_tag"":[],""printf_token"":[],""var_tag"":[]}",
HGHU-TW-001150,系統與介面,你找到了一隻夢幻魷魚！試著多收集一些。你永遠不知道會發生什麼事！,"{""brace_token"":[],""escaped_control"":[],""literal_newline"":[],""markup_tag"":[],""printf_token"":[],""var_tag"":[]}",
HGHU-TW-001151,系統與介面,你找到了一隻夢幻魷魚！試著多收集一些。你永遠不知道會發生什麼事！,"{""brace_token"":[],""escaped_control"":[],""literal_newline"":[],""markup_tag"":[],""printf_token"":[],""var_tag"":[]}",
HGHU-TW-001152,系統與介面,你找到了一個太空流氓！試著多收集一些。你永遠不知道會發生什麼事！,"{""brace_token"":[],""escaped_control"":[],""literal_newline"":[],""markup_tag"":[],""printf_token"":[],""var_tag"":[]}",
HGHU-TW-001153,系統與介面,你找到了一隻夢幻魷魚！試著多收集一些。你永遠不知道會發生什麼事！,"{""brace_token"":[],""escaped_control"":[],""literal_newline"":[],""markup_tag"":[],""printf_token"":[],""var_tag"":[]}",
HGHU-TW-001154,系統與介面,化身為這輛傳說中的載具，將你的敵人炸成碎片！,"{""brace_token"":[],""escaped_control"":[],""literal_newline"":[],""markup_tag"":[],""printf_token"":[],""var_tag"":[]}",
HGHU-TW-001155,系統與介面,你解鎖了一張秘密畫廊圖片！,"{""brace_token"":[],""escaped_control"":[],""literal_newline"":[],""markup_tag"":[],""printf_token"":[],""var_tag"":[]}",
HGHU-TW-001156,系統與介面,離開,"{""brace_token"":[],""escaped_control"":[],""literal_newline"":[],""markup_tag"":[],""printf_token"":[],""var_tag"":[]}",
HGHU-TW-001157,系統與介面,你解鎖了一張秘密畫廊圖片！,"{""brace_token"":[],""escaped_control"":[],""literal_newline"":[],""markup_tag"":[],""printf_token"":[],""var_tag"":[]}",
HGHU-TW-001158,系統與介面,你解鎖了一張秘密畫廊圖片！,"{""brace_token"":[],""escaped_control"":[],""literal_newline"":[],""markup_tag"":[],""printf_token"":[],""var_tag"":[]}",
HGHU-TW-001159,系統與介面,你解鎖了一張秘密畫廊圖片！,"{""brace_token"":[],""escaped_control"":[],""literal_newline"":[],""markup_tag"":[],""printf_token"":[],""var_tag"":[]}",
HGHU-TW-001160,系統與介面,你解鎖了桑塔英雄模式！,"{""brace_token"":[],""escaped_control"":[],""literal_newline"":[],""markup_tag"":[],""printf_token"":[],""var_tag"":[]}",
HGHU-TW-001161,系統與介面,額外圖片 - 遊戲通關，最快時間！,"{""brace_token"":[],""escaped_control"":[],""literal_newline"":[],""markup_tag"":[],""printf_token"":[],""var_tag"":[]}",
HGHU-TW-001162,系統與介面,額外圖片 - 最快時間，100% 完成度！,"{""brace_token"":[],""escaped_control"":[],""literal_newline"":[],""markup_tag"":[],""printf_token"":[],""var_tag"":[]}",
HGHU-TW-001163,系統與介面,額外圖片 - 100% 通關！,"{""brace_token"":[],""escaped_control"":[],""literal_newline"":[],""markup_tag"":[],""printf_token"":[],""var_tag"":[]}",
HGHU-TW-001164,系統與介面,額外圖片 - 遊戲通關！,"{""brace_token"":[],""escaped_control"":[],""literal_newline"":[],""markup_tag"":[],""printf_token"":[],""var_tag"":[]}",
HGHU-TW-001165,系統與介面,傳送到下個區域嗎？,"{""brace_token"":[],""escaped_control"":[],""literal_newline"":[],""markup_tag"":[],""printf_token"":[],""var_tag"":[]}",
HGHU-TW-001166,系統與介面,咕嚕...,"{""brace_token"":[],""escaped_control"":[],""literal_newline"":[],""markup_tag"":[],""printf_token"":[],""var_tag"":[]}",
HGHU-TW-001167,系統與介面,按下 <IB action=Confirm scale=1.5/>,"{""brace_token"":[],""escaped_control"":[],""literal_newline"":[],""markup_tag"":[""<IB action=Confirm scale=1.5/>""],""printf_token"":[],""var_tag"":[]}",
HGHU-TW-001168,系統與介面,歡迎光臨我的商店！,"{""brace_token"":[],""escaped_control"":[],""literal_newline"":[],""markup_tag"":[],""printf_token"":[],""var_tag"":[]}",
HGHU-TW-001169,系統與介面,購買這個道具？,"{""brace_token"":[],""escaped_control"":[],""literal_newline"":[],""markup_tag"":[],""printf_token"":[],""var_tag"":[]}",
HGHU-TW-001170,系統與介面,謝謝！還需要什麼嗎？,"{""brace_token"":[],""escaped_control"":[],""literal_newline"":[],""markup_tag"":[],""printf_token"":[],""var_tag"":[]}",
HGHU-TW-001171,系統與介面,叮咯蝸牛,"{""brace_token"":[],""escaped_control"":[],""literal_newline"":[],""markup_tag"":[],""printf_token"":[],""var_tag"":[]}",
HGHU-TW-001172,系統與介面, (別叫它 Poop Toot！) ,"{""brace_token"":[],""escaped_control"":[],""literal_newline"":[],""markup_tag"":[],""printf_token"":[],""var_tag"":[]}",
HGHU-TW-001173,系統與介面,叮咯鬼叛徒！,"{""brace_token"":[],""escaped_control"":[],""literal_newline"":[],""markup_tag"":[],""printf_token"":[],""var_tag"":[]}",
HGHU-TW-001174,系統與介面,里絲琦‧布茲回憶！,"{""brace_token"":[],""escaped_control"":[],""literal_newline"":[],""markup_tag"":[],""printf_token"":[],""var_tag"":[]}",
HGHU-TW-001175,系統與介面,你的專屬宿敵！,"{""brace_token"":[],""escaped_control"":[],""literal_newline"":[],""markup_tag"":[],""printf_token"":[],""var_tag"":[]}",
HGHU-TW-001176,系統與介面,肥胖海灘惡霸！,"{""brace_token"":[],""escaped_control"":[],""literal_newline"":[],""markup_tag"":[],""printf_token"":[],""var_tag"":[]}",
HGHU-TW-001177,系統與介面,許可證付款逾期！,"{""brace_token"":[],""escaped_control"":[],""literal_newline"":[],""markup_tag"":[],""printf_token"":[],""var_tag"":[]}",
HGHU-TW-001178,系統與介面,載入中,"{""brace_token"":[],""escaped_control"":[],""literal_newline"":[],""markup_tag"":[],""printf_token"":[],""var_tag"":[]}",
HGHU-TW-001179,系統與介面,佈滿史萊姆的帆船！,"{""brace_token"":[],""escaped_control"":[],""literal_newline"":[],""markup_tag"":[],""printf_token"":[],""var_tag"":[]}",
HGHU-TW-001180,系統與介面,巨型美人魚,"{""brace_token"":[],""escaped_control"":[],""literal_newline"":[],""markup_tag"":[],""printf_token"":[],""var_tag"":[]}",
HGHU-TW-001181,系統與介面,迷人的俘虜！,"{""brace_token"":[],""escaped_control"":[],""literal_newline"":[],""markup_tag"":[],""printf_token"":[],""var_tag"":[]}",
HGHU-TW-001182,系統與介面,再次被捕的俘虜！,"{""brace_token"":[],""escaped_control"":[],""literal_newline"":[],""markup_tag"":[],""printf_token"":[],""var_tag"":[]}",
HGHU-TW-001183,系統與介面,可疑的倒敘！,"{""brace_token"":[],""escaped_control"":[],""literal_newline"":[],""markup_tag"":[],""printf_token"":[],""var_tag"":[]}",
HGHU-TW-001184,系統與介面,自然之力！,"{""brace_token"":[],""escaped_control"":[],""literal_newline"":[],""markup_tag"":[],""printf_token"":[],""var_tag"":[]}",
HGHU-TW-001185,系統與介面,可能是個活物！,"{""brace_token"":[],""escaped_control"":[],""literal_newline"":[],""markup_tag"":[],""printf_token"":[],""var_tag"":[]}",
HGHU-TW-001186,系統與介面,妨礙司法者！,"{""brace_token"":[],""escaped_control"":[],""literal_newline"":[],""markup_tag"":[],""printf_token"":[],""var_tag"":[]}",
HGHU-TW-001187,系統與介面,還有空位嗎？,"{""brace_token"":[],""escaped_control"":[],""literal_newline"":[],""markup_tag"":[],""printf_token"":[],""var_tag"":[]}",
HGHU-TW-001188,系統與介面,威爾伯,"{""brace_token"":[],""escaped_control"":[],""literal_newline"":[],""markup_tag"":[],""printf_token"":[],""var_tag"":[]}",
HGHU-TW-001189,系統與介面,世界通關！,"{""brace_token"":[],""escaped_control"":[],""literal_newline"":[],""markup_tag"":[],""printf_token"":[],""var_tag"":[]}",
HGHU-TW-001190,系統與介面,記憶吞噬者！,"{""brace_token"":[],""escaped_control"":[],""literal_newline"":[],""markup_tag"":[],""printf_token"":[],""var_tag"":[]}",
HGHU-TW-001191,系統與介面,危險的既視感！,"{""brace_token"":[],""escaped_control"":[],""literal_newline"":[],""markup_tag"":[],""printf_token"":[],""var_tag"":[]}",
HGHU-TW-001192,系統與介面,榮耀的 1UP 迴圈！,"{""brace_token"":[],""escaped_control"":[],""literal_newline"":[],""markup_tag"":[],""printf_token"":[],""var_tag"":[]}",
HGHU-TW-001193,系統與介面,執行紀律！,"{""brace_token"":[],""escaped_control"":[],""literal_newline"":[],""markup_tag"":[],""printf_token"":[],""var_tag"":[]}",
HGHU-TW-001194,系統與介面,體型龐大的藝術家！,"{""brace_token"":[],""escaped_control"":[],""literal_newline"":[],""markup_tag"":[],""printf_token"":[],""var_tag"":[]}",
HGHU-TW-001195,系統與介面,愛管閒事的無脊椎動物！,"{""brace_token"":[],""escaped_control"":[],""literal_newline"":[],""markup_tag"":[],""printf_token"":[],""var_tag"":[]}",
HGHU-TW-001196,系統與介面,低維護成本寵物！,"{""brace_token"":[],""escaped_control"":[],""literal_newline"":[],""markup_tag"":[],""printf_token"":[],""var_tag"":[]}",
HGHU-TW-001197,系統與介面,特薇琪與維尼格,"{""brace_token"":[],""escaped_control"":[],""literal_newline"":[],""markup_tag"":[],""printf_token"":[],""var_tag"":[]}",
HGHU-TW-001198,系統與介面,空中突擊小隊！,"{""brace_token"":[],""escaped_control"":[],""literal_newline"":[],""markup_tag"":[],""printf_token"":[],""var_tag"":[]}",
HGHU-TW-001199,系統與介面,彈藥男爵的無腦手下！,"{""brace_token"":[],""escaped_control"":[],""literal_newline"":[],""markup_tag"":[],""printf_token"":[],""var_tag"":[]}",
HGHU-TW-001200,系統與介面,<IB action=Confirm scale=0.8/> 選擇,"{""brace_token"":[],""escaped_control"":[],""literal_newline"":[],""markup_tag"":[""<IB action=Confirm scale=0.8/>""],""printf_token"":[],""var_tag"":[]}",
HGHU-TW-001201,系統與介面,包在我身上！,"{""brace_token"":[],""escaped_control"":[],""literal_newline"":[],""markup_tag"":[],""printf_token"":[],""var_tag"":[]}",
HGHU-TW-001202,系統與介面,把它們打下來！,"{""brace_token"":[],""escaped_control"":[],""literal_newline"":[],""markup_tag"":[],""printf_token"":[],""var_tag"":[]}",
HGHU-TW-001203,系統與介面,彈藥男爵的壞女孩們！,"{""brace_token"":[],""escaped_control"":[],""literal_newline"":[],""markup_tag"":[],""printf_token"":[],""var_tag"":[]}",
HGHU-TW-001204,系統與介面,令人欽佩的空中王牌！,"{""brace_token"":[],""escaped_control"":[],""literal_newline"":[],""markup_tag"":[],""printf_token"":[],""var_tag"":[]}",
HGHU-TW-001205,系統與介面,不良的亡命之徒！,"{""brace_token"":[],""escaped_control"":[],""literal_newline"":[],""markup_tag"":[],""printf_token"":[],""var_tag"":[]}",
HGHU-TW-001206,系統與介面,職責所在！,"{""brace_token"":[],""escaped_control"":[],""literal_newline"":[],""markup_tag"":[],""printf_token"":[],""var_tag"":[]}",
HGHU-TW-001207,系統與介面,彈藥男爵,"{""brace_token"":[],""escaped_control"":[],""literal_newline"":[],""markup_tag"":[],""printf_token"":[],""var_tag"":[]}",
HGHU-TW-001208,系統與介面,限量版大嘴巴！,"{""brace_token"":[],""escaped_control"":[],""literal_newline"":[],""markup_tag"":[],""printf_token"":[],""var_tag"":[]}",
HGHU-TW-001209,系統與介面,打滾的豬頭男！,"{""brace_token"":[],""escaped_control"":[],""literal_newline"":[],""markup_tag"":[],""printf_token"":[],""var_tag"":[]}",
HGHU-TW-001210,系統與介面,閃亮耀眼的士兵！,"{""brace_token"":[],""escaped_control"":[],""literal_newline"":[],""markup_tag"":[],""printf_token"":[],""var_tag"":[]}",
HGHU-TW-001211,系統與介面,受寵若驚的飛行伙計！,"{""brace_token"":[],""escaped_control"":[],""literal_newline"":[],""markup_tag"":[],""printf_token"":[],""var_tag"":[]}",
HGHU-TW-001212,系統與介面,要複製哪個檔案？,"{""brace_token"":[],""escaped_control"":[],""literal_newline"":[],""markup_tag"":[],""printf_token"":[],""var_tag"":[]}",
HGHU-TW-001213,系統與介面,給人們他們想要的！,"{""brace_token"":[],""escaped_control"":[],""literal_newline"":[],""markup_tag"":[],""printf_token"":[],""var_tag"":[]}",
HGHU-TW-001214,系統與介面,他就是這裡的法律！,"{""brace_token"":[],""escaped_control"":[],""literal_newline"":[],""markup_tag"":[],""printf_token"":[],""var_tag"":[]}",
HGHU-TW-001215,系統與介面,強大的沉睡小隊！,"{""brace_token"":[],""escaped_control"":[],""literal_newline"":[],""markup_tag"":[],""printf_token"":[],""var_tag"":[]}",
HGHU-TW-001216,系統與介面,魷魚男爵,"{""brace_token"":[],""escaped_control"":[],""literal_newline"":[],""markup_tag"":[],""printf_token"":[],""var_tag"":[]}",
HGHU-TW-001217,系統與介面,無法言喻的恐怖生物！,"{""brace_token"":[],""escaped_control"":[],""literal_newline"":[],""markup_tag"":[],""printf_token"":[],""var_tag"":[]}",
HGHU-TW-001218,系統與介面,乖乖待在學校裡！,"{""brace_token"":[],""escaped_control"":[],""literal_newline"":[],""markup_tag"":[],""printf_token"":[],""var_tag"":[]}",
HGHU-TW-001219,系統與介面,標題卡 (後期修正)！,"{""brace_token"":[],""escaped_control"":[],""literal_newline"":[],""markup_tag"":[],""printf_token"":[],""var_tag"":[]}",
HGHU-TW-001220,系統與介面,魷魚柔術大師！,"{""brace_token"":[],""escaped_control"":[],""literal_newline"":[],""markup_tag"":[],""printf_token"":[],""var_tag"":[]}",
HGHU-TW-001221,系統與介面,不是門僮！,"{""brace_token"":[],""escaped_control"":[],""literal_newline"":[],""markup_tag"":[],""printf_token"":[],""var_tag"":[]}",
HGHU-TW-001222,系統與介面,關你什麼事？,"{""brace_token"":[],""escaped_control"":[],""literal_newline"":[],""markup_tag"":[],""printf_token"":[],""var_tag"":[]}",
HGHU-TW-001223,系統與介面,將檔案複製到哪裡？,"{""brace_token"":[],""escaped_control"":[],""literal_newline"":[],""markup_tag"":[],""printf_token"":[],""var_tag"":[]}",
HGHU-TW-001224,系統與介面,熬夜到很晚！,"{""brace_token"":[],""escaped_control"":[],""literal_newline"":[],""markup_tag"":[],""printf_token"":[],""var_tag"":[]}",
HGHU-TW-001225,系統與介面,雙重男爵,"{""brace_token"":[],""escaped_control"":[],""literal_newline"":[],""markup_tag"":[],""printf_token"":[],""var_tag"":[]}",
HGHU-TW-001226,系統與介面,卑鄙雙人組！,"{""brace_token"":[],""escaped_control"":[],""literal_newline"":[],""markup_tag"":[],""printf_token"":[],""var_tag"":[]}",
HGHU-TW-001227,系統與介面,雙倍邪惡！,"{""brace_token"":[],""escaped_control"":[],""literal_newline"":[],""markup_tag"":[],""printf_token"":[],""var_tag"":[]}",
HGHU-TW-001228,系統與介面,既視感的名人錄！,"{""brace_token"":[],""escaped_control"":[],""literal_newline"":[],""markup_tag"":[],""printf_token"":[],""var_tag"":[]}",
HGHU-TW-001229,系統與介面,把他們兩個都打倒！,"{""brace_token"":[],""escaped_control"":[],""literal_newline"":[],""markup_tag"":[],""printf_token"":[],""var_tag"":[]}",
HGHU-TW-001230,系統與介面,客滿的反派！,"{""brace_token"":[],""escaped_control"":[],""literal_newline"":[],""markup_tag"":[],""printf_token"":[],""var_tag"":[]}",
HGHU-TW-001231,系統與介面,早過了宵禁時間！,"{""brace_token"":[],""escaped_control"":[],""literal_newline"":[],""markup_tag"":[],""printf_token"":[],""var_tag"":[]}",
HGHU-TW-001232,系統與介面,男爵們的就寢時間！,"{""brace_token"":[],""escaped_control"":[],""literal_newline"":[],""markup_tag"":[],""printf_token"":[],""var_tag"":[]}",
HGHU-TW-001233,系統與介面,叮咯腦,"{""brace_token"":[],""escaped_control"":[],""literal_newline"":[],""markup_tag"":[],""printf_token"":[],""var_tag"":[]}",
HGHU-TW-001234,系統與介面,要刪除哪個檔案？,"{""brace_token"":[],""escaped_control"":[],""literal_newline"":[],""markup_tag"":[],""printf_token"":[],""var_tag"":[]}",
HGHU-TW-001235,系統與介面,毀滅發電機！,"{""brace_token"":[],""escaped_control"":[],""literal_newline"":[],""markup_tag"":[],""printf_token"":[],""var_tag"":[]}",
HGHU-TW-001236,系統與介面,反桑塔,"{""brace_token"":[],""escaped_control"":[],""literal_newline"":[],""markup_tag"":[],""printf_token"":[],""var_tag"":[]}",
HGHU-TW-001237,系統與介面,倒置的外向者！,"{""brace_token"":[],""escaped_control"":[],""literal_newline"":[],""markup_tag"":[],""printf_token"":[],""var_tag"":[]}",
HGHU-TW-001238,系統與介面,桑塔,"{""brace_token"":[],""escaped_control"":[],""literal_newline"":[],""markup_tag"":[],""printf_token"":[],""var_tag"":[]}",
HGHU-TW-001239,系統與介面,討厭的小屁孩！,"{""brace_token"":[],""escaped_control"":[],""literal_newline"":[],""markup_tag"":[],""printf_token"":[],""var_tag"":[]}",
HGHU-TW-001240,系統與介面,里絲琦・布茲,"{""brace_token"":[],""escaped_control"":[],""literal_newline"":[],""markup_tag"":[],""printf_token"":[],""var_tag"":[]}",
HGHU-TW-001241,系統與介面,七海女王,"{""brace_token"":[],""escaped_control"":[],""literal_newline"":[],""markup_tag"":[],""printf_token"":[],""var_tag"":[]}",
HGHU-TW-001242,系統與介面,阻塞火山的惡女！,"{""brace_token"":[],""escaped_control"":[],""literal_newline"":[],""markup_tag"":[],""printf_token"":[],""var_tag"":[]}",
HGHU-TW-001243,系統與介面,偷沙子的無賴！,"{""brace_token"":[],""escaped_control"":[],""literal_newline"":[],""markup_tag"":[],""printf_token"":[],""var_tag"":[]}",
HGHU-TW-001244,系統與介面,太空流氓幕後主使！,"{""brace_token"":[],""escaped_control"":[],""literal_newline"":[],""markup_tag"":[],""printf_token"":[],""var_tag"":[]}",
HGHU-TW-001245,系統與介面,複製,"{""brace_token"":[],""escaped_control"":[],""literal_newline"":[],""markup_tag"":[],""printf_token"":[],""var_tag"":[]}",
HGHU-TW-001246,系統與介面,破壞派對的海盜！,"{""brace_token"":[],""escaped_control"":[],""literal_newline"":[],""markup_tag"":[],""printf_token"":[],""var_tag"":[]}",
HGHU-TW-001247,系統與介面,每個故事都有兩面...,"{""brace_token"":[],""escaped_control"":[],""literal_newline"":[],""markup_tag"":[],""printf_token"":[],""var_tag"":[]}",
HGHU-TW-001248,系統與介面,這才是事情的「真相」。,"{""brace_token"":[],""escaped_control"":[],""literal_newline"":[],""markup_tag"":[],""printf_token"":[],""var_tag"":[]}",
HGHU-TW-001249,系統與介面,...一切都「完全」照計畫進行。,"{""brace_token"":[],""escaped_control"":[],""literal_newline"":[],""markup_tag"":[],""printf_token"":[],""var_tag"":[]}",
HGHU-TW-001250,系統與介面,所以就是這樣。,"{""brace_token"":[],""escaped_control"":[],""literal_newline"":[],""markup_tag"":[],""printf_token"":[],""var_tag"":[]}",
HGHU-TW-001251,系統與介面,要不是這些笨蛋，我早就擁有一切了！,"{""brace_token"":[],""escaped_control"":[],""literal_newline"":[],""markup_tag"":[],""printf_token"":[],""var_tag"":[]}",
HGHU-TW-001252,系統與介面,「パイレーツ・クイーン ストーリー」をプレイ中！,"{""brace_token"":[],""escaped_control"":[],""literal_newline"":[],""markup_tag"":[],""printf_token"":[],""var_tag"":[]}",
HGHU-TW-001253,系統與介面,刪除,"{""brace_token"":[],""escaped_control"":[],""literal_newline"":[],""markup_tag"":[],""printf_token"":[],""var_tag"":[]}",
HGHU-TW-001254,系統與介面,選項,"{""brace_token"":[],""escaped_control"":[],""literal_newline"":[],""markup_tag"":[],""printf_token"":[],""var_tag"":[]}",
HGHU-TW-001255,系統與介面,新遊戲,"{""brace_token"":[],""escaped_control"":[],""literal_newline"":[],""markup_tag"":[],""printf_token"":[],""var_tag"":[]}",
HGHU-TW-001256,系統與介面,確定要刪除這個檔案嗎？,"{""brace_token"":[],""escaped_control"":[],""literal_newline"":[],""markup_tag"":[],""printf_token"":[],""var_tag"":[]}",
HGHU-TW-001257,系統與介面,這將會刪除所有角色的「所有進度」！真的要刪除嗎？,"{""brace_token"":[],""escaped_control"":[],""literal_newline"":[],""markup_tag"":[],""printf_token"":[],""var_tag"":[]}",
HGHU-TW-001258,系統與介面,確定要複製這個檔案嗎？,"{""brace_token"":[],""escaped_control"":[],""literal_newline"":[],""markup_tag"":[],""printf_token"":[],""var_tag"":[]}",
HGHU-TW-001259,系統與介面,給我看,"{""brace_token"":[],""escaped_control"":[],""literal_newline"":[],""markup_tag"":[],""printf_token"":[],""var_tag"":[]}",
HGHU-TW-001260,系統與介面,檔案 %d,"{""brace_token"":[],""escaped_control"":[],""literal_newline"":[],""markup_tag"":[],""printf_token"":[""%d""],""var_tag"":[]}",
HGHU-TW-001261,系統與介面,警告！開始新遊戲將會覆蓋此角色的所有存檔資料。確定要繼續嗎？,"{""brace_token"":[],""escaped_control"":[],""literal_newline"":[],""markup_tag"":[],""printf_token"":[],""var_tag"":[]}",
HGHU-TW-001262,系統與介面,檔案：<hgh_f c=0>%d</hgh_f>,"{""brace_token"":[],""escaped_control"":[],""literal_newline"":[],""markup_tag"":[""</hgh_f>"",""<hgh_f c=0>""],""printf_token"":[""%d""],""var_tag"":[]}",
HGHU-TW-001263,系統與介面,總時間：<hgh_f c=0>%s</hgh_f>,"{""brace_token"":[],""escaped_control"":[],""literal_newline"":[],""markup_tag"":[""</hgh_f>"",""<hgh_f c=0>""],""printf_token"":[""%s""],""var_tag"":[]}",
HGHU-TW-001264,系統與介面,繼續,"{""brace_token"":[],""escaped_control"":[],""literal_newline"":[],""markup_tag"":[],""printf_token"":[],""var_tag"":[]}",
HGHU-TW-001265,系統與介面,新遊戲,"{""brace_token"":[],""escaped_control"":[],""literal_newline"":[],""markup_tag"":[],""printf_token"":[],""var_tag"":[]}",
HGHU-TW-001266,系統與介面,完成主線故事即可解鎖這個新模式！,"{""brace_token"":[],""escaped_control"":[],""literal_newline"":[],""markup_tag"":[],""printf_token"":[],""var_tag"":[]}",
HGHU-TW-001267,系統與介面,[時間]  <hgh_f c=0>%s</hgh_f>,"{""brace_token"":[],""escaped_control"":[],""literal_newline"":[],""markup_tag"":[""</hgh_f>"",""<hgh_f c=0>""],""printf_token"":[""%s""],""var_tag"":[]}",
HGHU-TW-001268,系統與介面,[完成度] <hgh_f c=0>%s</hgh_f>,"{""brace_token"":[],""escaped_control"":[],""literal_newline"":[],""markup_tag"":[""</hgh_f>"",""<hgh_f c=0>""],""printf_token"":[""%s""],""var_tag"":[]}",
HGHU-TW-001269,系統與介面,我的地圖！,"{""brace_token"":[],""escaped_control"":[],""literal_newline"":[],""markup_tag"":[],""printf_token"":[],""var_tag"":[]}",
HGHU-TW-001270,系統與介面,按下 <IB action=PreviousItem scale=0.4f offsety=0.05/> 或 <IB action=NextItem scale=0.4f offsety=0.05/> 來更換顏色！,"{""brace_token"":[],""escaped_control"":[],""literal_newline"":[],""markup_tag"":[""<IB action=NextItem scale=0.4f offsety=0.05/>"",""<IB action=PreviousItem scale=0.4f offsety=0.05/>""],""printf_token"":[],""var_tag"":[]}",
HGHU-TW-001271,系統與介面,新內容現已開放！,"{""brace_token"":[],""escaped_control"":[],""literal_newline"":[],""markup_tag"":[],""printf_token"":[],""var_tag"":[]}",
HGHU-TW-001272,系統與介面,海盜女王的任務！,"{""brace_token"":[],""escaped_control"":[],""literal_newline"":[],""markup_tag"":[],""printf_token"":[],""var_tag"":[]}",
HGHU-TW-001273,系統與介面,永遠的夥伴,"{""brace_token"":[],""escaped_control"":[],""literal_newline"":[],""markup_tag"":[],""printf_token"":[],""var_tag"":[]}",
HGHU-TW-001274,系統與介面,忍者模式,"{""brace_token"":[],""escaped_control"":[],""literal_newline"":[],""markup_tag"":[],""printf_token"":[],""var_tag"":[]}",
HGHU-TW-001275,系統與介面,海灘模式,"{""brace_token"":[],""escaped_control"":[],""literal_newline"":[],""markup_tag"":[],""printf_token"":[],""var_tag"":[]}",
HGHU-TW-001276,系統與介面,警官模式,"{""brace_token"":[],""escaped_control"":[],""literal_newline"":[],""markup_tag"":[],""printf_token"":[],""var_tag"":[]}",
HGHU-TW-001277,系統與介面,您尚未購買此內容。,"{""brace_token"":[],""escaped_control"":[],""literal_newline"":[],""markup_tag"":[],""printf_token"":[],""var_tag"":[]}",
HGHU-TW-001278,系統與介面,本遊戲支援可下載內容。,"{""brace_token"":[],""escaped_control"":[],""literal_newline"":[],""markup_tag"":[],""printf_token"":[],""var_tag"":[]}",
HGHU-TW-001279,系統與介面,本遊戲支援可下載內容。,"{""brace_token"":[],""escaped_control"":[],""literal_newline"":[],""markup_tag"":[],""printf_token"":[],""var_tag"":[]}",
HGHU-TW-001280,系統與介面,請自便,"{""brace_token"":[],""escaped_control"":[],""literal_newline"":[],""markup_tag"":[],""printf_token"":[],""var_tag"":[]}",
HGHU-TW-001281,系統與介面,本遊戲支援可下載內容。,"{""brace_token"":[],""escaped_control"":[],""literal_newline"":[],""markup_tag"":[],""printf_token"":[],""var_tag"":[]}",
HGHU-TW-001282,系統與介面,現在要前往商店嗎？,"{""brace_token"":[],""escaped_control"":[],""literal_newline"":[],""markup_tag"":[],""printf_token"":[],""var_tag"":[]}",
HGHU-TW-001283,系統與介面,現在要前往 Xbox Games Store 嗎？,"{""brace_token"":[],""escaped_control"":[],""literal_newline"":[],""markup_tag"":[],""printf_token"":[],""var_tag"":[]}",
HGHU-TW-001284,系統與介面,現在要前往 PlayStation®Store 嗎？,"{""brace_token"":[],""escaped_control"":[],""literal_newline"":[],""markup_tag"":[],""printf_token"":[],""var_tag"":[]}",
HGHU-TW-001285,系統與介面,現在要前往 Nintendo eShop 嗎？,"{""brace_token"":[],""escaped_control"":[],""literal_newline"":[],""markup_tag"":[],""printf_token"":[],""var_tag"":[]}",
HGHU-TW-001286,系統與介面,現在要前往 PlayStation®Store 嗎？,"{""brace_token"":[],""escaped_control"":[],""literal_newline"":[],""markup_tag"":[],""printf_token"":[],""var_tag"":[]}",
HGHU-TW-001287,系統與介面,現在要前往 Nintendo eShop 嗎？,"{""brace_token"":[],""escaped_control"":[],""literal_newline"":[],""markup_tag"":[],""printf_token"":[],""var_tag"":[]}",
HGHU-TW-001288,系統與介面,遊玩時間,"{""brace_token"":[],""escaped_control"":[],""literal_newline"":[],""markup_tag"":[],""printf_token"":[],""var_tag"":[]}",
HGHU-TW-001289,系統與介面,道具收集,"{""brace_token"":[],""escaped_control"":[],""literal_newline"":[],""markup_tag"":[],""printf_token"":[],""var_tag"":[]}",
HGHU-TW-001290,系統與介面,按下,"{""brace_token"":[],""escaped_control"":[],""literal_newline"":[],""markup_tag"":[],""printf_token"":[],""var_tag"":[]}",
HGHU-TW-001291,系統與介面,抱歉...,"{""brace_token"":[],""escaped_control"":[],""literal_newline"":[],""markup_tag"":[],""printf_token"":[],""var_tag"":[]}",
HGHU-TW-001292,角色與劇情,忍者時間到！,"{""brace_token"":[],""escaped_control"":[],""literal_newline"":[],""markup_tag"":[],""printf_token"":[],""var_tag"":[]}",
HGHU-TW-001293,角色與劇情,我打敗妳了！,"{""brace_token"":[],""escaped_control"":[],""literal_newline"":[],""markup_tag"":[],""printf_token"":[],""var_tag"":[]}",
HGHU-TW-001294,角色與劇情,感受忍者的怒火吧！,"{""brace_token"":[],""escaped_control"":[],""literal_newline"":[],""markup_tag"":[],""printf_token"":[],""var_tag"":[]}",
HGHU-TW-001295,角色與劇情,呃。,"{""brace_token"":[],""escaped_control"":[],""literal_newline"":[],""markup_tag"":[],""printf_token"":[],""var_tag"":[]}",
HGHU-TW-001296,角色與劇情,看看妳做的好事。,"{""brace_token"":[],""escaped_control"":[],""literal_newline"":[],""markup_tag"":[],""printf_token"":[],""var_tag"":[]}",
HGHU-TW-001297,角色與劇情,我的船又跑掉了。,"{""brace_token"":[],""escaped_control"":[],""literal_newline"":[],""markup_tag"":[],""printf_token"":[],""var_tag"":[]}",
HGHU-TW-001298,角色與劇情,這次我就放妳一馬，但我警告妳...,"{""brace_token"":[],""escaped_control"":[],""literal_newline"":[],""markup_tag"":[],""printf_token"":[],""var_tag"":[]}",
HGHU-TW-001299,角色與劇情,喔對了——這套服裝有附一個<hgh_f c=0>卷軸</hgh_f>。,"{""brace_token"":[],""escaped_control"":[],""literal_newline"":[],""markup_tag"":[""</hgh_f>"",""<hgh_f c=0>""],""printf_token"":[],""var_tag"":[]}",
HGHU-TW-001300,角色與劇情,別擋我的路！,"{""brace_token"":[],""escaped_control"":[],""literal_newline"":[],""markup_tag"":[],""printf_token"":[],""var_tag"":[]}",
HGHU-TW-001301,角色與劇情,已取得勝利。,"{""brace_token"":[],""escaped_control"":[],""literal_newline"":[],""markup_tag"":[],""printf_token"":[],""var_tag"":[]}",
HGHU-TW-001302,角色與劇情,我的敵人已被斬殺。,"{""brace_token"":[],""escaped_control"":[],""literal_newline"":[],""markup_tag"":[],""printf_token"":[],""var_tag"":[]}",
HGHU-TW-001303,角色與劇情,最棒的是，我成了一位<hgh_f c=0>變裝大師</hgh_f>！,"{""brace_token"":[],""escaped_control"":[],""literal_newline"":[],""markup_tag"":[""</hgh_f>"",""<hgh_f c=0>""],""printf_token"":[],""var_tag"":[]}",
HGHU-TW-001304,角色與劇情,我距離成為一名真正的<hgh_f c=0>忍者大師</hgh_f>又近了一步！,"{""brace_token"":[],""escaped_control"":[],""literal_newline"":[],""markup_tag"":[""</hgh_f>"",""<hgh_f c=0>""],""printf_token"":[],""var_tag"":[]}",
HGHU-TW-001305,角色與劇情,我把它放哪去了呢。,"{""brace_token"":[],""escaped_control"":[],""literal_newline"":[],""markup_tag"":[],""printf_token"":[],""var_tag"":[]}",
HGHU-TW-001306,角色與劇情,忍者絕不能停止訓練！,"{""brace_token"":[],""escaped_control"":[],""literal_newline"":[],""markup_tag"":[],""printf_token"":[],""var_tag"":[]}",
HGHU-TW-001307,角色與劇情,我最好再看一次那個卷軸。,"{""brace_token"":[],""escaped_control"":[],""literal_newline"":[],""markup_tag"":[],""printf_token"":[],""var_tag"":[]}",
HGHU-TW-001308,角色與劇情,讓我看看這裡...,"{""brace_token"":[],""escaped_control"":[],""literal_newline"":[],""markup_tag"":[],""printf_token"":[],""var_tag"":[]}",
HGHU-TW-001309,角色與劇情,<hgh_f c=0>「一個真正的忍者能與自然合而為一，隱蔽身形。」</hgh_f>,"{""brace_token"":[],""escaped_control"":[],""literal_newline"":[],""markup_tag"":[""</hgh_f>"",""<hgh_f c=0>""],""printf_token"":[],""var_tag"":[]}",
HGHU-TW-001310,角色與劇情,懂了。,"{""brace_token"":[],""escaped_control"":[],""literal_newline"":[],""markup_tag"":[],""printf_token"":[],""var_tag"":[]}",
HGHU-TW-001311,角色與劇情,在斬殺下一個對手之前，我最好先熟悉一下大自然！,"{""brace_token"":[],""escaped_control"":[],""literal_newline"":[],""markup_tag"":[],""printf_token"":[],""var_tag"":[]}",
HGHU-TW-001312,角色與劇情,這裡看起來是個<hgh_f c=0>與自然合而為一</hgh_f>的好地方。,"{""brace_token"":[],""escaped_control"":[],""literal_newline"":[],""markup_tag"":[""</hgh_f>"",""<hgh_f c=0>""],""printf_token"":[],""var_tag"":[]}",
HGHU-TW-001313,角色與劇情,喔！,"{""brace_token"":[],""escaped_control"":[],""literal_newline"":[],""markup_tag"":[],""printf_token"":[],""var_tag"":[]}",
HGHU-TW-001314,角色與劇情,我好像聽到前面有人的聲音。,"{""brace_token"":[],""escaped_control"":[],""literal_newline"":[],""markup_tag"":[],""printf_token"":[],""var_tag"":[]}",
HGHU-TW-001315,角色與劇情,我來在他們身上測試一下我的技巧！,"{""brace_token"":[],""escaped_control"":[],""literal_newline"":[],""markup_tag"":[],""printf_token"":[],""var_tag"":[]}",
HGHU-TW-001316,角色與劇情,蛤？,"{""brace_token"":[],""escaped_control"":[],""literal_newline"":[],""markup_tag"":[],""printf_token"":[],""var_tag"":[]}",
HGHU-TW-001317,角色與劇情,這是什麼？,"{""brace_token"":[],""escaped_control"":[],""literal_newline"":[],""markup_tag"":[],""printf_token"":[],""var_tag"":[]}",
HGHU-TW-001318,角色與劇情,在這裡。我來看看...,"{""brace_token"":[],""escaped_control"":[],""literal_newline"":[],""markup_tag"":[],""printf_token"":[],""var_tag"":[]}",
HGHU-TW-001319,角色與劇情,呼——！,"{""brace_token"":[],""escaped_control"":[],""literal_newline"":[],""markup_tag"":[],""printf_token"":[],""var_tag"":[]}",
HGHU-TW-001320,角色與劇情,滴答滴答。,"{""brace_token"":[],""escaped_control"":[],""literal_newline"":[],""markup_tag"":[],""printf_token"":[],""var_tag"":[]}",
HGHU-TW-001321,角色與劇情,這是在胡搞什麼？,"{""brace_token"":[],""escaped_control"":[],""literal_newline"":[],""markup_tag"":[],""printf_token"":[],""var_tag"":[]}",
HGHU-TW-001322,角色與劇情,噓。,"{""brace_token"":[],""escaped_control"":[],""literal_newline"":[],""markup_tag"":[],""printf_token"":[],""var_tag"":[]}",
HGHU-TW-001323,角色與劇情,我是一棵樹。我的葉子上正滴著晨露。,"{""brace_token"":[],""escaped_control"":[],""literal_newline"":[],""markup_tag"":[],""printf_token"":[],""var_tag"":[]}",
HGHU-TW-001324,角色與劇情,妳知道嗎，就是因為有像妳這樣的人，我才必須隨時準備好一隻巨型美人魚。,"{""brace_token"":[],""escaped_control"":[],""literal_newline"":[],""markup_tag"":[],""printf_token"":[],""var_tag"":[]}",
HGHU-TW-001325,角色與劇情,老是有假裝成樹的人出現，在我最意想不到的時候來攪局。,"{""brace_token"":[],""escaped_control"":[],""literal_newline"":[],""markup_tag"":[],""printf_token"":[],""var_tag"":[]}",
HGHU-TW-001326,角色與劇情,滴啦。,"{""brace_token"":[],""escaped_control"":[],""literal_newline"":[],""markup_tag"":[],""printf_token"":[],""var_tag"":[]}",
HGHU-TW-001327,角色與劇情,我還有工作要忙。,"{""brace_token"":[],""escaped_control"":[],""literal_newline"":[],""markup_tag"":[],""printf_token"":[],""var_tag"":[]}",
HGHU-TW-001328,角色與劇情,嗯哼...,"{""brace_token"":[],""escaped_control"":[],""literal_newline"":[],""markup_tag"":[],""printf_token"":[],""var_tag"":[]}",
HGHU-TW-001329,角色與劇情,放馬過來吧！現在是<hgh_f c=0>大自然時間</hgh_f>！,"{""brace_token"":[],""escaped_control"":[],""literal_newline"":[],""markup_tag"":[""</hgh_f>"",""<hgh_f c=0>""],""printf_token"":[],""var_tag"":[]}",
HGHU-TW-001330,角色與劇情,我打敗你了！,"{""brace_token"":[],""escaped_control"":[],""literal_newline"":[],""markup_tag"":[],""printf_token"":[],""var_tag"":[]}",
HGHU-TW-001331,角色與劇情,感受忍者的怒火吧！,"{""brace_token"":[],""escaped_control"":[],""literal_newline"":[],""markup_tag"":[],""printf_token"":[],""var_tag"":[]}",
HGHU-TW-001332,角色與劇情,呃。,"{""brace_token"":[],""escaped_control"":[],""literal_newline"":[],""markup_tag"":[],""printf_token"":[],""var_tag"":[]}",
HGHU-TW-001333,角色與劇情,好吧。,"{""brace_token"":[],""escaped_control"":[],""literal_newline"":[],""markup_tag"":[],""printf_token"":[],""var_tag"":[]}",
HGHU-TW-001334,角色與劇情,嗯——哼...,"{""brace_token"":[],""escaped_control"":[],""literal_newline"":[],""markup_tag"":[],""printf_token"":[],""var_tag"":[]}",
HGHU-TW-001335,角色與劇情,儘管對我復仇吧！,"{""brace_token"":[],""escaped_control"":[],""literal_newline"":[],""markup_tag"":[],""printf_token"":[],""var_tag"":[]}",
HGHU-TW-001336,角色與劇情,屈服於妳那所有的憤怒吧！,"{""brace_token"":[],""escaped_control"":[],""literal_newline"":[],""markup_tag"":[],""printf_token"":[],""var_tag"":[]}",
HGHU-TW-001337,角色與劇情,妳還在等什麼？動手啊！了結我！,"{""brace_token"":[],""escaped_control"":[],""literal_newline"":[],""markup_tag"":[],""printf_token"":[],""var_tag"":[]}",
HGHU-TW-001338,角色與劇情,不。,"{""brace_token"":[],""escaped_control"":[],""literal_newline"":[],""markup_tag"":[],""printf_token"":[],""var_tag"":[]}",
HGHU-TW-001339,角色與劇情,這不是忍者之道。,"{""brace_token"":[],""escaped_control"":[],""literal_newline"":[],""markup_tag"":[],""printf_token"":[],""var_tag"":[]}",
HGHU-TW-001340,角色與劇情,如果我純粹出於憤怒而攻擊...,"{""brace_token"":[],""escaped_control"":[],""literal_newline"":[],""markup_tag"":[],""printf_token"":[],""var_tag"":[]}",
HGHU-TW-001341,角色與劇情,...那我就跟你沒什麼兩樣了。,"{""brace_token"":[],""escaped_control"":[],""literal_newline"":[],""markup_tag"":[],""printf_token"":[],""var_tag"":[]}",
HGHU-TW-001342,角色與劇情,耶，那我們扯平了！,"{""brace_token"":[],""escaped_control"":[],""literal_newline"":[],""markup_tag"":[],""printf_token"":[],""var_tag"":[]}",
HGHU-TW-001343,角色與劇情,最棒的是，我已經<hgh_f c=0>與自然合而為一</hgh_f>了！,"{""brace_token"":[],""escaped_control"":[],""literal_newline"":[],""markup_tag"":[""</hgh_f>"",""<hgh_f c=0>""],""printf_token"":[],""var_tag"":[]}",
HGHU-TW-001344,角色與劇情,波囉！,"{""brace_token"":[],""escaped_control"":[],""literal_newline"":[],""markup_tag"":[],""printf_token"":[],""var_tag"":[]}",
HGHU-TW-001345,角色與劇情,我距離成為一名真正的<hgh_f c=0>忍者大師</hgh_f>又近了一步！,"{""brace_token"":[],""escaped_control"":[],""literal_newline"":[],""markup_tag"":[""</hgh_f>"",""<hgh_f c=0>""],""printf_token"":[],""var_tag"":[]}",
HGHU-TW-001346,角色與劇情,在這片沙漠裡，我將訓練自己變得更強！,"{""brace_token"":[],""escaped_control"":[],""literal_newline"":[],""markup_tag"":[],""printf_token"":[],""var_tag"":[]}",
HGHU-TW-001347,角色與劇情,哇喔。,"{""brace_token"":[],""escaped_control"":[],""literal_newline"":[],""markup_tag"":[],""printf_token"":[],""var_tag"":[]}",
HGHU-TW-001348,角色與劇情,是時候再看一下我的卷軸了。,"{""brace_token"":[],""escaped_control"":[],""literal_newline"":[],""markup_tag"":[],""printf_token"":[],""var_tag"":[]}",
HGHU-TW-001349,角色與劇情,讓我看看這裡...,"{""brace_token"":[],""escaped_control"":[],""literal_newline"":[],""markup_tag"":[],""printf_token"":[],""var_tag"":[]}",
HGHU-TW-001350,角色與劇情,<hgh_f c=0>「一個真正的忍者必須鍛鍊心智來控制思想。」</hgh_f>,"{""brace_token"":[],""escaped_control"":[],""literal_newline"":[],""markup_tag"":[""</hgh_f>"",""<hgh_f c=0>""],""printf_token"":[],""var_tag"":[]}",
HGHU-TW-001351,角色與劇情,簡單。,"{""brace_token"":[],""escaped_control"":[],""literal_newline"":[],""markup_tag"":[],""printf_token"":[],""var_tag"":[]}",
HGHU-TW-001352,角色與劇情,我會先從控制自己不去想那個假冒的對手精靈，<hgh_f c=0>霍莉・什麼來著</hgh_f>開始。,"{""brace_token"":[],""escaped_control"":[],""literal_newline"":[],""markup_tag"":[""</hgh_f>"",""<hgh_f c=0>""],""printf_token"":[],""var_tag"":[]}",
HGHU-TW-001353,角色與劇情,每次我一想到她，她就會復活。,"{""brace_token"":[],""escaped_control"":[],""literal_newline"":[],""markup_tag"":[],""printf_token"":[],""var_tag"":[]}",
HGHU-TW-001354,角色與劇情,這種事絕不能再發生！,"{""brace_token"":[],""escaped_control"":[],""literal_newline"":[],""markup_tag"":[],""printf_token"":[],""var_tag"":[]}",
HGHU-TW-001355,角色與劇情,<hgh_f c=0>「要成為一名忍者戰士，必須精通忍術。」</hgh_f>,"{""brace_token"":[],""escaped_control"":[],""literal_newline"":[],""markup_tag"":[""</hgh_f>"",""<hgh_f c=0>""],""printf_token"":[],""var_tag"":[]}",
HGHU-TW-001356,角色與劇情,喔！我回來了！,"{""brace_token"":[],""escaped_control"":[],""literal_newline"":[],""markup_tag"":[],""printf_token"":[],""var_tag"":[]}",
HGHU-TW-001357,角色與劇情,有人在想我嗎？,"{""brace_token"":[],""escaped_control"":[],""literal_newline"":[],""markup_tag"":[],""printf_token"":[],""var_tag"":[]}",
HGHU-TW-001358,角色與劇情,不是我。我是一個<hgh_f c=0>忍者</hgh_f>！,"{""brace_token"":[],""escaped_control"":[],""literal_newline"":[],""markup_tag"":[""</hgh_f>"",""<hgh_f c=0>""],""printf_token"":[],""var_tag"":[]}",
HGHU-TW-001359,角色與劇情,我的心智可是非常有紀律的！,"{""brace_token"":[],""escaped_control"":[],""literal_newline"":[],""markup_tag"":[],""printf_token"":[],""var_tag"":[]}",
HGHU-TW-001360,角色與劇情,喔，天啊！那妳一定像我一樣精通了忍術！,"{""brace_token"":[],""escaped_control"":[],""literal_newline"":[],""markup_tag"":[],""printf_token"":[],""var_tag"":[]}",
HGHU-TW-001361,角色與劇情,<hgh_f c=0>「隱密！」</hgh_f>,"{""brace_token"":[],""escaped_control"":[],""literal_newline"":[],""markup_tag"":[""</hgh_f>"",""<hgh_f c=0>""],""printf_token"":[],""var_tag"":[]}",
HGHU-TW-001362,角色與劇情,<hgh_f c=0>「隱密！」</hgh_f>,"{""brace_token"":[],""escaped_control"":[],""literal_newline"":[],""markup_tag"":[""</hgh_f>"",""<hgh_f c=0>""],""printf_token"":[],""var_tag"":[]}",
HGHU-TW-001363,角色與劇情,<hgh_f c=0>「速度！」</hgh_f>,"{""brace_token"":[],""escaped_control"":[],""literal_newline"":[],""markup_tag"":[""</hgh_f>"",""<hgh_f c=0>""],""printf_token"":[],""var_tag"":[]}",
HGHU-TW-001364,角色與劇情,<hgh_f c=0>「力量！」</hgh_f>,"{""brace_token"":[],""escaped_control"":[],""literal_newline"":[],""markup_tag"":[""</hgh_f>"",""<hgh_f c=0>""],""printf_token"":[],""var_tag"":[]}",
HGHU-TW-001365,角色與劇情,每一個都比上一個簡單！我一下子就成了<hgh_f c=0>忍者大師</hgh_f>！,"{""brace_token"":[],""escaped_control"":[],""literal_newline"":[],""markup_tag"":[""</hgh_f>"",""<hgh_f c=0>""],""printf_token"":[],""var_tag"":[]}",
HGHU-TW-001366,角色與劇情,什麼？！,"{""brace_token"":[],""escaped_control"":[],""literal_newline"":[],""markup_tag"":[],""printf_token"":[],""var_tag"":[]}",
HGHU-TW-001367,角色與劇情,這是真的。這個世界上沒有什麼比成為忍者大師更容易的事了。,"{""brace_token"":[],""escaped_control"":[],""literal_newline"":[],""markup_tag"":[],""printf_token"":[],""var_tag"":[]}",
HGHU-TW-001368,角色與劇情,而鍛鍊心智是所有課程中最簡單的！,"{""brace_token"":[],""escaped_control"":[],""literal_newline"":[],""markup_tag"":[],""printf_token"":[],""var_tag"":[]}",
HGHU-TW-001369,角色與劇情,嘻嘻！,"{""brace_token"":[],""escaped_control"":[],""literal_newline"":[],""markup_tag"":[],""printf_token"":[],""var_tag"":[]}",
HGHU-TW-001370,角色與劇情,這就像在嬰兒不知情的情況下，舔掉他週歲蛋糕上的糖霜一樣簡單。,"{""brace_token"":[],""escaped_control"":[],""literal_newline"":[],""markup_tag"":[],""printf_token"":[],""var_tag"":[]}",
HGHU-TW-001371,角色與劇情,這件事我做過。,"{""brace_token"":[],""escaped_control"":[],""literal_newline"":[],""markup_tag"":[],""printf_token"":[],""var_tag"":[]}",
HGHU-TW-001372,角色與劇情,<hgh_f c=0>「速度！」</hgh_f>,"{""brace_token"":[],""escaped_control"":[],""literal_newline"":[],""markup_tag"":[""</hgh_f>"",""<hgh_f c=0>""],""printf_token"":[],""var_tag"":[]}",
HGHU-TW-001373,角色與劇情,以一個忍者的身分。,"{""brace_token"":[],""escaped_control"":[],""literal_newline"":[],""markup_tag"":[],""printf_token"":[],""var_tag"":[]}",
HGHU-TW-001374,角色與劇情,再見囉！,"{""brace_token"":[],""escaped_control"":[],""literal_newline"":[],""markup_tag"":[],""printf_token"":[],""var_tag"":[]}",
HGHU-TW-001375,角色與劇情,嗚喔喔！,"{""brace_token"":[],""escaped_control"":[],""literal_newline"":[],""markup_tag"":[],""printf_token"":[],""var_tag"":[]}",
HGHU-TW-001376,角色與劇情,她氣死我了！我絕對不會忘記這筆帳的！！,"{""brace_token"":[],""escaped_control"":[],""literal_newline"":[],""markup_tag"":[],""printf_token"":[],""var_tag"":[]}",
HGHU-TW-001377,角色與劇情,我會讓她見識一下我的心智紀律有多好！,"{""brace_token"":[],""escaped_control"":[],""literal_newline"":[],""markup_tag"":[],""printf_token"":[],""var_tag"":[]}",
HGHU-TW-001378,角色與劇情,就算我得在這個糟糕的沙漠裡到處追著她跑！,"{""brace_token"":[],""escaped_control"":[],""literal_newline"":[],""markup_tag"":[],""printf_token"":[],""var_tag"":[]}",
HGHU-TW-001379,角色與劇情,<hgh_f c=0>「力量！」</hgh_f>,"{""brace_token"":[],""escaped_control"":[],""literal_newline"":[],""markup_tag"":[""</hgh_f>"",""<hgh_f c=0>""],""printf_token"":[],""var_tag"":[]}",
HGHU-TW-001380,角色與劇情,喔！,"{""brace_token"":[],""escaped_control"":[],""literal_newline"":[],""markup_tag"":[],""printf_token"":[],""var_tag"":[]}",
HGHU-TW-001381,角色與劇情,妳找到我了！,"{""brace_token"":[],""escaped_control"":[],""literal_newline"":[],""markup_tag"":[],""printf_token"":[],""var_tag"":[]}",
HGHU-TW-001382,角色與劇情,沒錯，而且我要讓妳看看<hgh_f c=0>真正的</hgh_f>心智紀律是什麼樣子！,"{""brace_token"":[],""escaped_control"":[],""literal_newline"":[],""markup_tag"":[""</hgh_f>"",""<hgh_f c=0>""],""printf_token"":[],""var_tag"":[]}",
HGHU-TW-001383,角色與劇情,如果妳那麼喜歡紀律，為什麼不早說呢？,"{""brace_token"":[],""escaped_control"":[],""literal_newline"":[],""markup_tag"":[],""printf_token"":[],""var_tag"":[]}",
HGHU-TW-001384,角色與劇情,威伯！,"{""brace_token"":[],""escaped_control"":[],""literal_newline"":[],""markup_tag"":[],""printf_token"":[],""var_tag"":[]}",
HGHU-TW-001385,角色與劇情,過來，好孩子！,"{""brace_token"":[],""escaped_control"":[],""literal_newline"":[],""markup_tag"":[],""printf_token"":[],""var_tag"":[]}",
HGHU-TW-001386,角色與劇情,<hgh_f c=0>「忍者運用這些技能來斬殺敵人！」</hgh_f>,"{""brace_token"":[],""escaped_control"":[],""literal_newline"":[],""markup_tag"":[""</hgh_f>"",""<hgh_f c=0>""],""printf_token"":[],""var_tag"":[]}",
HGHU-TW-001387,角色與劇情,威伯可以給妳所有妳能承受的紀律！,"{""brace_token"":[],""escaped_control"":[],""literal_newline"":[],""markup_tag"":[],""printf_token"":[],""var_tag"":[]}",
HGHU-TW-001388,角色與劇情,嘻嘻嘻！,"{""brace_token"":[],""escaped_control"":[],""literal_newline"":[],""markup_tag"":[],""printf_token"":[],""var_tag"":[]}",
HGHU-TW-001389,角色與劇情,我打敗妳的蟲子了！,"{""brace_token"":[],""escaped_control"":[],""literal_newline"":[],""markup_tag"":[],""printf_token"":[],""var_tag"":[]}",
HGHU-TW-001390,角色與劇情,現在，感受忍者的怒火吧！,"{""brace_token"":[],""escaped_control"":[],""literal_newline"":[],""markup_tag"":[],""printf_token"":[],""var_tag"":[]}",
HGHU-TW-001391,角色與劇情,我可不這麼認為。,"{""brace_token"":[],""escaped_control"":[],""literal_newline"":[],""markup_tag"":[],""printf_token"":[],""var_tag"":[]}",
HGHU-TW-001392,角色與劇情,嗯，亮片大陸最近確實有很多壞人和怪物...,"{""brace_token"":[],""escaped_control"":[],""literal_newline"":[],""markup_tag"":[],""printf_token"":[],""var_tag"":[]}",
HGHU-TW-001393,角色與劇情,妳看，我發現了長生不老的秘密。,"{""brace_token"":[],""escaped_control"":[],""literal_newline"":[],""markup_tag"":[],""printf_token"":[],""var_tag"":[]}",
HGHU-TW-001394,角色與劇情,只要我還在妳的<hgh_f c=0>思想</hgh_f>裡，我就能<hgh_f c=0>永遠</hgh_f>活著！,"{""brace_token"":[],""escaped_control"":[],""literal_newline"":[],""markup_tag"":[""</hgh_f>"",""</hgh_f>"",""<hgh_f c=0>"",""<hgh_f c=0>""],""printf_token"":[],""var_tag"":[]}",
HGHU-TW-001395,角色與劇情,等一下...,"{""brace_token"":[],""escaped_control"":[],""literal_newline"":[],""markup_tag"":[],""printf_token"":[],""var_tag"":[]}",
HGHU-TW-001396,角色與劇情,我的卷軸掉了。,"{""brace_token"":[],""escaped_control"":[],""literal_newline"":[],""markup_tag"":[],""printf_token"":[],""var_tag"":[]}",
HGHU-TW-001397,角色與劇情,在這裡。,"{""brace_token"":[],""escaped_control"":[],""literal_newline"":[],""markup_tag"":[],""printf_token"":[],""var_tag"":[]}",
HGHU-TW-001398,角色與劇情,妳剛才說什麼？,"{""brace_token"":[],""escaped_control"":[],""literal_newline"":[],""markup_tag"":[],""printf_token"":[],""var_tag"":[]}",
HGHU-TW-001399,角色與劇情,我說，只要我還在妳的思想裡，我就會...,"{""brace_token"":[],""escaped_control"":[],""literal_newline"":[],""markup_tag"":[],""printf_token"":[],""var_tag"":[]}",
HGHU-TW-001400,角色與劇情,等一下，不是那個。,"{""brace_token"":[],""escaped_control"":[],""literal_newline"":[],""markup_tag"":[],""printf_token"":[],""var_tag"":[]}",
HGHU-TW-001401,角色與劇情,倒抽一口氣！我弄丟了嗎？,"{""brace_token"":[],""escaped_control"":[],""literal_newline"":[],""markup_tag"":[],""printf_token"":[],""var_tag"":[]}",
HGHU-TW-001402,角色與劇情,我發誓一秒鐘前它還在這裡的。,"{""brace_token"":[],""escaped_control"":[],""literal_newline"":[],""markup_tag"":[],""printf_token"":[],""var_tag"":[]}",
HGHU-TW-001403,角色與劇情,我應該馬上把它們斬殺掉！,"{""brace_token"":[],""escaped_control"":[],""literal_newline"":[],""markup_tag"":[],""printf_token"":[],""var_tag"":[]}",
HGHU-TW-001404,角色與劇情,喂，喂！別分心！,"{""brace_token"":[],""escaped_control"":[],""literal_newline"":[],""markup_tag"":[],""printf_token"":[],""var_tag"":[]}",
HGHU-TW-001405,角色與劇情,我撞到那個仙人掌的時候明明還拿著的...,"{""brace_token"":[],""escaped_control"":[],""literal_newline"":[],""markup_tag"":[],""printf_token"":[],""var_tag"":[]}",
HGHU-TW-001406,角色與劇情,喔可惡，全都不記得了！,"{""brace_token"":[],""escaped_control"":[],""literal_newline"":[],""markup_tag"":[],""printf_token"":[],""var_tag"":[]}",
HGHU-TW-001407,角色與劇情,想我，不要想妳那個愚蠢的卷軸！,"{""brace_token"":[],""escaped_control"":[],""literal_newline"":[],""markup_tag"":[],""printf_token"":[],""var_tag"":[]}",
HGHU-TW-001408,角色與劇情,大腦重置！,"{""brace_token"":[],""escaped_control"":[],""literal_newline"":[],""markup_tag"":[],""printf_token"":[],""var_tag"":[]}",
HGHU-TW-001409,角色與劇情,喔。找到了。,"{""brace_token"":[],""escaped_control"":[],""literal_newline"":[],""markup_tag"":[],""printf_token"":[],""var_tag"":[]}",
HGHU-TW-001410,角色與劇情,它一直都在我的口袋裡！,"{""brace_token"":[],""escaped_control"":[],""literal_newline"":[],""markup_tag"":[],""printf_token"":[],""var_tag"":[]}",
HGHU-TW-001411,角色與劇情,嘿...,"{""brace_token"":[],""escaped_control"":[],""literal_newline"":[],""markup_tag"":[],""printf_token"":[],""var_tag"":[]}",
HGHU-TW-001412,角色與劇情,她去哪了？,"{""brace_token"":[],""escaped_control"":[],""literal_newline"":[],""markup_tag"":[],""printf_token"":[],""var_tag"":[]}",
HGHU-TW-001413,角色與劇情,算了。至少我學會了<hgh_f c=0>鍛鍊心智</hgh_f>！,"{""brace_token"":[],""escaped_control"":[],""literal_newline"":[],""markup_tag"":[""</hgh_f>"",""<hgh_f c=0>""],""printf_token"":[],""var_tag"":[]}",
HGHU-TW-001414,角色與劇情,我距離成為一名真正的<hgh_f c=0>忍者大師</hgh_f>又近了一步！,"{""brace_token"":[],""escaped_control"":[],""literal_newline"":[],""markup_tag"":[""</hgh_f>"",""<hgh_f c=0>""],""printf_token"":[],""var_tag"":[]}",
HGHU-TW-001415,角色與劇情,忍者必須不斷地訓練！,"{""brace_token"":[],""escaped_control"":[],""literal_newline"":[],""markup_tag"":[],""printf_token"":[],""var_tag"":[]}",
HGHU-TW-001416,角色與劇情,好，我的卷軸接下來寫了什麼？,"{""brace_token"":[],""escaped_control"":[],""literal_newline"":[],""markup_tag"":[],""printf_token"":[],""var_tag"":[]}",
HGHU-TW-001417,角色與劇情,讓我看看這裡...,"{""brace_token"":[],""escaped_control"":[],""literal_newline"":[],""markup_tag"":[],""printf_token"":[],""var_tag"":[]}",
HGHU-TW-001418,角色與劇情,<hgh_f c=0>「一個真正的忍者必須學習破壞的藝術。」</hgh_f>,"{""brace_token"":[],""escaped_control"":[],""literal_newline"":[],""markup_tag"":[""</hgh_f>"",""<hgh_f c=0>""],""printf_token"":[],""var_tag"":[]}",
HGHU-TW-001419,角色與劇情,好的。,"{""brace_token"":[],""escaped_control"":[],""literal_newline"":[],""markup_tag"":[],""printf_token"":[],""var_tag"":[]}",
HGHU-TW-001420,角色與劇情,所以呢，隨便找個東西弄壞嗎？,"{""brace_token"":[],""escaped_control"":[],""literal_newline"":[],""markup_tag"":[],""printf_token"":[],""var_tag"":[]}",
HGHU-TW-001421,角色與劇情,嗯。有什麼是我可以破壞的？,"{""brace_token"":[],""escaped_control"":[],""literal_newline"":[],""markup_tag"":[],""printf_token"":[],""var_tag"":[]}",
HGHU-TW-001422,角色與劇情,對了！我可以向<hgh_f c=0>彈藥男爵</hgh_f>學習所有關於破壞的知識。,"{""brace_token"":[],""escaped_control"":[],""literal_newline"":[],""markup_tag"":[""</hgh_f>"",""<hgh_f c=0>""],""printf_token"":[],""var_tag"":[]}",
HGHU-TW-001423,角色與劇情,他最喜歡破壞了！而且他到處都放著各種精密設備。,"{""brace_token"":[],""escaped_control"":[],""literal_newline"":[],""markup_tag"":[],""printf_token"":[],""var_tag"":[]}",
HGHU-TW-001424,角色與劇情,他應該很容易找到。,"{""brace_token"":[],""escaped_control"":[],""literal_newline"":[],""markup_tag"":[],""printf_token"":[],""var_tag"":[]}",
HGHU-TW-001425,角色與劇情,畢竟，他的飛船在上面盤旋得感覺好像有好幾年了。,"{""brace_token"":[],""escaped_control"":[],""literal_newline"":[],""markup_tag"":[],""printf_token"":[],""var_tag"":[]}",
HGHU-TW-001426,角色與劇情,我去拜訪他一下。,"{""brace_token"":[],""escaped_control"":[],""literal_newline"":[],""markup_tag"":[],""printf_token"":[],""var_tag"":[]}",
HGHU-TW-001427,角色與劇情,忍者時間到！,"{""brace_token"":[],""escaped_control"":[],""literal_newline"":[],""markup_tag"":[],""printf_token"":[],""var_tag"":[]}",
HGHU-TW-001428,角色與劇情,站住！誰在那裡？,"{""brace_token"":[],""escaped_control"":[],""literal_newline"":[],""markup_tag"":[],""printf_token"":[],""var_tag"":[]}",
HGHU-TW-001429,角色與劇情,我是個忍者！,"{""brace_token"":[],""escaped_control"":[],""literal_newline"":[],""markup_tag"":[],""printf_token"":[],""var_tag"":[]}",
HGHU-TW-001430,角色與劇情,任何人都不准越過這條線！這是<hgh_f c=0>彈藥男爵</hgh_f>的命令！,"{""brace_token"":[],""escaped_control"":[],""literal_newline"":[],""markup_tag"":[""</hgh_f>"",""<hgh_f c=0>""],""printf_token"":[],""var_tag"":[]}",
HGHU-TW-001431,角色與劇情,發現敵人！要上囉！,"{""brace_token"":[],""escaped_control"":[],""literal_newline"":[],""markup_tag"":[],""printf_token"":[],""var_tag"":[]}",
HGHU-TW-001432,角色與劇情,我們來炸飛這個...不管它是什麼東西！,"{""brace_token"":[],""escaped_control"":[],""literal_newline"":[],""markup_tag"":[],""printf_token"":[],""var_tag"":[]}",
HGHU-TW-001433,角色與劇情,嗷嗚！,"{""brace_token"":[],""escaped_control"":[],""literal_newline"":[],""markup_tag"":[],""printf_token"":[],""var_tag"":[]}",
HGHU-TW-001434,角色與劇情,碰－喀啦－轟！,"{""brace_token"":[],""escaped_control"":[],""literal_newline"":[],""markup_tag"":[],""printf_token"":[],""var_tag"":[]}",
HGHU-TW-001435,角色與劇情,這到底是怎麼回事？,"{""brace_token"":[],""escaped_control"":[],""literal_newline"":[],""markup_tag"":[],""printf_token"":[],""var_tag"":[]}",
HGHU-TW-001436,角色與劇情,我破壞了你的飛船引擎！,"{""brace_token"":[],""escaped_control"":[],""literal_newline"":[],""markup_tag"":[],""printf_token"":[],""var_tag"":[]}",
HGHU-TW-001437,角色與劇情,我是個忍者！,"{""brace_token"":[],""escaped_control"":[],""literal_newline"":[],""markup_tag"":[],""printf_token"":[],""var_tag"":[]}",
HGHU-TW-001438,角色與劇情,但首先，我得先看一下卷軸！,"{""brace_token"":[],""escaped_control"":[],""literal_newline"":[],""markup_tag"":[],""printf_token"":[],""var_tag"":[]}",
HGHU-TW-001439,角色與劇情,是嗎？,"{""brace_token"":[],""escaped_control"":[],""literal_newline"":[],""markup_tag"":[],""printf_token"":[],""var_tag"":[]}",
HGHU-TW-001440,角色與劇情,沒錯！我想學習<hgh_f c=0>破壞</hgh_f>的藝術，這樣我就能變得跟你一樣，彈藥男爵！,"{""brace_token"":[],""escaped_control"":[],""literal_newline"":[],""markup_tag"":[""</hgh_f>"",""<hgh_f c=0>""],""printf_token"":[],""var_tag"":[]}",
HGHU-TW-001441,角色與劇情,這還真是讓我受寵若驚！,"{""brace_token"":[],""escaped_control"":[],""literal_newline"":[],""markup_tag"":[],""printf_token"":[],""var_tag"":[]}",
HGHU-TW-001442,角色與劇情,以前從來沒有人對老彈藥男爵的工作感興趣。,"{""brace_token"":[],""escaped_control"":[],""literal_newline"":[],""markup_tag"":[],""printf_token"":[],""var_tag"":[]}",
HGHU-TW-001443,角色與劇情,(吸鼻涕),"{""brace_token"":[],""escaped_control"":[],""literal_newline"":[],""markup_tag"":[],""printf_token"":[],""var_tag"":[]}",
HGHU-TW-001444,角色與劇情,我會幫妳這個忙的，夥伴。,"{""brace_token"":[],""escaped_control"":[],""literal_newline"":[],""markup_tag"":[],""printf_token"":[],""var_tag"":[]}",
HGHU-TW-001445,角色與劇情,小的們，全速集合！,"{""brace_token"":[],""escaped_control"":[],""literal_newline"":[],""markup_tag"":[],""printf_token"":[],""var_tag"":[]}",
HGHU-TW-001446,角色與劇情,讓我看看...,"{""brace_token"":[],""escaped_control"":[],""literal_newline"":[],""markup_tag"":[],""printf_token"":[],""var_tag"":[]}",
HGHU-TW-001447,角色與劇情,切換到空戰模式。,"{""brace_token"":[],""escaped_control"":[],""literal_newline"":[],""markup_tag"":[],""printf_token"":[],""var_tag"":[]}",
HGHU-TW-001448,角色與劇情,<hgh_f c=0>轟</hgh_f>！這些是最先進的飛行制服，由魔毯纖維製成。,"{""brace_token"":[],""escaped_control"":[],""literal_newline"":[],""markup_tag"":[""</hgh_f>"",""<hgh_f c=0>""],""printf_token"":[],""var_tag"":[]}",
HGHU-TW-001449,角色與劇情,看看妳能不能<hgh_f c=0>破壞</hgh_f>本大爺的寶貝。,"{""brace_token"":[],""escaped_control"":[],""literal_newline"":[],""markup_tag"":[""</hgh_f>"",""<hgh_f c=0>""],""printf_token"":[],""var_tag"":[]}",
HGHU-TW-001450,角色與劇情,上吧，別手下留情！,"{""brace_token"":[],""escaped_control"":[],""literal_newline"":[],""markup_tag"":[],""printf_token"":[],""var_tag"":[]}",
HGHU-TW-001451,角色與劇情,天啊。,"{""brace_token"":[],""escaped_control"":[],""literal_newline"":[],""markup_tag"":[],""printf_token"":[],""var_tag"":[]}",
HGHU-TW-001452,角色與劇情,我做到了！,"{""brace_token"":[],""escaped_control"":[],""literal_newline"":[],""markup_tag"":[],""printf_token"":[],""var_tag"":[]}",
HGHU-TW-001453,角色與劇情,(呻吟),"{""brace_token"":[],""escaped_control"":[],""literal_newline"":[],""markup_tag"":[],""printf_token"":[],""var_tag"":[]}",
HGHU-TW-001454,角色與劇情,你現在感受到忍者的怒火了嗎？,"{""brace_token"":[],""escaped_control"":[],""literal_newline"":[],""markup_tag"":[],""printf_token"":[],""var_tag"":[]}",
HGHU-TW-001455,角色與劇情,我感受到痛苦了。,"{""brace_token"":[],""escaped_control"":[],""literal_newline"":[],""markup_tag"":[],""printf_token"":[],""var_tag"":[]}",
HGHU-TW-001456,角色與劇情,哈哈！太好了！,"{""brace_token"":[],""escaped_control"":[],""literal_newline"":[],""markup_tag"":[],""printf_token"":[],""var_tag"":[]}",
HGHU-TW-001457,角色與劇情,我學會<hgh_f c=0>破壞的藝術</hgh_f>了！,"{""brace_token"":[],""escaped_control"":[],""literal_newline"":[],""markup_tag"":[""</hgh_f>"",""<hgh_f c=0>""],""printf_token"":[],""var_tag"":[]}",
HGHU-TW-001458,角色與劇情,字好多。,"{""brace_token"":[],""escaped_control"":[],""literal_newline"":[],""markup_tag"":[],""printf_token"":[],""var_tag"":[]}",
HGHU-TW-001459,角色與劇情,我距離成為一名真正的<hgh_f c=0>忍者大師</hgh_f>又近了一步！,"{""brace_token"":[],""escaped_control"":[],""literal_newline"":[],""markup_tag"":[""</hgh_f>"",""<hgh_f c=0>""],""printf_token"":[],""var_tag"":[]}",
HGHU-TW-001460,角色與劇情,在我的忍者修行之路上我已經走了很遠。但這樣夠遠了嗎？,"{""brace_token"":[],""escaped_control"":[],""literal_newline"":[],""markup_tag"":[],""printf_token"":[],""var_tag"":[]}",
HGHU-TW-001461,角色與劇情,我想知道我的卷軸是怎麼說的。,"{""brace_token"":[],""escaped_control"":[],""literal_newline"":[],""markup_tag"":[],""printf_token"":[],""var_tag"":[]}",
HGHU-TW-001462,角色與劇情,讓我看看這裡...,"{""brace_token"":[],""escaped_control"":[],""literal_newline"":[],""markup_tag"":[],""printf_token"":[],""var_tag"":[]}",
HGHU-TW-001463,角色與劇情,<hgh_f c=0>「一個真正的忍者會在暗影中行動。」</hgh_f>,"{""brace_token"":[],""escaped_control"":[],""literal_newline"":[],""markup_tag"":[""</hgh_f>"",""<hgh_f c=0>""],""printf_token"":[],""var_tag"":[]}",
HGHU-TW-001464,角色與劇情,好。,"{""brace_token"":[],""escaped_control"":[],""literal_newline"":[],""markup_tag"":[],""printf_token"":[],""var_tag"":[]}",
HGHU-TW-001465,角色與劇情,如果需要暗影，這個地方到處都是！,"{""brace_token"":[],""escaped_control"":[],""literal_newline"":[],""markup_tag"":[],""printf_token"":[],""var_tag"":[]}",
HGHU-TW-001466,角色與劇情,哈哈。我就直接...,"{""brace_token"":[],""escaped_control"":[],""literal_newline"":[],""markup_tag"":[],""printf_token"":[],""var_tag"":[]}",
HGHU-TW-001467,角色與劇情,走進去...,"{""brace_token"":[],""escaped_control"":[],""literal_newline"":[],""markup_tag"":[],""printf_token"":[],""var_tag"":[]}",
HGHU-TW-001468,角色與劇情,隨時準備...,"{""brace_token"":[],""escaped_control"":[],""literal_newline"":[],""markup_tag"":[],""printf_token"":[],""var_tag"":[]}",
HGHU-TW-001469,角色與劇情,忍者、忍者！,"{""brace_token"":[],""escaped_control"":[],""literal_newline"":[],""markup_tag"":[],""printf_token"":[],""var_tag"":[]}",
HGHU-TW-001470,角色與劇情,忍者不知恐懼為何物！我要進去了！,"{""brace_token"":[],""escaped_control"":[],""literal_newline"":[],""markup_tag"":[],""printf_token"":[],""var_tag"":[]}",
HGHU-TW-001471,角色與劇情,真希望我能直接跳過這些。不過...開始吧。,"{""brace_token"":[],""escaped_control"":[],""literal_newline"":[],""markup_tag"":[],""printf_token"":[],""var_tag"":[]}",
HGHU-TW-001472,角色與劇情,好，就是這裡了！,"{""brace_token"":[],""escaped_control"":[],""literal_newline"":[],""markup_tag"":[],""printf_token"":[],""var_tag"":[]}",
HGHU-TW-001473,角色與劇情,忍者在暗影中行動。,"{""brace_token"":[],""escaped_control"":[],""literal_newline"":[],""markup_tag"":[],""printf_token"":[],""var_tag"":[]}",
HGHU-TW-001474,角色與劇情,現在，來看看<hgh_f c=0>催眠男爵</hgh_f>在搞什麼鬼？,"{""brace_token"":[],""escaped_control"":[],""literal_newline"":[],""markup_tag"":[""</hgh_f>"",""<hgh_f c=0>""],""printf_token"":[],""var_tag"":[]}",
HGHU-TW-001475,角色與劇情,起來吧，無法言喻的恐怖生物！展現你的力量！,"{""brace_token"":[],""escaped_control"":[],""literal_newline"":[],""markup_tag"":[],""printf_token"":[],""var_tag"":[]}",
HGHU-TW-001476,角色與劇情,熱狗大亨，我來了！,"{""brace_token"":[],""escaped_control"":[],""literal_newline"":[],""markup_tag"":[],""printf_token"":[],""var_tag"":[]}",
HGHU-TW-001477,角色與劇情,<hgh_f c=0>「忍術之一：牆上跳躍。」</hgh_f>,"{""brace_token"":[],""escaped_control"":[],""literal_newline"":[],""markup_tag"":[""</hgh_f>"",""<hgh_f c=0>""],""printf_token"":[],""var_tag"":[]}",
HGHU-TW-001478,角色與劇情,嘿！,"{""brace_token"":[],""escaped_control"":[],""literal_newline"":[],""markup_tag"":[],""printf_token"":[],""var_tag"":[]}",
HGHU-TW-001479,角色與劇情,那邊那個人是誰？,"{""brace_token"":[],""escaped_control"":[],""literal_newline"":[],""markup_tag"":[],""printf_token"":[],""var_tag"":[]}",
HGHU-TW-001480,角色與劇情,蛤？,"{""brace_token"":[],""escaped_control"":[],""literal_newline"":[],""markup_tag"":[],""printf_token"":[],""var_tag"":[]}",
HGHU-TW-001481,角色與劇情,躲在暗影裡？,"{""brace_token"":[],""escaped_control"":[],""literal_newline"":[],""markup_tag"":[],""printf_token"":[],""var_tag"":[]}",
HGHU-TW-001482,角色與劇情,喔，不！,"{""brace_token"":[],""escaped_control"":[],""literal_newline"":[],""markup_tag"":[],""printf_token"":[],""var_tag"":[]}",
HGHU-TW-001483,角色與劇情,父親？,"{""brace_token"":[],""escaped_control"":[],""literal_newline"":[],""markup_tag"":[],""printf_token"":[],""var_tag"":[]}",
HGHU-TW-001484,角色與劇情,是你嗎？,"{""brace_token"":[],""escaped_control"":[],""literal_newline"":[],""markup_tag"":[],""printf_token"":[],""var_tag"":[]}",
HGHU-TW-001485,角色與劇情,我是個忍者！,"{""brace_token"":[],""escaped_control"":[],""literal_newline"":[],""markup_tag"":[],""printf_token"":[],""var_tag"":[]}",
HGHU-TW-001486,角色與劇情,喔，謝天謝地。,"{""brace_token"":[],""escaped_control"":[],""literal_newline"":[],""markup_tag"":[],""printf_token"":[],""var_tag"":[]}",
HGHU-TW-001487,角色與劇情,相信我，我已經好一陣子沒好好回去探望家人了。,"{""brace_token"":[],""escaped_control"":[],""literal_newline"":[],""markup_tag"":[],""printf_token"":[],""var_tag"":[]}",
HGHU-TW-001488,角色與劇情,<hgh_f c=0>「朝牆壁跳躍即可吸附在上面。」</hgh_f>,"{""brace_token"":[],""escaped_control"":[],""literal_newline"":[],""markup_tag"":[""</hgh_f>"",""<hgh_f c=0>""],""printf_token"":[],""var_tag"":[]}",
HGHU-TW-001489,角色與劇情,我還以為是我老頭來這裡對我情緒勒索的。,"{""brace_token"":[],""escaped_control"":[],""literal_newline"":[],""markup_tag"":[],""printf_token"":[],""var_tag"":[]}",
HGHU-TW-001490,角色與劇情,才不是！我是個忍者！我是變裝的桑塔。,"{""brace_token"":[],""escaped_control"":[],""literal_newline"":[],""markup_tag"":[],""printf_token"":[],""var_tag"":[]}",
HGHU-TW-001491,角色與劇情,我已經鍛鍊了心智，而且我在暗影中行動！,"{""brace_token"":[],""escaped_control"":[],""literal_newline"":[],""markup_tag"":[],""printf_token"":[],""var_tag"":[]}",
HGHU-TW-001492,角色與劇情,不錯嘛。我自己也是<hgh_f c=0>魷魚柔術</hgh_f>的學生。,"{""brace_token"":[],""escaped_control"":[],""literal_newline"":[],""markup_tag"":[""</hgh_f>"",""<hgh_f c=0>""],""printf_token"":[],""var_tag"":[]}",
HGHU-TW-001493,角色與劇情,這主要是到處跺腳。還有很多來來回回的旋轉。,"{""brace_token"":[],""escaped_control"":[],""literal_newline"":[],""markup_tag"":[],""printf_token"":[],""var_tag"":[]}",
HGHU-TW-001494,角色與劇情,無師自通的。,"{""brace_token"":[],""escaped_control"":[],""literal_newline"":[],""markup_tag"":[],""printf_token"":[],""var_tag"":[]}",
HGHU-TW-001495,角色與劇情,夠了！,"{""brace_token"":[],""escaped_control"":[],""literal_newline"":[],""markup_tag"":[],""printf_token"":[],""var_tag"":[]}",
HGHU-TW-001496,角色與劇情,讓我們來<hgh_f c=0>消滅</hgh_f>這個闖入者！,"{""brace_token"":[],""escaped_control"":[],""literal_newline"":[],""markup_tag"":[""</hgh_f>"",""<hgh_f c=0>""],""printf_token"":[],""var_tag"":[]}",
HGHU-TW-001497,角色與劇情,攻擊！,"{""brace_token"":[],""escaped_control"":[],""literal_newline"":[],""markup_tag"":[],""printf_token"":[],""var_tag"":[]}",
HGHU-TW-001498,角色與劇情,喔，好主意！,"{""brace_token"":[],""escaped_control"":[],""literal_newline"":[],""markup_tag"":[],""printf_token"":[],""var_tag"":[]}",
HGHU-TW-001499,角色與劇情,<hgh_f c=0>「按下 <IB action=Jump/> 即可從牆上跳開。」</hgh_f>,"{""brace_token"":[],""escaped_control"":[],""literal_newline"":[],""markup_tag"":[""</hgh_f>"",""<IB action=Jump/>"",""<hgh_f c=0>""],""printf_token"":[],""var_tag"":[]}",
HGHU-TW-001500,角色與劇情,看看這招！,"{""brace_token"":[],""escaped_control"":[],""literal_newline"":[],""markup_tag"":[],""printf_token"":[],""var_tag"":[]}",
HGHU-TW-001501,角色與劇情,我把你們兩個都打敗了！,"{""brace_token"":[],""escaped_control"":[],""literal_newline"":[],""markup_tag"":[],""printf_token"":[],""var_tag"":[]}",
HGHU-TW-001502,角色與劇情,感受忍者的怒火吧！,"{""brace_token"":[],""escaped_control"":[],""literal_newline"":[],""markup_tag"":[],""printf_token"":[],""var_tag"":[]}",
HGHU-TW-001503,角色與劇情,哼！我該退場了。,"{""brace_token"":[],""escaped_control"":[],""literal_newline"":[],""markup_tag"":[],""printf_token"":[],""var_tag"":[]}",
HGHU-TW-001504,角色與劇情,好的...然後上面寫著...,"{""brace_token"":[],""escaped_control"":[],""literal_newline"":[],""markup_tag"":[],""printf_token"":[],""var_tag"":[]}",
HGHU-TW-001505,角色與劇情,我的敵人已被斬殺！,"{""brace_token"":[],""escaped_control"":[],""literal_newline"":[],""markup_tag"":[],""printf_token"":[],""var_tag"":[]}",
HGHU-TW-001506,角色與劇情,最棒的是，我學會了<hgh_f c=0>在暗影中行動</hgh_f>！,"{""brace_token"":[],""escaped_control"":[],""literal_newline"":[],""markup_tag"":[""</hgh_f>"",""<hgh_f c=0>""],""printf_token"":[],""var_tag"":[]}",
HGHU-TW-001507,角色與劇情,我距離成為一名真正的<hgh_f c=0>忍者大師</hgh_f>又近了一步！,"{""brace_token"":[],""escaped_control"":[],""literal_newline"":[],""markup_tag"":[""</hgh_f>"",""<hgh_f c=0>""],""printf_token"":[],""var_tag"":[]}",
HGHU-TW-001508,角色與劇情,就是這個！,"{""brace_token"":[],""escaped_control"":[],""literal_newline"":[],""markup_tag"":[],""printf_token"":[],""var_tag"":[]}",
HGHU-TW-001509,角色與劇情,最後一課！,"{""brace_token"":[],""escaped_control"":[],""literal_newline"":[],""markup_tag"":[],""printf_token"":[],""var_tag"":[]}",
HGHU-TW-001510,角色與劇情,來看看卷軸怎麼說...,"{""brace_token"":[],""escaped_control"":[],""literal_newline"":[],""markup_tag"":[],""printf_token"":[],""var_tag"":[]}",
HGHU-TW-001511,角色與劇情,<hgh_f c=0>「忍者必須運用他所學到的一切...」</hgh_f>,"{""brace_token"":[],""escaped_control"":[],""literal_newline"":[],""markup_tag"":[""</hgh_f>"",""<hgh_f c=0>""],""printf_token"":[],""var_tag"":[]}",
HGHU-TW-001512,角色與劇情,<hgh_f c=0>「忍術之二：傳送。」</hgh_f>,"{""brace_token"":[],""escaped_control"":[],""literal_newline"":[],""markup_tag"":[""</hgh_f>"",""<hgh_f c=0>""],""printf_token"":[],""var_tag"":[]}",
HGHU-TW-001513,角色與劇情,<hgh_f c=0>「...並征服他最強大的敵人。」</hgh_f>,"{""brace_token"":[],""escaped_control"":[],""literal_newline"":[],""markup_tag"":[""</hgh_f>"",""<hgh_f c=0>""],""printf_token"":[],""var_tag"":[]}",
HGHU-TW-001514,角色與劇情,<hgh_f c=0>「只有這樣，他才能成為真正的忍者大師！」</hgh_f>,"{""brace_token"":[],""escaped_control"":[],""literal_newline"":[],""markup_tag"":[""</hgh_f>"",""<hgh_f c=0>""],""printf_token"":[],""var_tag"":[]}",
HGHU-TW-001515,角色與劇情,天啊。,"{""brace_token"":[],""escaped_control"":[],""literal_newline"":[],""markup_tag"":[],""printf_token"":[],""var_tag"":[]}",
HGHU-TW-001516,角色與劇情,征服我最強大的敵人！,"{""brace_token"":[],""escaped_control"":[],""literal_newline"":[],""markup_tag"":[],""printf_token"":[],""var_tag"":[]}",
HGHU-TW-001517,角色與劇情,但那只能是...,"{""brace_token"":[],""escaped_control"":[],""literal_newline"":[],""markup_tag"":[],""printf_token"":[],""var_tag"":[]}",
HGHU-TW-001518,角色與劇情,<hgh_f c=0>這座火山</hgh_f>！,"{""brace_token"":[],""escaped_control"":[],""literal_newline"":[],""markup_tag"":[""</hgh_f>"",""<hgh_f c=0>""],""printf_token"":[],""var_tag"":[]}",
HGHU-TW-001519,角色與劇情,我必須斬殺它。,"{""brace_token"":[],""escaped_control"":[],""literal_newline"":[],""markup_tag"":[],""printf_token"":[],""var_tag"":[]}",
HGHU-TW-001520,角色與劇情,<hgh_f c=0>「按住任何方向並按下 <IB action=Dance/> 即可消失，並在別處重新出現。」</hgh_f>,"{""brace_token"":[],""escaped_control"":[],""literal_newline"":[],""markup_tag"":[""</hgh_f>"",""<IB action=Dance/>"",""<hgh_f c=0>""],""printf_token"":[],""var_tag"":[]}",
HGHU-TW-001521,角色與劇情,但首先我得解決里絲琦‧布茲和她的叮咯鬼船員。,"{""brace_token"":[],""escaped_control"":[],""literal_newline"":[],""markup_tag"":[],""printf_token"":[],""var_tag"":[]}",
HGHU-TW-001522,角色與劇情,忍者時間到！,"{""brace_token"":[],""escaped_control"":[],""literal_newline"":[],""markup_tag"":[],""printf_token"":[],""var_tag"":[]}",
HGHU-TW-001523,角色與劇情,里絲琦‧布茲一定在埋伏等著。,"{""brace_token"":[],""escaped_control"":[],""literal_newline"":[],""markup_tag"":[],""printf_token"":[],""var_tag"":[]}",
HGHU-TW-001524,角色與劇情,忍者不知恐懼為何物！,"{""brace_token"":[],""escaped_control"":[],""literal_newline"":[],""markup_tag"":[],""printf_token"":[],""var_tag"":[]}",
HGHU-TW-001525,角色與劇情,我要進去了！,"{""brace_token"":[],""escaped_control"":[],""literal_newline"":[],""markup_tag"":[],""printf_token"":[],""var_tag"":[]}",
HGHU-TW-001526,角色與劇情,哈囉！,"{""brace_token"":[],""escaped_control"":[],""literal_newline"":[],""markup_tag"":[],""printf_token"":[],""var_tag"":[]}",
HGHU-TW-001527,角色與劇情,又是妳！？,"{""brace_token"":[],""escaped_control"":[],""literal_newline"":[],""markup_tag"":[],""printf_token"":[],""var_tag"":[]}",
HGHU-TW-001528,角色與劇情,我是個<hgh_f c=0>忍者</hgh_f>！,"{""brace_token"":[],""escaped_control"":[],""literal_newline"":[],""markup_tag"":[""</hgh_f>"",""<hgh_f c=0>""],""printf_token"":[],""var_tag"":[]}",
HGHU-TW-001529,角色與劇情,我已經學習了忍術！,"{""brace_token"":[],""escaped_control"":[],""literal_newline"":[],""markup_tag"":[],""printf_token"":[],""var_tag"":[]}",
HGHU-TW-001530,角色與劇情,我學會了速度、隱密和力量！,"{""brace_token"":[],""escaped_control"":[],""literal_newline"":[],""markup_tag"":[],""printf_token"":[],""var_tag"":[]}",
HGHU-TW-001531,角色與劇情,我是一名<hgh_f c=0>變裝</hgh_f>大師！,"{""brace_token"":[],""escaped_control"":[],""literal_newline"":[],""markup_tag"":[""</hgh_f>"",""<hgh_f c=0>""],""printf_token"":[],""var_tag"":[]}",
HGHU-TW-001532,角色與劇情,我已經變得擅長應付<hgh_f c=0>大自然</hgh_f>了。,"{""brace_token"":[],""escaped_control"":[],""literal_newline"":[],""markup_tag"":[""</hgh_f>"",""<hgh_f c=0>""],""printf_token"":[],""var_tag"":[]}",
HGHU-TW-001533,角色與劇情,我學會了<hgh_f c=0>鍛鍊心智</hgh_f>並<hgh_f c=0>控制思想</hgh_f>！,"{""brace_token"":[],""escaped_control"":[],""literal_newline"":[],""markup_tag"":[""</hgh_f>"",""</hgh_f>"",""<hgh_f c=0>"",""<hgh_f c=0>""],""printf_token"":[],""var_tag"":[]}",
HGHU-TW-001534,角色與劇情,能在<hgh_f c=0>暗影中行動</hgh_f>並對敵人進行<hgh_f c=0>破壞</hgh_f>！,"{""brace_token"":[],""escaped_control"":[],""literal_newline"":[],""markup_tag"":[""</hgh_f>"",""</hgh_f>"",""<hgh_f c=0>"",""<hgh_f c=0>""],""printf_token"":[],""var_tag"":[]}",
HGHU-TW-001535,角色與劇情,酷喔！下一個是...,"{""brace_token"":[],""escaped_control"":[],""literal_newline"":[],""markup_tag"":[],""printf_token"":[],""var_tag"":[]}",
HGHU-TW-001536,角色與劇情,我與我的<hgh_f c=0>刀刃</hgh_f>合而為一。,"{""brace_token"":[],""escaped_control"":[],""literal_newline"":[],""markup_tag"":[""</hgh_f>"",""<hgh_f c=0>""],""printf_token"":[],""var_tag"":[]}",
HGHU-TW-001537,角色與劇情,然後現在...,"{""brace_token"":[],""escaped_control"":[],""literal_newline"":[],""markup_tag"":[],""printf_token"":[],""var_tag"":[]}",
HGHU-TW-001538,角色與劇情,我們能快點嗎？,"{""brace_token"":[],""escaped_control"":[],""literal_newline"":[],""markup_tag"":[],""printf_token"":[],""var_tag"":[]}",
HGHU-TW-001539,角色與劇情,我正要征服世界，妳就來打斷我！,"{""brace_token"":[],""escaped_control"":[],""literal_newline"":[],""markup_tag"":[],""printf_token"":[],""var_tag"":[]}",
HGHU-TW-001540,角色與劇情,我要偷走這座<hgh_f c=0>火山</hgh_f>的原始能量，用它來為我的叮咯鬼軍隊提供動力！,"{""brace_token"":[],""escaped_control"":[],""literal_newline"":[],""markup_tag"":[""</hgh_f>"",""<hgh_f c=0>""],""printf_token"":[],""var_tag"":[]}",
HGHU-TW-001541,角色與劇情,呵呵呵！,"{""brace_token"":[],""escaped_control"":[],""literal_newline"":[],""markup_tag"":[],""printf_token"":[],""var_tag"":[]}",
HGHU-TW-001542,角色與劇情,休想！,"{""brace_token"":[],""escaped_control"":[],""literal_newline"":[],""markup_tag"":[],""printf_token"":[],""var_tag"":[]}",
HGHU-TW-001543,角色與劇情,我應該要<hgh_f c=0>斬殺這座火山</hgh_f>！它是我的！,"{""brace_token"":[],""escaped_control"":[],""literal_newline"":[],""markup_tag"":[""</hgh_f>"",""<hgh_f c=0>""],""printf_token"":[],""var_tag"":[]}",
HGHU-TW-001544,角色與劇情,看來我們注定要在此交鋒了！,"{""brace_token"":[],""escaped_control"":[],""literal_newline"":[],""markup_tag"":[],""printf_token"":[],""var_tag"":[]}",
HGHU-TW-001545,角色與劇情,<hgh_f c=0>「忍術之三：後撤步。」</hgh_f>,"{""brace_token"":[],""escaped_control"":[],""literal_newline"":[],""markup_tag"":[""</hgh_f>"",""<hgh_f c=0>""],""printf_token"":[],""var_tag"":[]}",
HGHU-TW-001546,角色與劇情,喔，快閉嘴吧！,"{""brace_token"":[],""escaped_control"":[],""literal_newline"":[],""markup_tag"":[],""printf_token"":[],""var_tag"":[]}",
HGHU-TW-001547,角色與劇情,妳被打敗了！,"{""brace_token"":[],""escaped_control"":[],""literal_newline"":[],""markup_tag"":[],""printf_token"":[],""var_tag"":[]}",
HGHU-TW-001548,角色與劇情,感受忍者的怒火吧！,"{""brace_token"":[],""escaped_control"":[],""literal_newline"":[],""markup_tag"":[],""printf_token"":[],""var_tag"":[]}",
HGHU-TW-001549,角色與劇情,好...,"{""brace_token"":[],""escaped_control"":[],""literal_newline"":[],""markup_tag"":[],""printf_token"":[],""var_tag"":[]}",
HGHU-TW-001550,角色與劇情,<hgh_f c=0>忍者</hgh_f>...,"{""brace_token"":[],""escaped_control"":[],""literal_newline"":[],""markup_tag"":[""</hgh_f>"",""<hgh_f c=0>""],""printf_token"":[],""var_tag"":[]}",
HGHU-TW-001551,角色與劇情,<hgh_f c=0>「按下 <IB action=Dodge/> 閃避以躲開危險。」</hgh_f>,"{""brace_token"":[],""escaped_control"":[],""literal_newline"":[],""markup_tag"":[""</hgh_f>"",""<IB action=Dodge/>"",""<hgh_f c=0>""],""printf_token"":[],""var_tag"":[]}",
HGHU-TW-001552,角色與劇情,但妳絕對逃不掉的。,"{""brace_token"":[],""escaped_control"":[],""literal_newline"":[],""markup_tag"":[],""printf_token"":[],""var_tag"":[]}",
HGHU-TW-001553,角色與劇情,妳那寶貝<hgh_f c=0>火山</hgh_f>要把妳<hgh_f c=0>整個吞噬</hgh_f>了！,"{""brace_token"":[],""escaped_control"":[],""literal_newline"":[],""markup_tag"":[""</hgh_f>"",""</hgh_f>"",""<hgh_f c=0>"",""<hgh_f c=0>""],""printf_token"":[],""var_tag"":[]}",
HGHU-TW-001554,角色與劇情,希望妳能在<hgh_f c=0>熔岩</hgh_f>裡<hgh_f c=0>游泳</hgh_f>！,"{""brace_token"":[],""escaped_control"":[],""literal_newline"":[],""markup_tag"":[""</hgh_f>"",""</hgh_f>"",""<hgh_f c=0>"",""<hgh_f c=0>""],""printf_token"":[],""var_tag"":[]}",
HGHU-TW-001555,角色與劇情,<hgh_f c=0>呵呵呵</hgh_f>！！,"{""brace_token"":[],""escaped_control"":[],""literal_newline"":[],""markup_tag"":[""</hgh_f>"",""<hgh_f c=0>""],""printf_token"":[],""var_tag"":[]}",
HGHU-TW-001556,角色與劇情,嗯。,"{""brace_token"":[],""escaped_control"":[],""literal_newline"":[],""markup_tag"":[],""printf_token"":[],""var_tag"":[]}",
HGHU-TW-001557,角色與劇情,等一下，我查一下卷軸。,"{""brace_token"":[],""escaped_control"":[],""literal_newline"":[],""markup_tag"":[],""printf_token"":[],""var_tag"":[]}",
HGHU-TW-001558,角色與劇情,有意思。喔！看看這個！,"{""brace_token"":[],""escaped_control"":[],""literal_newline"":[],""markup_tag"":[],""printf_token"":[],""var_tag"":[]}",
HGHU-TW-001559,角色與劇情,讓我看看這裡...,"{""brace_token"":[],""escaped_control"":[],""literal_newline"":[],""markup_tag"":[],""printf_token"":[],""var_tag"":[]}",
HGHU-TW-001560,角色與劇情,<hgh_f c=0>「在熔岩中游泳『不是』忍者之道。」</hgh_f>,"{""brace_token"":[],""escaped_control"":[],""literal_newline"":[],""markup_tag"":[""</hgh_f>"",""<hgh_f c=0>""],""printf_token"":[],""var_tag"":[]}",
HGHU-TW-001561,角色與劇情,<hgh_f c=0>「忍者『無論如何』都要避開熔岩。」</hgh_f>,"{""brace_token"":[],""escaped_control"":[],""literal_newline"":[],""markup_tag"":[""</hgh_f>"",""<hgh_f c=0>""],""printf_token"":[],""var_tag"":[]}",
HGHU-TW-001562,角色與劇情,喔，不！,"{""brace_token"":[],""escaped_control"":[],""literal_newline"":[],""markup_tag"":[],""printf_token"":[],""var_tag"":[]}",
HGHU-TW-001563,角色與劇情,這裡不適合我！,"{""brace_token"":[],""escaped_control"":[],""literal_newline"":[],""markup_tag"":[],""printf_token"":[],""var_tag"":[]}",
HGHU-TW-001564,角色與劇情,忍者遁形！,"{""brace_token"":[],""escaped_control"":[],""literal_newline"":[],""markup_tag"":[],""printf_token"":[],""var_tag"":[]}",
HGHU-TW-001565,角色與劇情,未使用,"{""brace_token"":[],""escaped_control"":[],""literal_newline"":[],""markup_tag"":[],""printf_token"":[],""var_tag"":[]}",
HGHU-TW-001566,角色與劇情,<hgh_f c=0>「忍術之四：忍者飛鏢。」</hgh_f>,"{""brace_token"":[],""escaped_control"":[],""literal_newline"":[],""markup_tag"":[""</hgh_f>"",""<hgh_f c=0>""],""printf_token"":[],""var_tag"":[]}",
HGHU-TW-001567,角色與劇情,未使用,"{""brace_token"":[],""escaped_control"":[],""literal_newline"":[],""markup_tag"":[],""printf_token"":[],""var_tag"":[]}",
HGHU-TW-001568,角色與劇情,未使用,"{""brace_token"":[],""escaped_control"":[],""literal_newline"":[],""markup_tag"":[],""printf_token"":[],""var_tag"":[]}",
HGHU-TW-001569,角色與劇情,未使用,"{""brace_token"":[],""escaped_control"":[],""literal_newline"":[],""markup_tag"":[],""printf_token"":[],""var_tag"":[]}",
HGHU-TW-001570,角色與劇情,唉...星星真漂亮...,"{""brace_token"":[],""escaped_control"":[],""literal_newline"":[],""markup_tag"":[],""printf_token"":[],""var_tag"":[]}",
HGHU-TW-001571,角色與劇情,太好了！,"{""brace_token"":[],""escaped_control"":[],""literal_newline"":[],""markup_tag"":[],""printf_token"":[],""var_tag"":[]}",
HGHU-TW-001572,角色與劇情,勝利是我的！,"{""brace_token"":[],""escaped_control"":[],""literal_newline"":[],""markup_tag"":[],""printf_token"":[],""var_tag"":[]}",
HGHU-TW-001573,角色與劇情,我面對了我最強大的敵人並且<hgh_f c=0>大獲全勝</hgh_f>！,"{""brace_token"":[],""escaped_control"":[],""literal_newline"":[],""markup_tag"":[""</hgh_f>"",""<hgh_f c=0>""],""printf_token"":[],""var_tag"":[]}",
HGHU-TW-001574,角色與劇情,今天我已經成為了一名<hgh_f c=0>真正的忍者大師</hgh_f>！,"{""brace_token"":[],""escaped_control"":[],""literal_newline"":[],""markup_tag"":[""</hgh_f>"",""<hgh_f c=0>""],""printf_token"":[],""var_tag"":[]}",
HGHU-TW-001575,角色與劇情,桑塔！,"{""brace_token"":[],""escaped_control"":[],""literal_newline"":[],""markup_tag"":[],""printf_token"":[],""var_tag"":[]}",
HGHU-TW-001576,角色與劇情,<hgh_f c=0>「消耗妳的忍者魔法來發射致命的刀刃，刺穿毫無防備的敵人。」</hgh_f>,"{""brace_token"":[],""escaped_control"":[],""literal_newline"":[],""markup_tag"":[""</hgh_f>"",""<hgh_f c=0>""],""printf_token"":[],""var_tag"":[]}",
HGHU-TW-001577,角色與劇情,喔，嘿，叔叔！,"{""brace_token"":[],""escaped_control"":[],""literal_newline"":[],""markup_tag"":[],""printf_token"":[],""var_tag"":[]}",
HGHU-TW-001578,角色與劇情,我剛才有聽到妳說<hgh_f c=0>忍者大師</hgh_f>嗎？,"{""brace_token"":[],""escaped_control"":[],""literal_newline"":[],""markup_tag"":[""</hgh_f>"",""<hgh_f c=0>""],""printf_token"":[],""var_tag"":[]}",
HGHU-TW-001579,角色與劇情,真有趣，因為妳訂購的<hgh_f c=0>忍者服裝</hgh_f>剛剛才送到我的工坊。,"{""brace_token"":[],""escaped_control"":[],""literal_newline"":[],""markup_tag"":[""</hgh_f>"",""<hgh_f c=0>""],""printf_token"":[],""var_tag"":[]}",
HGHU-TW-001580,角色與劇情,如果妳想的話，我們可以一起去拿。,"{""brace_token"":[],""escaped_control"":[],""literal_newline"":[],""markup_tag"":[],""printf_token"":[],""var_tag"":[]}",
HGHU-TW-001581,角色與劇情,蛤？,"{""brace_token"":[],""escaped_control"":[],""literal_newline"":[],""markup_tag"":[],""printf_token"":[],""var_tag"":[]}",
HGHU-TW-001582,角色與劇情,對了，我真的很想知道...,"{""brace_token"":[],""escaped_control"":[],""literal_newline"":[],""markup_tag"":[],""printf_token"":[],""var_tag"":[]}",
HGHU-TW-001583,角色與劇情,妳為什麼穿著妳以前的訓練服？,"{""brace_token"":[],""escaped_control"":[],""literal_newline"":[],""markup_tag"":[],""printf_token"":[],""var_tag"":[]}",
HGHU-TW-001584,角色與劇情,我今天早上把它們放在妳的門廊上了。想說妳可能想留著做紀念。,"{""brace_token"":[],""escaped_control"":[],""literal_newline"":[],""markup_tag"":[],""printf_token"":[],""var_tag"":[]}",
HGHU-TW-001585,角色與劇情,沒想到妳居然真的會試著穿上去！,"{""brace_token"":[],""escaped_control"":[],""literal_newline"":[],""markup_tag"":[],""printf_token"":[],""var_tag"":[]}",
HGHU-TW-001586,角色與劇情,這真噁心。最後，最後一個。讓我看看...,"{""brace_token"":[],""escaped_control"":[],""literal_newline"":[],""markup_tag"":[],""printf_token"":[],""var_tag"":[]}",
HGHU-TW-001587,角色與劇情,天啊！,"{""brace_token"":[],""escaped_control"":[],""literal_newline"":[],""markup_tag"":[],""printf_token"":[],""var_tag"":[]}",
HGHU-TW-001588,角色與劇情,我很驚訝妳居然還穿得下那堆舊破布。,"{""brace_token"":[],""escaped_control"":[],""literal_newline"":[],""markup_tag"":[],""printf_token"":[],""var_tag"":[]}",
HGHU-TW-001589,角色與劇情,訓練服？,"{""brace_token"":[],""escaped_control"":[],""literal_newline"":[],""markup_tag"":[],""printf_token"":[],""var_tag"":[]}",
HGHU-TW-001590,角色與劇情,什麼樣的訓練？,"{""brace_token"":[],""escaped_control"":[],""literal_newline"":[],""markup_tag"":[],""printf_token"":[],""var_tag"":[]}",
HGHU-TW-001591,角色與劇情,哎呀，當然是<hgh_f c=0>如廁訓練</hgh_f>啊！,"{""brace_token"":[],""escaped_control"":[],""literal_newline"":[],""markup_tag"":[""</hgh_f>"",""<hgh_f c=0>""],""printf_token"":[],""var_tag"":[]}",
HGHU-TW-001592,角色與劇情,這是妳還是個小不點的時候穿的！,"{""brace_token"":[],""escaped_control"":[],""literal_newline"":[],""markup_tag"":[],""printf_token"":[],""var_tag"":[]}",
HGHU-TW-001593,角色與劇情,妳那時候幾乎成天包著那條尿布！,"{""brace_token"":[],""escaped_control"":[],""literal_newline"":[],""markup_tag"":[],""printf_token"":[],""var_tag"":[]}",
HGHU-TW-001594,角色與劇情,而且當妳學會用馬桶之後，我還差點沒辦法讓妳脫下那件髒東西。,"{""brace_token"":[],""escaped_control"":[],""literal_newline"":[],""markup_tag"":[],""printf_token"":[],""var_tag"":[]}",
HGHU-TW-001595,角色與劇情,想當初，那塊布可是白得像雪一樣呢！,"{""brace_token"":[],""escaped_control"":[],""literal_newline"":[],""markup_tag"":[],""printf_token"":[],""var_tag"":[]}",
HGHU-TW-001596,角色與劇情,(吞口水),"{""brace_token"":[],""escaped_control"":[],""literal_newline"":[],""markup_tag"":[],""printf_token"":[],""var_tag"":[]}",
HGHU-TW-001597,角色與劇情,<hgh_f c=0>「忍術之五：升級。」</hgh_f>,"{""brace_token"":[],""escaped_control"":[],""literal_newline"":[],""markup_tag"":[""</hgh_f>"",""<hgh_f c=0>""],""printf_token"":[],""var_tag"":[]}",
HGHU-TW-001598,角色與劇情,啊——。天啊，這還真是讓人懷念。,"{""brace_token"":[],""escaped_control"":[],""literal_newline"":[],""markup_tag"":[],""printf_token"":[],""var_tag"":[]}",
HGHU-TW-001599,角色與劇情,喔！,"{""brace_token"":[],""escaped_control"":[],""literal_newline"":[],""markup_tag"":[],""printf_token"":[],""var_tag"":[]}",
HGHU-TW-001600,角色與劇情,而且妳還戴著我的防臭呼吸面罩！誰能忘得了那個！,"{""brace_token"":[],""escaped_control"":[],""literal_newline"":[],""markup_tag"":[],""printf_token"":[],""var_tag"":[]}",
HGHU-TW-001601,角色與劇情,看來妳也找到妳以前那捲嬰兒濕紙巾了！,"{""brace_token"":[],""escaped_control"":[],""literal_newline"":[],""markup_tag"":[],""printf_token"":[],""var_tag"":[]}",
HGHU-TW-001602,角色與劇情,你是在說我的<hgh_f c=0>忍者卷軸</hgh_f>嗎！？！,"{""brace_token"":[],""escaped_control"":[],""literal_newline"":[],""markup_tag"":[""</hgh_f>"",""<hgh_f c=0>""],""printf_token"":[],""var_tag"":[]}",
HGHU-TW-001603,角色與劇情,當然！那捲衛生紙可是妳如廁訓練的作弊小抄！,"{""brace_token"":[],""escaped_control"":[],""literal_newline"":[],""markup_tag"":[],""printf_token"":[],""var_tag"":[]}",
HGHU-TW-001604,角色與劇情,妳總是會在上面寫些小筆記。,"{""brace_token"":[],""escaped_control"":[],""literal_newline"":[],""markup_tag"":[],""printf_token"":[],""var_tag"":[]}",
HGHU-TW-001605,角色與劇情,<hgh_f c=0>「速度！隱密！力量！」</hgh_f>,"{""brace_token"":[],""escaped_control"":[],""literal_newline"":[],""markup_tag"":[""</hgh_f>"",""<hgh_f c=0>""],""printf_token"":[],""var_tag"":[]}",
HGHU-TW-001606,角色與劇情,喔不。與自然合而為一？,"{""brace_token"":[],""escaped_control"":[],""literal_newline"":[],""markup_tag"":[],""printf_token"":[],""var_tag"":[]}",
HGHU-TW-001607,角色與劇情,<hgh_f c=0>「收集寶石來提升妳的等級和能力。」</hgh_f>,"{""brace_token"":[],""escaped_control"":[],""literal_newline"":[],""markup_tag"":[""</hgh_f>"",""<hgh_f c=0>""],""printf_token"":[],""var_tag"":[]}",
HGHU-TW-001608,角色與劇情,哈！沒錯！在暗影中行動！全都是在說那個。,"{""brace_token"":[],""escaped_control"":[],""literal_newline"":[],""markup_tag"":[],""printf_token"":[],""var_tag"":[]}",
HGHU-TW-001609,角色與劇情,現在回想起來，妳還真是把如廁訓練當作一回事啊。,"{""brace_token"":[],""escaped_control"":[],""literal_newline"":[],""markup_tag"":[],""printf_token"":[],""var_tag"":[]}",
HGHU-TW-001610,角色與劇情,真可愛。,"{""brace_token"":[],""escaped_control"":[],""literal_newline"":[],""markup_tag"":[],""printf_token"":[],""var_tag"":[]}",
HGHU-TW-001611,角色與劇情,總之，我們該去我的工坊拿那套<hgh_f c=0>忍者服裝</hgh_f>了，妳不覺得嗎？,"{""brace_token"":[],""escaped_control"":[],""literal_newline"":[],""markup_tag"":[""</hgh_f>"",""<hgh_f c=0>""],""printf_token"":[],""var_tag"":[]}",
HGHU-TW-001612,角色與劇情,當然，前提是如果妳哪天還想學習當個忍者的話！,"{""brace_token"":[],""escaped_control"":[],""literal_newline"":[],""markup_tag"":[],""printf_token"":[],""var_tag"":[]}",
HGHU-TW-001613,角色與劇情,呃...,"{""brace_token"":[],""escaped_control"":[],""literal_newline"":[],""markup_tag"":[],""printf_token"":[],""var_tag"":[]}",
HGHU-TW-001614,角色與劇情,我想我不想當忍者了，叔叔。,"{""brace_token"":[],""escaped_control"":[],""literal_newline"":[],""markup_tag"":[],""printf_token"":[],""var_tag"":[]}",
HGHU-TW-001615,角色與劇情,忍者臭死了！,"{""brace_token"":[],""escaped_control"":[],""literal_newline"":[],""markup_tag"":[],""printf_token"":[],""var_tag"":[]}",
HGHU-TW-001616,角色與劇情,<hgh_f c=0>「提升妳的等級，以快速地將妳的敵人切成濕漉漉、顫抖的肉條！」</hgh_f>,"{""brace_token"":[],""escaped_control"":[],""literal_newline"":[],""markup_tag"":[""</hgh_f>"",""<hgh_f c=0>""],""printf_token"":[],""var_tag"":[]}",
HGHU-TW-001617,角色與劇情,<hgh_f c=0>「這就是忍者之道！」</hgh_f>,"{""brace_token"":[],""escaped_control"":[],""literal_newline"":[],""markup_tag"":[""</hgh_f>"",""<hgh_f c=0>""],""printf_token"":[],""var_tag"":[]}",
HGHU-TW-001618,角色與劇情,哇喔。聽起來真棒。,"{""brace_token"":[],""escaped_control"":[],""literal_newline"":[],""markup_tag"":[],""printf_token"":[],""var_tag"":[]}",
HGHU-TW-001619,角色與劇情,嘻嘻！我想我準備好了！,"{""brace_token"":[],""escaped_control"":[],""literal_newline"":[],""markup_tag"":[],""printf_token"":[],""var_tag"":[]}",
HGHU-TW-001620,角色與劇情,忍者時間到！,"{""brace_token"":[],""escaped_control"":[],""literal_newline"":[],""markup_tag"":[],""printf_token"":[],""var_tag"":[]}",
HGHU-TW-001621,角色與劇情,我的<hgh_f c=0>忍者服裝</hgh_f>今天送來了！,"{""brace_token"":[],""escaped_control"":[],""literal_newline"":[],""markup_tag"":[""</hgh_f>"",""<hgh_f c=0>""],""printf_token"":[],""var_tag"":[]}",
HGHU-TW-001622,角色與劇情,就是這個！,"{""brace_token"":[],""escaped_control"":[],""literal_newline"":[],""markup_tag"":[],""printf_token"":[],""var_tag"":[]}",
HGHU-TW-001623,角色與劇情,我感覺到我的敵人就在附近。,"{""brace_token"":[],""escaped_control"":[],""literal_newline"":[],""markup_tag"":[],""printf_token"":[],""var_tag"":[]}",
HGHU-TW-001624,角色與劇情,但在我展開戰鬥之前，最好先檢查一下那個<hgh_f c=0>卷軸</hgh_f>...,"{""brace_token"":[],""escaped_control"":[],""literal_newline"":[],""markup_tag"":[""</hgh_f>"",""<hgh_f c=0>""],""printf_token"":[],""var_tag"":[]}",
HGHU-TW-001625,角色與劇情,讓我看看這裡...,"{""brace_token"":[],""escaped_control"":[],""literal_newline"":[],""markup_tag"":[],""printf_token"":[],""var_tag"":[]}",
HGHU-TW-001626,角色與劇情,<hgh_f c=0>「一個真正的忍者是變裝大師。」</hgh_f>,"{""brace_token"":[],""escaped_control"":[],""literal_newline"":[],""markup_tag"":[""</hgh_f>"",""<hgh_f c=0>""],""printf_token"":[],""var_tag"":[]}",
HGHU-TW-001627,角色與劇情,懂了。,"{""brace_token"":[],""escaped_control"":[],""literal_newline"":[],""markup_tag"":[],""printf_token"":[],""var_tag"":[]}",
HGHU-TW-001628,角色與劇情,我必須隱藏我的真實身分！,"{""brace_token"":[],""escaped_control"":[],""literal_newline"":[],""markup_tag"":[],""printf_token"":[],""var_tag"":[]}",
HGHU-TW-001629,角色與劇情,好合身！穿起來簡直完美！,"{""brace_token"":[],""escaped_control"":[],""literal_newline"":[],""markup_tag"":[],""printf_token"":[],""var_tag"":[]}",
HGHU-TW-001630,角色與劇情,呵呵呵！,"{""brace_token"":[],""escaped_control"":[],""literal_newline"":[],""markup_tag"":[],""printf_token"":[],""var_tag"":[]}",
HGHU-TW-001631,角色與劇情,這是什麼？,"{""brace_token"":[],""escaped_control"":[],""literal_newline"":[],""markup_tag"":[],""printf_token"":[],""var_tag"":[]}",
HGHU-TW-001632,角色與劇情,有人膽敢擋我的路？,"{""brace_token"":[],""escaped_control"":[],""literal_newline"":[],""markup_tag"":[],""printf_token"":[],""var_tag"":[]}",
HGHU-TW-001633,角色與劇情,而且還穿著睡衣？,"{""brace_token"":[],""escaped_control"":[],""literal_newline"":[],""markup_tag"":[],""printf_token"":[],""var_tag"":[]}",
HGHU-TW-001634,角色與劇情,這不是睡衣！,"{""brace_token"":[],""escaped_control"":[],""literal_newline"":[],""markup_tag"":[],""printf_token"":[],""var_tag"":[]}",
HGHU-TW-001635,角色與劇情,這是我的忍者服裝！,"{""brace_token"":[],""escaped_control"":[],""literal_newline"":[],""markup_tag"":[],""printf_token"":[],""var_tag"":[]}",
HGHU-TW-001636,角色與劇情,現在我可以體會身為<hgh_f c=0>忍者</hgh_f>拯救世界是什麼感覺了！,"{""brace_token"":[],""escaped_control"":[],""literal_newline"":[],""markup_tag"":[""</hgh_f>"",""<hgh_f c=0>""],""printf_token"":[],""var_tag"":[]}",
HGHU-TW-001637,角色與劇情,這真的是我！變裝後的桑塔！,"{""brace_token"":[],""escaped_control"":[],""literal_newline"":[],""markup_tag"":[],""printf_token"":[],""var_tag"":[]}",
HGHU-TW-001638,角色與劇情,誰？,"{""brace_token"":[],""escaped_control"":[],""literal_newline"":[],""markup_tag"":[],""printf_token"":[],""var_tag"":[]}",
HGHU-TW-001639,角色與劇情,我必須承認，這個名字聽起來有點耳熟...,"{""brace_token"":[],""escaped_control"":[],""literal_newline"":[],""markup_tag"":[],""printf_token"":[],""var_tag"":[]}",
HGHU-TW-001640,角色與劇情,什麼？！,"{""brace_token"":[],""escaped_control"":[],""literal_newline"":[],""markup_tag"":[],""printf_token"":[],""var_tag"":[]}",
HGHU-TW-001641,角色與劇情,過了這麼久，妳怎麼可能不知道我的名字！？,"{""brace_token"":[],""escaped_control"":[],""literal_newline"":[],""markup_tag"":[],""printf_token"":[],""var_tag"":[]}",
HGHU-TW-001642,角色與劇情,我們可是宿敵啊！！,"{""brace_token"":[],""escaped_control"":[],""literal_newline"":[],""markup_tag"":[],""printf_token"":[],""var_tag"":[]}",
HGHU-TW-001643,角色與劇情,嗯...除了我們合作過的那一次，然後妳就好像把那件事忘得一乾二淨了...,"{""brace_token"":[],""escaped_control"":[],""literal_newline"":[],""markup_tag"":[],""printf_token"":[],""var_tag"":[]}",
HGHU-TW-001644,角色與劇情,只有一個小小的問題。,"{""brace_token"":[],""escaped_control"":[],""literal_newline"":[],""markup_tag"":[],""printf_token"":[],""var_tag"":[]}",
HGHU-TW-001645,角色與劇情,拜託。,"{""brace_token"":[],""escaped_control"":[],""literal_newline"":[],""markup_tag"":[],""printf_token"":[],""var_tag"":[]}",
HGHU-TW-001646,角色與劇情,妳以為我會把自己限制在只當<hgh_f c=0>一個人</hgh_f>的宿敵嗎？,"{""brace_token"":[],""escaped_control"":[],""literal_newline"":[],""markup_tag"":[""</hgh_f>"",""<hgh_f c=0>""],""printf_token"":[],""var_tag"":[]}",
HGHU-TW-001647,角色與劇情,太荒謬了。,"{""brace_token"":[],""escaped_control"":[],""literal_newline"":[],""markup_tag"":[],""printf_token"":[],""var_tag"":[]}",
HGHU-TW-001648,角色與劇情,我的敵人遍布全世界。,"{""brace_token"":[],""escaped_control"":[],""literal_newline"":[],""markup_tag"":[],""printf_token"":[],""var_tag"":[]}",
HGHU-TW-001649,角色與劇情,我光是今天早上就洗劫並掠奪了三個城鎮！,"{""brace_token"":[],""escaped_control"":[],""literal_newline"":[],""markup_tag"":[],""printf_token"":[],""var_tag"":[]}",
HGHU-TW-001650,角色與劇情,「宿敵」？少來這套了。,"{""brace_token"":[],""escaped_control"":[],""literal_newline"":[],""markup_tag"":[],""printf_token"":[],""var_tag"":[]}",
HGHU-TW-001651,角色與劇情,但如果妳想打一架，我當然可以<hgh_f c=0>奉陪到底</hgh_f>。,"{""brace_token"":[],""escaped_control"":[],""literal_newline"":[],""markup_tag"":[""</hgh_f>"",""<hgh_f c=0>""],""printf_token"":[],""var_tag"":[]}",
HGHU-TW-001652,角色與劇情,小的們！,"{""brace_token"":[],""escaped_control"":[],""literal_newline"":[],""markup_tag"":[],""printf_token"":[],""var_tag"":[]}",
HGHU-TW-001653,角色與劇情,把這個小鬼炸成碎片！,"{""brace_token"":[],""escaped_control"":[],""literal_newline"":[],""markup_tag"":[],""printf_token"":[],""var_tag"":[]}",
HGHU-TW-001654,角色與劇情,想得美！,"{""brace_token"":[],""escaped_control"":[],""literal_newline"":[],""markup_tag"":[],""printf_token"":[],""var_tag"":[]}",
HGHU-TW-001655,角色與劇情,我根本不知道<hgh_f c=0>忍者</hgh_f>是什麼！,"{""brace_token"":[],""escaped_control"":[],""literal_newline"":[],""markup_tag"":[""</hgh_f>"",""<hgh_f c=0>""],""printf_token"":[],""var_tag"":[]}",
HGHU-TW-001656,角色與劇情,那麼...,"{""brace_token"":[],""escaped_control"":[],""literal_newline"":[],""markup_tag"":[],""printf_token"":[],""var_tag"":[]}",
HGHU-TW-001657,角色與劇情,很明顯你不是太空流氓。,"{""brace_token"":[],""escaped_control"":[],""literal_newline"":[],""markup_tag"":[],""printf_token"":[],""var_tag"":[]}",
HGHU-TW-001658,角色與劇情,所以這次我只給你一個口頭警告。,"{""brace_token"":[],""escaped_control"":[],""literal_newline"":[],""markup_tag"":[],""printf_token"":[],""var_tag"":[]}",
HGHU-TW-001659,角色與劇情,但下次請立刻配合，省得大家麻煩。,"{""brace_token"":[],""escaped_control"":[],""literal_newline"":[],""markup_tag"":[],""printf_token"":[],""var_tag"":[]}",
HGHU-TW-001660,角色與劇情,你能做到嗎？,"{""brace_token"":[],""escaped_control"":[],""literal_newline"":[],""markup_tag"":[],""printf_token"":[],""var_tag"":[]}",
HGHU-TW-001661,角色與劇情,謝謝妳，警官。不會再發生了。,"{""brace_token"":[],""escaped_control"":[],""literal_newline"":[],""markup_tag"":[],""printf_token"":[],""var_tag"":[]}",
HGHU-TW-001662,角色與劇情,(咕嚕咕嚕),"{""brace_token"":[],""escaped_control"":[],""literal_newline"":[],""markup_tag"":[],""printf_token"":[],""var_tag"":[]}",
HGHU-TW-001663,角色與劇情,他們正在整個亮片大陸肆虐！,"{""brace_token"":[],""escaped_control"":[],""literal_newline"":[],""markup_tag"":[],""printf_token"":[],""var_tag"":[]}",
HGHU-TW-001664,角色與劇情,總部，這裡是警官桑塔回報。,"{""brace_token"":[],""escaped_control"":[],""literal_newline"":[],""markup_tag"":[],""printf_token"":[],""var_tag"":[]}",
HGHU-TW-001665,角色與劇情,區域已確保安全！,"{""brace_token"":[],""escaped_control"":[],""literal_newline"":[],""markup_tag"":[],""printf_token"":[],""var_tag"":[]}",
HGHU-TW-001666,角色與劇情,收到！,"{""brace_token"":[],""escaped_control"":[],""literal_newline"":[],""markup_tag"":[],""printf_token"":[],""var_tag"":[]}",
HGHU-TW-001667,角色與劇情,準備撤離！,"{""brace_token"":[],""escaped_control"":[],""literal_newline"":[],""markup_tag"":[],""printf_token"":[],""var_tag"":[]}",
HGHU-TW-001668,角色與劇情,這是什麼？,"{""brace_token"":[],""escaped_control"":[],""literal_newline"":[],""markup_tag"":[],""printf_token"":[],""var_tag"":[]}",
HGHU-TW-001669,角色與劇情,我們需要妳找到並逮捕他們所有人！,"{""brace_token"":[],""escaped_control"":[],""literal_newline"":[],""markup_tag"":[],""printf_token"":[],""var_tag"":[]}",
HGHU-TW-001670,角色與劇情,我的掃描器上出現了更多太空流氓！,"{""brace_token"":[],""escaped_control"":[],""literal_newline"":[],""markup_tag"":[],""printf_token"":[],""var_tag"":[]}",
HGHU-TW-001671,角色與劇情,我最好快點行動！,"{""brace_token"":[],""escaped_control"":[],""literal_newline"":[],""markup_tag"":[],""printf_token"":[],""var_tag"":[]}",
HGHU-TW-001672,角色與劇情,不好意思，這位先生！,"{""brace_token"":[],""escaped_control"":[],""literal_newline"":[],""markup_tag"":[],""printf_token"":[],""var_tag"":[]}",
HGHU-TW-001673,角色與劇情,蛤？,"{""brace_token"":[],""escaped_control"":[],""literal_newline"":[],""markup_tag"":[],""printf_token"":[],""var_tag"":[]}",
HGHU-TW-001674,角色與劇情,我正在執行任務。,"{""brace_token"":[],""escaped_control"":[],""literal_newline"":[],""markup_tag"":[],""printf_token"":[],""var_tag"":[]}",
HGHU-TW-001675,角色與劇情,如果能耽誤你一點時間，我想問你幾個問題。,"{""brace_token"":[],""escaped_control"":[],""literal_newline"":[],""markup_tag"":[],""printf_token"":[],""var_tag"":[]}",
HGHU-TW-001676,角色與劇情,喔！樂意為執法警官效勞！,"{""brace_token"":[],""escaped_control"":[],""literal_newline"":[],""markup_tag"":[],""printf_token"":[],""var_tag"":[]}",
HGHU-TW-001677,角色與劇情,特此授權妳可以跳躍與發射子彈！,"{""brace_token"":[],""escaped_control"":[],""literal_newline"":[],""markup_tag"":[],""printf_token"":[],""var_tag"":[]}",
HGHU-TW-001678,角色與劇情,太空流氓正在逃亡，我正在尋找有關他們下落的線索。,"{""brace_token"":[],""escaped_control"":[],""literal_newline"":[],""markup_tag"":[],""printf_token"":[],""var_tag"":[]}",
HGHU-TW-001679,角色與劇情,最近有目擊到任何可疑的活動嗎？,"{""brace_token"":[],""escaped_control"":[],""literal_newline"":[],""markup_tag"":[],""printf_token"":[],""var_tag"":[]}",
HGHU-TW-001680,角色與劇情,確實有。,"{""brace_token"":[],""escaped_control"":[],""literal_newline"":[],""markup_tag"":[],""printf_token"":[],""var_tag"":[]}",
HGHU-TW-001681,角色與劇情,妳看，我經營一個偽造美人魚的生意。,"{""brace_token"":[],""escaped_control"":[],""literal_newline"":[],""markup_tag"":[],""printf_token"":[],""var_tag"":[]}",
HGHU-TW-001682,角色與劇情,嗯哼。,"{""brace_token"":[],""escaped_control"":[],""literal_newline"":[],""markup_tag"":[],""printf_token"":[],""var_tag"":[]}",
HGHU-TW-001683,角色與劇情,或許妳來這裡的路上有注意到我的作品。,"{""brace_token"":[],""escaped_control"":[],""literal_newline"":[],""markup_tag"":[],""printf_token"":[],""var_tag"":[]}",
HGHU-TW-001684,角色與劇情,有的。嗯哼。,"{""brace_token"":[],""escaped_control"":[],""literal_newline"":[],""markup_tag"":[],""printf_token"":[],""var_tag"":[]}",
HGHU-TW-001685,角色與劇情,總之，我早些時候正在倒垃圾，把工廠多餘的廢棄物倒進海裡...,"{""brace_token"":[],""escaped_control"":[],""literal_newline"":[],""markup_tag"":[],""printf_token"":[],""var_tag"":[]}",
HGHU-TW-001686,角色與劇情,繼續說。,"{""brace_token"":[],""escaped_control"":[],""literal_newline"":[],""markup_tag"":[],""printf_token"":[],""var_tag"":[]}",
HGHU-TW-001687,角色與劇情,然後這個討厭的精靈女孩走過來，把我，還有我綁架來的巨型美人魚狠狠揍了一頓！,"{""brace_token"":[],""escaped_control"":[],""literal_newline"":[],""markup_tag"":[],""printf_token"":[],""var_tag"":[]}",
HGHU-TW-001688,角色與劇情,包在我身上！警官通訊完畢！,"{""brace_token"":[],""escaped_control"":[],""literal_newline"":[],""markup_tag"":[],""printf_token"":[],""var_tag"":[]}",
HGHU-TW-001689,角色與劇情,你有向任何人報案嗎？,"{""brace_token"":[],""escaped_control"":[],""literal_newline"":[],""markup_tag"":[],""printf_token"":[],""var_tag"":[]}",
HGHU-TW-001690,角色與劇情,老天，當然沒有。唯一的目擊者就只有我，還有我的俘虜。,"{""brace_token"":[],""escaped_control"":[],""literal_newline"":[],""markup_tag"":[],""printf_token"":[],""var_tag"":[]}",
HGHU-TW-001691,角色與劇情,事件發生後，我就繼續把垃圾倒進水裡了。,"{""brace_token"":[],""escaped_control"":[],""literal_newline"":[],""markup_tag"":[],""printf_token"":[],""var_tag"":[]}",
HGHU-TW-001692,角色與劇情,先生，我很遺憾你必須經歷這些。,"{""brace_token"":[],""escaped_control"":[],""literal_newline"":[],""markup_tag"":[],""printf_token"":[],""var_tag"":[]}",
HGHU-TW-001693,角色與劇情,下次直接報案就好了。好嗎？,"{""brace_token"":[],""escaped_control"":[],""literal_newline"":[],""markup_tag"":[],""printf_token"":[],""var_tag"":[]}",
HGHU-TW-001694,角色與劇情,畢竟，這就是我們的職責所在。,"{""brace_token"":[],""escaped_control"":[],""literal_newline"":[],""markup_tag"":[],""printf_token"":[],""var_tag"":[]}",
HGHU-TW-001695,角色與劇情,謝謝妳，警官！,"{""brace_token"":[],""escaped_control"":[],""literal_newline"":[],""markup_tag"":[],""printf_token"":[],""var_tag"":[]}",
HGHU-TW-001696,角色與劇情,回去繼續偽造！那些鯖魚可不會自己變成假美人魚！,"{""brace_token"":[],""escaped_control"":[],""literal_newline"":[],""markup_tag"":[],""printf_token"":[],""var_tag"":[]}",
HGHU-TW-001697,角色與劇情,喔？,"{""brace_token"":[],""escaped_control"":[],""literal_newline"":[],""markup_tag"":[],""printf_token"":[],""var_tag"":[]}",
HGHU-TW-001698,角色與劇情,天啊！,"{""brace_token"":[],""escaped_control"":[],""literal_newline"":[],""markup_tag"":[],""printf_token"":[],""var_tag"":[]}",
HGHU-TW-001699,角色與劇情,你剛說<hgh_f c=0>鯖魚</hgh_f>嗎？,"{""brace_token"":[],""escaped_control"":[],""literal_newline"":[],""markup_tag"":[""</hgh_f>"",""<hgh_f c=0>""],""printf_token"":[],""var_tag"":[]}",
HGHU-TW-001700,角色與劇情,怎麼了，有什麼問題嗎？,"{""brace_token"":[],""escaped_control"":[],""literal_newline"":[],""markup_tag"":[],""printf_token"":[],""var_tag"":[]}",
HGHU-TW-001701,角色與劇情,鯖魚現在是<hgh_f c=0>非當季魚類</hgh_f>！,"{""brace_token"":[],""escaped_control"":[],""literal_newline"":[],""markup_tag"":[""</hgh_f>"",""<hgh_f c=0>""],""printf_token"":[],""var_tag"":[]}",
HGHU-TW-001702,角色與劇情,先生，你得跟我走一趟！,"{""brace_token"":[],""escaped_control"":[],""literal_newline"":[],""markup_tag"":[],""printf_token"":[],""var_tag"":[]}",
HGHU-TW-001703,角色與劇情,喔喔！<hgh_f c=0>看來事跡敗露了</hgh_f>！,"{""brace_token"":[],""escaped_control"":[],""literal_newline"":[],""markup_tag"":[""</hgh_f>"",""<hgh_f c=0>""],""printf_token"":[],""var_tag"":[]}",
HGHU-TW-001704,角色與劇情,在我逃跑的時候應付一下這個聲東擊西的戰術吧！,"{""brace_token"":[],""escaped_control"":[],""literal_newline"":[],""markup_tag"":[],""printf_token"":[],""var_tag"":[]}",
HGHU-TW-001705,角色與劇情,喵哈哈哈！！,"{""brace_token"":[],""escaped_control"":[],""literal_newline"":[],""markup_tag"":[],""printf_token"":[],""var_tag"":[]}",
HGHU-TW-001706,角色與劇情,這太完美了！,"{""brace_token"":[],""escaped_control"":[],""literal_newline"":[],""markup_tag"":[],""printf_token"":[],""var_tag"":[]}",
HGHU-TW-001707,角色與劇情,可惡！妳毀了一切！,"{""brace_token"":[],""escaped_control"":[],""literal_newline"":[],""markup_tag"":[],""printf_token"":[],""var_tag"":[]}",
HGHU-TW-001708,角色與劇情,就算有許可證，保留非當季的魚也是違法的！,"{""brace_token"":[],""escaped_control"":[],""literal_newline"":[],""markup_tag"":[],""printf_token"":[],""var_tag"":[]}",
HGHU-TW-001709,角色與劇情,我希望那傢伙學到教訓了！,"{""brace_token"":[],""escaped_control"":[],""literal_newline"":[],""markup_tag"":[],""printf_token"":[],""var_tag"":[]}",
HGHU-TW-001710,角色與劇情,總部，這裡是警官桑塔回報。,"{""brace_token"":[],""escaped_control"":[],""literal_newline"":[],""markup_tag"":[],""printf_token"":[],""var_tag"":[]}",
HGHU-TW-001711,角色與劇情,區域已確保安全！,"{""brace_token"":[],""escaped_control"":[],""literal_newline"":[],""markup_tag"":[],""printf_token"":[],""var_tag"":[]}",
HGHU-TW-001712,角色與劇情,收到！,"{""brace_token"":[],""escaped_control"":[],""literal_newline"":[],""markup_tag"":[],""printf_token"":[],""var_tag"":[]}",
HGHU-TW-001713,角色與劇情,準備撤離！,"{""brace_token"":[],""escaped_control"":[],""literal_newline"":[],""markup_tag"":[],""printf_token"":[],""var_tag"":[]}",
HGHU-TW-001714,角色與劇情,穿上我新的<hgh_f c=0>太空警官</hgh_f>服裝，我能比以前將更多<hgh_f c=0>壞人</hgh_f>繩之以法！,"{""brace_token"":[],""escaped_control"":[],""literal_newline"":[],""markup_tag"":[""</hgh_f>"",""</hgh_f>"",""<hgh_f c=0>"",""<hgh_f c=0>""],""printf_token"":[],""var_tag"":[]}",
HGHU-TW-001715,角色與劇情,總部，這裡是警官桑塔！,"{""brace_token"":[],""escaped_control"":[],""literal_newline"":[],""markup_tag"":[],""printf_token"":[],""var_tag"":[]}",
HGHU-TW-001716,角色與劇情,我已經追蹤太空流氓到了塔塞爾鎮。,"{""brace_token"":[],""escaped_control"":[],""literal_newline"":[],""markup_tag"":[],""printf_token"":[],""var_tag"":[]}",
HGHU-TW-001717,角色與劇情,我需要協助來找出他們的藏身處。,"{""brace_token"":[],""escaped_control"":[],""literal_newline"":[],""markup_tag"":[],""printf_token"":[],""var_tag"":[]}",
HGHU-TW-001718,角色與劇情,我要犯罪紀錄、歷史文件...任何能把這地方和犯罪連結起來的東西。,"{""brace_token"":[],""escaped_control"":[],""literal_newline"":[],""markup_tag"":[],""printf_token"":[],""var_tag"":[]}",
HGHU-TW-001719,角色與劇情,處理中。,"{""brace_token"":[],""escaped_control"":[],""literal_newline"":[],""markup_tag"":[],""printf_token"":[],""var_tag"":[]}",
HGHU-TW-001720,角色與劇情,我們關於塔塞爾鎮的資訊有限。,"{""brace_token"":[],""escaped_control"":[],""literal_newline"":[],""markup_tag"":[],""printf_token"":[],""var_tag"":[]}",
HGHU-TW-001721,角色與劇情,一場磁暴清除了我們的資料庫。,"{""brace_token"":[],""escaped_control"":[],""literal_newline"":[],""markup_tag"":[],""printf_token"":[],""var_tag"":[]}",
HGHU-TW-001722,角色與劇情,不過，還<hgh_f c=0>有一份</hgh_f>檔案完好無損。那是幾百年前的資料了。,"{""brace_token"":[],""escaped_control"":[],""literal_newline"":[],""markup_tag"":[""</hgh_f>"",""<hgh_f c=0>""],""printf_token"":[],""var_tag"":[]}",
HGHU-TW-001723,角色與劇情,我似乎打不開它。,"{""brace_token"":[],""escaped_control"":[],""literal_newline"":[],""markup_tag"":[],""printf_token"":[],""var_tag"":[]}",
HGHU-TW-001724,角色與劇情,試試連按兩下。,"{""brace_token"":[],""escaped_control"":[],""literal_newline"":[],""markup_tag"":[],""printf_token"":[],""var_tag"":[]}",
HGHU-TW-001725,角色與劇情,不行...,"{""brace_token"":[],""escaped_control"":[],""literal_newline"":[],""markup_tag"":[],""printf_token"":[],""var_tag"":[]}",
HGHU-TW-001726,角色與劇情,按右鍵，然後選擇開啟選項。,"{""brace_token"":[],""escaped_control"":[],""literal_newline"":[],""markup_tag"":[],""printf_token"":[],""var_tag"":[]}",
HGHU-TW-001727,角色與劇情,打開了。,"{""brace_token"":[],""escaped_control"":[],""literal_newline"":[],""markup_tag"":[],""printf_token"":[],""var_tag"":[]}",
HGHU-TW-001728,角色與劇情,喔！真有趣！,"{""brace_token"":[],""escaped_control"":[],""literal_newline"":[],""markup_tag"":[],""printf_token"":[],""var_tag"":[]}",
HGHU-TW-001729,角色與劇情,這裡記錄了某個人犯下的好幾萬起違法行為。,"{""brace_token"":[],""escaped_control"":[],""literal_newline"":[],""markup_tag"":[],""printf_token"":[],""var_tag"":[]}",
HGHU-TW-001730,角色與劇情,我得走了！,"{""brace_token"":[],""escaped_control"":[],""literal_newline"":[],""markup_tag"":[],""printf_token"":[],""var_tag"":[]}",
HGHU-TW-001731,角色與劇情,然而...那個人的名字被列為機密。,"{""brace_token"":[],""escaped_control"":[],""literal_newline"":[],""markup_tag"":[],""printf_token"":[],""var_tag"":[]}",
HGHU-TW-001732,角色與劇情,大概是為了保護他們的身份。,"{""brace_token"":[],""escaped_control"":[],""literal_newline"":[],""markup_tag"":[],""printf_token"":[],""var_tag"":[]}",
HGHU-TW-001733,角色與劇情,過了這麼久還要保護？,"{""brace_token"":[],""escaped_control"":[],""literal_newline"":[],""markup_tag"":[],""printf_token"":[],""var_tag"":[]}",
HGHU-TW-001734,角色與劇情,解除機密。我現在就要那個名字。,"{""brace_token"":[],""escaped_control"":[],""literal_newline"":[],""markup_tag"":[],""printf_token"":[],""var_tag"":[]}",
HGHU-TW-001735,角色與劇情,沒問題。,"{""brace_token"":[],""escaped_control"":[],""literal_newline"":[],""markup_tag"":[],""printf_token"":[],""var_tag"":[]}",
HGHU-TW-001736,角色與劇情,這名罪犯的名字是...,"{""brace_token"":[],""escaped_control"":[],""literal_newline"":[],""markup_tag"":[],""printf_token"":[],""var_tag"":[]}",
HGHU-TW-001737,角色與劇情,霍莉・「犯法太空流氓」・林格賓。,"{""brace_token"":[],""escaped_control"":[],""literal_newline"":[],""markup_tag"":[],""printf_token"":[],""var_tag"":[]}",
HGHU-TW-001738,角色與劇情,天啊！,"{""brace_token"":[],""escaped_control"":[],""literal_newline"":[],""markup_tag"":[],""printf_token"":[],""var_tag"":[]}",
HGHU-TW-001739,角色與劇情,亮片大陸的市民需要我！,"{""brace_token"":[],""escaped_control"":[],""literal_newline"":[],""markup_tag"":[],""printf_token"":[],""var_tag"":[]}",
HGHU-TW-001740,角色與劇情,有人想起我了嗎？,"{""brace_token"":[],""escaped_control"":[],""literal_newline"":[],""markup_tag"":[],""printf_token"":[],""var_tag"":[]}",
HGHU-TW-001741,角色與劇情,一定是妳！,"{""brace_token"":[],""escaped_control"":[],""literal_newline"":[],""markup_tag"":[],""printf_token"":[],""var_tag"":[]}",
HGHU-TW-001742,角色與劇情,妳知道的，記憶讓我重獲新生。,"{""brace_token"":[],""escaped_control"":[],""literal_newline"":[],""markup_tag"":[],""printf_token"":[],""var_tag"":[]}",
HGHU-TW-001743,角色與劇情,問個問題！,"{""brace_token"":[],""escaped_control"":[],""literal_newline"":[],""markup_tag"":[],""printf_token"":[],""var_tag"":[]}",
HGHU-TW-001744,角色與劇情,在...的那個晚上，妳在哪裡？,"{""brace_token"":[],""escaped_control"":[],""literal_newline"":[],""markup_tag"":[],""printf_token"":[],""var_tag"":[]}",
HGHU-TW-001745,角色與劇情,過去這幾百年？,"{""brace_token"":[],""escaped_control"":[],""literal_newline"":[],""markup_tag"":[],""printf_token"":[],""var_tag"":[]}",
HGHU-TW-001746,角色與劇情,在家。,"{""brace_token"":[],""escaped_control"":[],""literal_newline"":[],""markup_tag"":[],""printf_token"":[],""var_tag"":[]}",
HGHU-TW-001747,角色與劇情,在讀書。,"{""brace_token"":[],""escaped_control"":[],""literal_newline"":[],""markup_tag"":[],""printf_token"":[],""var_tag"":[]}",
HGHU-TW-001748,角色與劇情,真的。,"{""brace_token"":[],""escaped_control"":[],""literal_newline"":[],""markup_tag"":[],""printf_token"":[],""var_tag"":[]}",
HGHU-TW-001749,角色與劇情,如果沒有其他問題，我還有重要的事要處理。,"{""brace_token"":[],""escaped_control"":[],""literal_newline"":[],""markup_tag"":[],""printf_token"":[],""var_tag"":[]}",
HGHU-TW-001750,角色與劇情,嗯。她的說法有點可疑。,"{""brace_token"":[],""escaped_control"":[],""literal_newline"":[],""markup_tag"":[],""printf_token"":[],""var_tag"":[]}",
HGHU-TW-001751,角色與劇情,我要跟蹤她！,"{""brace_token"":[],""escaped_control"":[],""literal_newline"":[],""markup_tag"":[],""printf_token"":[],""var_tag"":[]}",
HGHU-TW-001752,角色與劇情,警官！,"{""brace_token"":[],""escaped_control"":[],""literal_newline"":[],""markup_tag"":[],""printf_token"":[],""var_tag"":[]}",
HGHU-TW-001753,角色與劇情,真是個令人愉快的驚喜。,"{""brace_token"":[],""escaped_control"":[],""literal_newline"":[],""markup_tag"":[],""printf_token"":[],""var_tag"":[]}",
HGHU-TW-001754,角色與劇情,如果我是妳，我不會再靠近了。,"{""brace_token"":[],""escaped_control"":[],""literal_newline"":[],""markup_tag"":[],""printf_token"":[],""var_tag"":[]}",
HGHU-TW-001755,角色與劇情,我可愛的威伯對擅闖者可沒那麼友善。,"{""brace_token"":[],""escaped_control"":[],""literal_newline"":[],""markup_tag"":[],""printf_token"":[],""var_tag"":[]}",
HGHU-TW-001756,角色與劇情,女士，請離開那條巨蟲，並把雙手放在頭上。,"{""brace_token"":[],""escaped_control"":[],""literal_newline"":[],""markup_tag"":[],""printf_token"":[],""var_tag"":[]}",
HGHU-TW-001757,角色與劇情,才不要！,"{""brace_token"":[],""escaped_control"":[],""literal_newline"":[],""markup_tag"":[],""printf_token"":[],""var_tag"":[]}",
HGHU-TW-001758,角色與劇情,待會見啦，警長！,"{""brace_token"":[],""escaped_control"":[],""literal_newline"":[],""markup_tag"":[],""printf_token"":[],""var_tag"":[]}",
HGHU-TW-001759,角色與劇情,可惡，被妳抓到了！,"{""brace_token"":[],""escaped_control"":[],""literal_newline"":[],""markup_tag"":[],""printf_token"":[],""var_tag"":[]}",
HGHU-TW-001760,角色與劇情,妳現在應該趕快逮捕我！,"{""brace_token"":[],""escaped_control"":[],""literal_newline"":[],""markup_tag"":[],""printf_token"":[],""var_tag"":[]}",
HGHU-TW-001761,角色與劇情,我們來幫<hgh_f c=0>我做過的所有事情</hgh_f>建檔吧！,"{""brace_token"":[],""escaped_control"":[],""literal_newline"":[],""markup_tag"":[""</hgh_f>"",""<hgh_f c=0>""],""printf_token"":[],""var_tag"":[]}",
HGHU-TW-001762,角色與劇情,一定要記得把副本交給妳的上級。,"{""brace_token"":[],""escaped_control"":[],""literal_newline"":[],""markup_tag"":[],""printf_token"":[],""var_tag"":[]}",
HGHU-TW-001763,角色與劇情,在你們說出「奇怪的聯動」之前，我就會把那些太空流氓銬起來！,"{""brace_token"":[],""escaped_control"":[],""literal_newline"":[],""markup_tag"":[],""printf_token"":[],""var_tag"":[]}",
HGHU-TW-001764,角色與劇情,事實上，跟所有人分享吧！,"{""brace_token"":[],""escaped_control"":[],""literal_newline"":[],""markup_tag"":[],""printf_token"":[],""var_tag"":[]}",
HGHU-TW-001765,角色與劇情,把我的臉印在通緝海報上，把我的惡行散播到全<hgh_f c=0>世界</hgh_f>！,"{""brace_token"":[],""escaped_control"":[],""literal_newline"":[],""markup_tag"":[""</hgh_f>"",""<hgh_f c=0>""],""printf_token"":[],""var_tag"":[]}",
HGHU-TW-001766,角色與劇情,不。,"{""brace_token"":[],""escaped_control"":[],""literal_newline"":[],""markup_tag"":[],""printf_token"":[],""var_tag"":[]}",
HGHU-TW-001767,角色與劇情,妳完全搞錯了。,"{""brace_token"":[],""escaped_control"":[],""literal_newline"":[],""markup_tag"":[],""printf_token"":[],""var_tag"":[]}",
HGHU-TW-001768,角色與劇情,我的工作是執法。,"{""brace_token"":[],""escaped_control"":[],""literal_newline"":[],""markup_tag"":[],""printf_token"":[],""var_tag"":[]}",
HGHU-TW-001769,角色與劇情,而法律規定，一旦罪犯還清了對社會的債務，他就能重獲自由！,"{""brace_token"":[],""escaped_control"":[],""literal_newline"":[],""markup_tag"":[],""printf_token"":[],""var_tag"":[]}",
HGHU-TW-001770,角色與劇情,既然妳的罪行發生在好幾個無期徒刑之前，我看不出有任何拘留妳的理由。,"{""brace_token"":[],""escaped_control"":[],""literal_newline"":[],""markup_tag"":[],""printf_token"":[],""var_tag"":[]}",
HGHU-TW-001771,角色與劇情,事實上...,"{""brace_token"":[],""escaped_control"":[],""literal_newline"":[],""markup_tag"":[],""printf_token"":[],""var_tag"":[]}",
HGHU-TW-001772,角色與劇情,好了。(嗶——！),"{""brace_token"":[],""escaped_control"":[],""literal_newline"":[],""markup_tag"":[],""printf_token"":[],""var_tag"":[]}",
HGHU-TW-001773,角色與劇情,我已經清除了妳所有的紀錄。,"{""brace_token"":[],""escaped_control"":[],""literal_newline"":[],""markup_tag"":[],""printf_token"":[],""var_tag"":[]}",
HGHU-TW-001774,角色與劇情,但首先...,"{""brace_token"":[],""escaped_control"":[],""literal_newline"":[],""markup_tag"":[],""printf_token"":[],""var_tag"":[]}",
HGHU-TW-001775,角色與劇情,沒有人會再記得妳做過的任何事。,"{""brace_token"":[],""escaped_control"":[],""literal_newline"":[],""markup_tag"":[],""printf_token"":[],""var_tag"":[]}",
HGHU-TW-001776,角色與劇情,妳自由了。,"{""brace_token"":[],""escaped_control"":[],""literal_newline"":[],""markup_tag"":[],""printf_token"":[],""var_tag"":[]}",
HGHU-TW-001777,角色與劇情,什麼——？,"{""brace_token"":[],""escaped_control"":[],""literal_newline"":[],""markup_tag"":[],""printf_token"":[],""var_tag"":[]}",
HGHU-TW-001778,角色與劇情,完成了！,"{""brace_token"":[],""escaped_control"":[],""literal_newline"":[],""markup_tag"":[],""printf_token"":[],""var_tag"":[]}",
HGHU-TW-001779,角色與劇情,去過妳的生活，成為對社會有貢獻的一員吧！,"{""brace_token"":[],""escaped_control"":[],""literal_newline"":[],""markup_tag"":[],""printf_token"":[],""var_tag"":[]}",
HGHU-TW-001780,角色與劇情,我最好先自我簡報一下。,"{""brace_token"":[],""escaped_control"":[],""literal_newline"":[],""markup_tag"":[],""printf_token"":[],""var_tag"":[]}",
HGHU-TW-001781,角色與劇情,嘿...她去哪了？,"{""brace_token"":[],""escaped_control"":[],""literal_newline"":[],""markup_tag"":[],""printf_token"":[],""var_tag"":[]}",
HGHU-TW-001782,角色與劇情,我想她是去展開新生活了吧。,"{""brace_token"":[],""escaped_control"":[],""literal_newline"":[],""markup_tag"":[],""printf_token"":[],""var_tag"":[]}",
HGHU-TW-001783,角色與劇情,當體制發揮作用時，真是太有成就感了。,"{""brace_token"":[],""escaped_control"":[],""literal_newline"":[],""markup_tag"":[],""printf_token"":[],""var_tag"":[]}",
HGHU-TW-001784,角色與劇情,總部？,"{""brace_token"":[],""escaped_control"":[],""literal_newline"":[],""markup_tag"":[],""printf_token"":[],""var_tag"":[]}",
HGHU-TW-001785,角色與劇情,這裡是總部。,"{""brace_token"":[],""escaped_control"":[],""literal_newline"":[],""markup_tag"":[],""printf_token"":[],""var_tag"":[]}",
HGHU-TW-001786,角色與劇情,區域已確保安全。,"{""brace_token"":[],""escaped_control"":[],""literal_newline"":[],""markup_tag"":[],""printf_token"":[],""var_tag"":[]}",
HGHU-TW-001787,角色與劇情,收到！,"{""brace_token"":[],""escaped_control"":[],""literal_newline"":[],""markup_tag"":[],""printf_token"":[],""var_tag"":[]}",
HGHU-TW-001788,角色與劇情,我的《行動協議手冊》就在這裡...來看看上面怎麼說...,"{""brace_token"":[],""escaped_control"":[],""literal_newline"":[],""markup_tag"":[],""printf_token"":[],""var_tag"":[]}",
HGHU-TW-001789,角色與劇情,準備撤離！,"{""brace_token"":[],""escaped_control"":[],""literal_newline"":[],""markup_tag"":[],""printf_token"":[],""var_tag"":[]}",
HGHU-TW-001790,角色與劇情,總部，請回答。,"{""brace_token"":[],""escaped_control"":[],""literal_newline"":[],""markup_tag"":[],""printf_token"":[],""var_tag"":[]}",
HGHU-TW-001791,角色與劇情,這裡是總部。,"{""brace_token"":[],""escaped_control"":[],""literal_newline"":[],""markup_tag"":[],""printf_token"":[],""var_tag"":[]}",
HGHU-TW-001792,角色與劇情,我收到可靠線報，這裡有一場非法的街頭賽車。,"{""brace_token"":[],""escaped_control"":[],""literal_newline"":[],""markup_tag"":[],""printf_token"":[],""var_tag"":[]}",
HGHU-TW-001793,角色與劇情,可能是太空流氓。,"{""brace_token"":[],""escaped_control"":[],""literal_newline"":[],""markup_tag"":[],""printf_token"":[],""var_tag"":[]}",
HGHU-TW-001794,角色與劇情,怎麼會這樣？那個區域根本沒有街道。,"{""brace_token"":[],""escaped_control"":[],""literal_newline"":[],""markup_tag"":[],""printf_token"":[],""var_tag"":[]}",
HGHU-TW-001795,角色與劇情,他們以為在空中舉辦街頭賽車，就能凌駕於法律之上！,"{""brace_token"":[],""escaped_control"":[],""literal_newline"":[],""markup_tag"":[],""printf_token"":[],""var_tag"":[]}",
HGHU-TW-001796,角色與劇情,天啊...,"{""brace_token"":[],""escaped_control"":[],""literal_newline"":[],""markup_tag"":[],""printf_token"":[],""var_tag"":[]}",
HGHU-TW-001797,角色與劇情,我會確保正義得到伸張！,"{""brace_token"":[],""escaped_control"":[],""literal_newline"":[],""markup_tag"":[],""printf_token"":[],""var_tag"":[]}",
HGHU-TW-001798,角色與劇情,住手，宇宙流氓！,"{""brace_token"":[],""escaped_control"":[],""literal_newline"":[],""markup_tag"":[],""printf_token"":[],""var_tag"":[]}",
HGHU-TW-001799,角色與劇情,嘿，女孩！,"{""brace_token"":[],""escaped_control"":[],""literal_newline"":[],""markup_tag"":[],""printf_token"":[],""var_tag"":[]}",
HGHU-TW-001800,角色與劇情,加入勝利的隊伍吧！,"{""brace_token"":[],""escaped_control"":[],""literal_newline"":[],""markup_tag"":[],""printf_token"":[],""var_tag"":[]}",
HGHU-TW-001801,角色與劇情,對，我們在為了<hgh_f c=0>粉紅單</hgh_f>賽車！,"{""brace_token"":[],""escaped_control"":[],""literal_newline"":[],""markup_tag"":[""</hgh_f>"",""<hgh_f c=0>""],""printf_token"":[],""var_tag"":[]}",
HGHU-TW-001802,角色與劇情,原來這就是你們的把戲……用所有權狀來代替獎金下注。,"{""brace_token"":[],""escaped_control"":[],""literal_newline"":[],""markup_tag"":[],""printf_token"":[],""var_tag"":[]}",
HGHU-TW-001803,角色與劇情,不，不是文件上的粉紅單。,"{""brace_token"":[],""escaped_control"":[],""literal_newline"":[],""markup_tag"":[],""printf_token"":[],""var_tag"":[]}",
HGHU-TW-001804,角色與劇情,這有點長。,"{""brace_token"":[],""escaped_control"":[],""literal_newline"":[],""markup_tag"":[],""printf_token"":[],""var_tag"":[]}",
HGHU-TW-001805,角色與劇情,是布料上的粉紅單！,"{""brace_token"":[],""escaped_control"":[],""literal_newline"":[],""markup_tag"":[],""printf_token"":[],""var_tag"":[]}",
HGHU-TW-001806,角色與劇情,所有那些<hgh_f c=0>絲滑布料</hgh_f>讓彈藥男爵品牌的飛毯超級滑順！,"{""brace_token"":[],""escaped_control"":[],""literal_newline"":[],""markup_tag"":[""</hgh_f>"",""<hgh_f c=0>""],""printf_token"":[],""var_tag"":[]}",
HGHU-TW-001807,角色與劇情,那仍然是危害市民的非法賭博！,"{""brace_token"":[],""escaped_control"":[],""literal_newline"":[],""markup_tag"":[],""printf_token"":[],""var_tag"":[]}",
HGHU-TW-001808,角色與劇情,我要把你們兩個都抓起來！,"{""brace_token"":[],""escaped_control"":[],""literal_newline"":[],""markup_tag"":[],""printf_token"":[],""var_tag"":[]}",
HGHU-TW-001809,角色與劇情,休想！,"{""brace_token"":[],""escaped_control"":[],""literal_newline"":[],""markup_tag"":[],""printf_token"":[],""var_tag"":[]}",
HGHU-TW-001810,角色與劇情,哎喲！！,"{""brace_token"":[],""escaped_control"":[],""literal_newline"":[],""markup_tag"":[],""printf_token"":[],""var_tag"":[]}",
HGHU-TW-001811,角色與劇情,到底發生了什麼事？,"{""brace_token"":[],""escaped_control"":[],""literal_newline"":[],""markup_tag"":[],""printf_token"":[],""var_tag"":[]}",
HGHU-TW-001812,角色與劇情,你因涉嫌提供改裝飛毯給非法空中街頭賽車手而被停飛了！,"{""brace_token"":[],""escaped_control"":[],""literal_newline"":[],""markup_tag"":[],""printf_token"":[],""var_tag"":[]}",
HGHU-TW-001813,角色與劇情,而且，你的人妨礙了我的調查！,"{""brace_token"":[],""escaped_control"":[],""literal_newline"":[],""markup_tag"":[],""printf_token"":[],""var_tag"":[]}",
HGHU-TW-001814,角色與劇情,你的調查？,"{""brace_token"":[],""escaped_control"":[],""literal_newline"":[],""markup_tag"":[],""printf_token"":[],""var_tag"":[]}",
HGHU-TW-001815,角色與劇情,我本人一直都在調查這些賽車！,"{""brace_token"":[],""escaped_control"":[],""literal_newline"":[],""markup_tag"":[],""printf_token"":[],""var_tag"":[]}",
HGHU-TW-001816,角色與劇情,彈藥男爵，銀河刑罰小隊！,"{""brace_token"":[],""escaped_control"":[],""literal_newline"":[],""markup_tag"":[],""printf_token"":[],""var_tag"":[]}",
HGHU-TW-001817,角色與劇情,桑塔警官！,"{""brace_token"":[],""escaped_control"":[],""literal_newline"":[],""markup_tag"":[],""printf_token"":[],""var_tag"":[]}",
HGHU-TW-001818,角色與劇情,我在這裡有管轄權！我的命令來自上級！,"{""brace_token"":[],""escaped_control"":[],""literal_newline"":[],""markup_tag"":[],""printf_token"":[],""var_tag"":[]}",
HGHU-TW-001819,角色與劇情,我的也是！,"{""brace_token"":[],""escaped_control"":[],""literal_newline"":[],""markup_tag"":[],""printf_token"":[],""var_tag"":[]}",
HGHU-TW-001820,角色與劇情,有多高？,"{""brace_token"":[],""escaped_control"":[],""literal_newline"":[],""markup_tag"":[],""printf_token"":[],""var_tag"":[]}",
HGHU-TW-001821,角色與劇情,真希望能有辦法直接跳過這些。,"{""brace_token"":[],""escaped_control"":[],""literal_newline"":[],""markup_tag"":[],""printf_token"":[],""var_tag"":[]}",
HGHU-TW-001822,角色與劇情,直接來自總部！,"{""brace_token"":[],""escaped_control"":[],""literal_newline"":[],""markup_tag"":[],""printf_token"":[],""var_tag"":[]}",
HGHU-TW-001823,角色與劇情,我的來自六萬英呎高空。哈！,"{""brace_token"":[],""escaped_control"":[],""literal_newline"":[],""markup_tag"":[],""printf_token"":[],""var_tag"":[]}",
HGHU-TW-001824,角色與劇情,小的們！集合！,"{""brace_token"":[],""escaped_control"":[],""literal_newline"":[],""markup_tag"":[],""printf_token"":[],""var_tag"":[]}",
HGHU-TW-001825,角色與劇情,砰——轟！！,"{""brace_token"":[],""escaped_control"":[],""literal_newline"":[],""markup_tag"":[],""printf_token"":[],""var_tag"":[]}",
HGHU-TW-001826,角色與劇情,變形為飛行模式！,"{""brace_token"":[],""escaped_control"":[],""literal_newline"":[],""markup_tag"":[],""printf_token"":[],""var_tag"":[]}",
HGHU-TW-001827,角色與劇情,沒關係。上面寫著...,"{""brace_token"":[],""escaped_control"":[],""literal_newline"":[],""markup_tag"":[],""printf_token"":[],""var_tag"":[]}",
HGHU-TW-001828,角色與劇情,讓我們讓這個小鎮學警看看我們市區的做法！,"{""brace_token"":[],""escaped_control"":[],""literal_newline"":[],""markup_tag"":[],""printf_token"":[],""var_tag"":[]}",
HGHU-TW-001829,角色與劇情,呃。我的頭好痛。,"{""brace_token"":[],""escaped_control"":[],""literal_newline"":[],""markup_tag"":[],""printf_token"":[],""var_tag"":[]}",
HGHU-TW-001830,角色與劇情,現在待著別動，我要打電話給總部！,"{""brace_token"":[],""escaped_control"":[],""literal_newline"":[],""markup_tag"":[],""printf_token"":[],""var_tag"":[]}",
HGHU-TW-001831,角色與劇情,總部，這裡是桑塔警官。,"{""brace_token"":[],""escaped_control"":[],""literal_newline"":[],""markup_tag"":[],""printf_token"":[],""var_tag"":[]}",
HGHU-TW-001832,角色與劇情,你們這裡有臥底特工？,"{""brace_token"":[],""escaped_control"":[],""literal_newline"":[],""markup_tag"":[],""printf_token"":[],""var_tag"":[]}",
HGHU-TW-001833,角色與劇情,嗯哼……,"{""brace_token"":[],""escaped_control"":[],""literal_newline"":[],""markup_tag"":[],""printf_token"":[],""var_tag"":[]}",
HGHU-TW-001834,角色與劇情,<hgh_f c=0>「規則 1：了解妳的戰鬥裝甲。」</hgh_f>,"{""brace_token"":[],""escaped_control"":[],""literal_newline"":[],""markup_tag"":[""</hgh_f>"",""<hgh_f c=0>""],""printf_token"":[],""var_tag"":[]}",
HGHU-TW-001835,角色與劇情,我明白了。,"{""brace_token"":[],""escaped_control"":[],""literal_newline"":[],""markup_tag"":[],""printf_token"":[],""var_tag"":[]}",
HGHU-TW-001836,角色與劇情,好消息，老兄。你的說詞核實了。,"{""brace_token"":[],""escaped_control"":[],""literal_newline"":[],""markup_tag"":[],""printf_token"":[],""var_tag"":[]}",
HGHU-TW-001837,角色與劇情,抱歉破壞了你的掩護。,"{""brace_token"":[],""escaped_control"":[],""literal_newline"":[],""markup_tag"":[],""printf_token"":[],""var_tag"":[]}",
HGHU-TW-001838,角色與劇情,我從眼球以下都沒有知覺了。,"{""brace_token"":[],""escaped_control"":[],""literal_newline"":[],""markup_tag"":[],""printf_token"":[],""var_tag"":[]}",
HGHU-TW-001839,角色與劇情,這個區域全交給你了，彈藥男爵警官。,"{""brace_token"":[],""escaped_control"":[],""literal_newline"":[],""markup_tag"":[],""printf_token"":[],""var_tag"":[]}",
HGHU-TW-001840,角色與劇情,總部，區域已確保安全。,"{""brace_token"":[],""escaped_control"":[],""literal_newline"":[],""markup_tag"":[],""printf_token"":[],""var_tag"":[]}",
HGHU-TW-001841,角色與劇情,<hgh_f c=0>「戰鬥裝甲是妳生化軀體的另一種稱呼。」</hgh_f>,"{""brace_token"":[],""escaped_control"":[],""literal_newline"":[],""markup_tag"":[""</hgh_f>"",""<hgh_f c=0>""],""printf_token"":[],""var_tag"":[]}",
HGHU-TW-001842,角色與劇情,收到！,"{""brace_token"":[],""escaped_control"":[],""literal_newline"":[],""markup_tag"":[],""printf_token"":[],""var_tag"":[]}",
HGHU-TW-001843,角色與劇情,準備撤離！,"{""brace_token"":[],""escaped_control"":[],""literal_newline"":[],""markup_tag"":[],""printf_token"":[],""var_tag"":[]}",
HGHU-TW-001844,角色與劇情,那是什麼聲音？,"{""brace_token"":[],""escaped_control"":[],""literal_newline"":[],""markup_tag"":[],""printf_token"":[],""var_tag"":[]}",
HGHU-TW-001845,角色與劇情,早就過了宵禁時間，但我聽到附近有很多暴民的聲音。,"{""brace_token"":[],""escaped_control"":[],""literal_newline"":[],""markup_tag"":[],""printf_token"":[],""var_tag"":[]}",
HGHU-TW-001846,角色與劇情,可能是宇宙流氓。,"{""brace_token"":[],""escaped_control"":[],""literal_newline"":[],""markup_tag"":[],""printf_token"":[],""var_tag"":[]}",
HGHU-TW-001847,角色與劇情,或是更糟，青少年。,"{""brace_token"":[],""escaped_control"":[],""literal_newline"":[],""markup_tag"":[],""printf_token"":[],""var_tag"":[]}",
HGHU-TW-001848,角色與劇情,我最好去查看一下。,"{""brace_token"":[],""escaped_control"":[],""literal_newline"":[],""markup_tag"":[],""printf_token"":[],""var_tag"":[]}",
HGHU-TW-001849,角色與劇情,<hgh_f c=0>「警告。這不是玩具。妳的生化軀體非常強大！」</hgh_f>,"{""brace_token"":[],""escaped_control"":[],""literal_newline"":[],""markup_tag"":[""</hgh_f>"",""<hgh_f c=0>""],""printf_token"":[],""var_tag"":[]}",
HGHU-TW-001850,角色與劇情,果然，這裡有派對在進行。,"{""brace_token"":[],""escaped_control"":[],""literal_newline"":[],""markup_tag"":[],""printf_token"":[],""var_tag"":[]}",
HGHU-TW-001851,角色與劇情,我最好從遠處觀察……,"{""brace_token"":[],""escaped_control"":[],""literal_newline"":[],""markup_tag"":[],""printf_token"":[],""var_tag"":[]}",
HGHU-TW-001852,角色與劇情,起來吧，不可名狀的恐怖生物！,"{""brace_token"":[],""escaped_control"":[],""literal_newline"":[],""markup_tag"":[],""printf_token"":[],""var_tag"":[]}",
HGHU-TW-001853,角色與劇情,給我拿那些租二送一的影片來，讓我們一起觀賞！,"{""brace_token"":[],""escaped_control"":[],""literal_newline"":[],""markup_tag"":[],""printf_token"":[],""var_tag"":[]}",
HGHU-TW-001854,角色與劇情,<hgh_f c=0>「然而，妳的身體也確實有些限制。」</hgh_f>,"{""brace_token"":[],""escaped_control"":[],""literal_newline"":[],""markup_tag"":[""</hgh_f>"",""<hgh_f c=0>""],""printf_token"":[],""var_tag"":[]}",
HGHU-TW-001855,角色與劇情,哈！,"{""brace_token"":[],""escaped_control"":[],""literal_newline"":[],""markup_tag"":[],""printf_token"":[],""var_tag"":[]}",
HGHU-TW-001856,角色與劇情,我帶了一整個垃圾袋的奶油爆米花……,"{""brace_token"":[],""escaped_control"":[],""literal_newline"":[],""markup_tag"":[],""printf_token"":[],""var_tag"":[]}",
HGHU-TW-001857,角色與劇情,……還有幾部輔導級電影！,"{""brace_token"":[],""escaped_control"":[],""literal_newline"":[],""markup_tag"":[],""printf_token"":[],""var_tag"":[]}",
HGHU-TW-001858,角色與劇情,看到沒？沒有任何<hgh_f c=0>家長</hgh_f>在這裡提供父母指導！,"{""brace_token"":[],""escaped_control"":[],""literal_newline"":[],""markup_tag"":[""</hgh_f>"",""<hgh_f c=0>""],""printf_token"":[],""var_tag"":[]}",
HGHU-TW-001859,角色與劇情,我們要熬夜，看輔導級電影<hgh_f c=0>直到遠遠超過宵禁時間</hgh_f>！！,"{""brace_token"":[],""escaped_control"":[],""literal_newline"":[],""markup_tag"":[""</hgh_f>"",""<hgh_f c=0>""],""printf_token"":[],""var_tag"":[]}",
HGHU-TW-001860,角色與劇情,哈哈哈！,"{""brace_token"":[],""escaped_control"":[],""literal_newline"":[],""markup_tag"":[],""printf_token"":[],""var_tag"":[]}",
HGHU-TW-001861,角色與劇情,嘻嘻嘻！,"{""brace_token"":[],""escaped_control"":[],""literal_newline"":[],""markup_tag"":[],""printf_token"":[],""var_tag"":[]}",
HGHU-TW-001862,角色與劇情,<hgh_f c=0>通通不准動</hgh_f>！,"{""brace_token"":[],""escaped_control"":[],""literal_newline"":[],""markup_tag"":[""</hgh_f>"",""<hgh_f c=0>""],""printf_token"":[],""var_tag"":[]}",
HGHU-TW-001863,角色與劇情,該死！是條子！,"{""brace_token"":[],""escaped_control"":[],""literal_newline"":[],""markup_tag"":[],""printf_token"":[],""var_tag"":[]}",
HGHU-TW-001864,角色與劇情,宵禁可不是開玩笑的！,"{""brace_token"":[],""escaped_control"":[],""literal_newline"":[],""markup_tag"":[],""printf_token"":[],""var_tag"":[]}",
HGHU-TW-001865,角色與劇情,<hgh_f c=0>「舉例來說，妳的身體『無法』蹲下、爬行或跳舞。」</hgh_f>,"{""brace_token"":[],""escaped_control"":[],""literal_newline"":[],""markup_tag"":[""</hgh_f>"",""<hgh_f c=0>""],""printf_token"":[],""var_tag"":[]}",
HGHU-TW-001866,角色與劇情,它可以讓容易受影響的年輕人處於監護人的注視下，遠離麻煩！,"{""brace_token"":[],""escaped_control"":[],""literal_newline"":[],""markup_tag"":[],""printf_token"":[],""var_tag"":[]}",
HGHU-TW-001867,角色與劇情,你是這麼說的！,"{""brace_token"":[],""escaped_control"":[],""literal_newline"":[],""markup_tag"":[],""printf_token"":[],""var_tag"":[]}",
HGHU-TW-001868,角色與劇情,我反抗你的權威！,"{""brace_token"":[],""escaped_control"":[],""literal_newline"":[],""markup_tag"":[],""printf_token"":[],""var_tag"":[]}",
HGHU-TW-001869,角色與劇情,我要打電話給你們的家長。,"{""brace_token"":[],""escaped_control"":[],""literal_newline"":[],""markup_tag"":[],""printf_token"":[],""var_tag"":[]}",
HGHU-TW-001870,角色與劇情,<hgh_f c=0>千萬不要</hgh_f>！,"{""brace_token"":[],""escaped_control"":[],""literal_newline"":[],""markup_tag"":[""</hgh_f>"",""<hgh_f c=0>""],""printf_token"":[],""var_tag"":[]}",
HGHU-TW-001871,角色與劇情,我祖先被詛咒的骸骨躺在這個<hgh_f c=0>邪惡蓄水池</hgh_f>的底部。,"{""brace_token"":[],""escaped_control"":[],""literal_newline"":[],""markup_tag"":[""</hgh_f>"",""<hgh_f c=0>""],""printf_token"":[],""var_tag"":[]}",
HGHU-TW-001872,角色與劇情,他是個充滿<hgh_f c=0>惡意與仇恨</hgh_f>的存有！,"{""brace_token"":[],""escaped_control"":[],""literal_newline"":[],""markup_tag"":[""</hgh_f>"",""<hgh_f c=0>""],""printf_token"":[],""var_tag"":[]}",
HGHU-TW-001873,角色與劇情,<hgh_f c=0>「這是天性！」</hgh_f>,"{""brace_token"":[],""escaped_control"":[],""literal_newline"":[],""markup_tag"":[""</hgh_f>"",""<hgh_f c=0>""],""printf_token"":[],""var_tag"":[]}",
HGHU-TW-001874,角色與劇情,如果有人說出他的名字，他就會回來<hgh_f c=0>毀滅</hgh_f>這個世界和<hgh_f c=0>所有平行世界</hgh_f>！,"{""brace_token"":[],""escaped_control"":[],""literal_newline"":[],""markup_tag"":[""</hgh_f>"",""</hgh_f>"",""<hgh_f c=0>"",""<hgh_f c=0>""],""printf_token"":[],""var_tag"":[]}",
HGHU-TW-001875,角色與劇情,你的問題，不關我的事。,"{""brace_token"":[],""escaped_control"":[],""literal_newline"":[],""markup_tag"":[],""printf_token"":[],""var_tag"":[]}",
HGHU-TW-001876,角色與劇情,正在撥號。,"{""brace_token"":[],""escaped_control"":[],""literal_newline"":[],""markup_tag"":[],""printf_token"":[],""var_tag"":[]}",
HGHU-TW-001877,角色與劇情,快逃！救救你自己！,"{""brace_token"":[],""escaped_control"":[],""literal_newline"":[],""markup_tag"":[],""printf_token"":[],""var_tag"":[]}",
HGHU-TW-001878,角色與劇情,每次都管用。,"{""brace_token"":[],""escaped_control"":[],""literal_newline"":[],""markup_tag"":[],""printf_token"":[],""var_tag"":[]}",
HGHU-TW-001879,角色與劇情,總部嗎？,"{""brace_token"":[],""escaped_control"":[],""literal_newline"":[],""markup_tag"":[],""printf_token"":[],""var_tag"":[]}",
HGHU-TW-001880,角色與劇情,這裡是桑塔警官。,"{""brace_token"":[],""escaped_control"":[],""literal_newline"":[],""markup_tag"":[],""printf_token"":[],""var_tag"":[]}",
HGHU-TW-001881,角色與劇情,<hgh_f c=0>「習慣它吧！」</hgh_f>,"{""brace_token"":[],""escaped_control"":[],""literal_newline"":[],""markup_tag"":[""</hgh_f>"",""<hgh_f c=0>""],""printf_token"":[],""var_tag"":[]}",
HGHU-TW-001882,角色與劇情,區域已確保安全。,"{""brace_token"":[],""escaped_control"":[],""literal_newline"":[],""markup_tag"":[],""printf_token"":[],""var_tag"":[]}",
HGHU-TW-001883,角色與劇情,收到！,"{""brace_token"":[],""escaped_control"":[],""literal_newline"":[],""markup_tag"":[],""printf_token"":[],""var_tag"":[]}",
HGHU-TW-001884,角色與劇情,準備撤離！,"{""brace_token"":[],""escaped_control"":[],""literal_newline"":[],""markup_tag"":[],""printf_token"":[],""var_tag"":[]}",
HGHU-TW-001885,角色與劇情,總部，請回答。,"{""brace_token"":[],""escaped_control"":[],""literal_newline"":[],""markup_tag"":[],""printf_token"":[],""var_tag"":[]}",
HGHU-TW-001886,角色與劇情,請說。,"{""brace_token"":[],""escaped_control"":[],""literal_newline"":[],""markup_tag"":[],""printf_token"":[],""var_tag"":[]}",
HGHU-TW-001887,角色與劇情,我已經找到了宇宙流氓的<hgh_f c=0>藏身處</hgh_f>。,"{""brace_token"":[],""escaped_control"":[],""literal_newline"":[],""markup_tag"":[""</hgh_f>"",""<hgh_f c=0>""],""printf_token"":[],""var_tag"":[]}",
HGHU-TW-001888,角色與劇情,我要進去了。,"{""brace_token"":[],""escaped_control"":[],""literal_newline"":[],""markup_tag"":[],""printf_token"":[],""var_tag"":[]}",
HGHU-TW-001889,角色與劇情,請務必小心，警官！,"{""brace_token"":[],""escaped_control"":[],""literal_newline"":[],""markup_tag"":[],""printf_token"":[],""var_tag"":[]}",
HGHU-TW-001890,角色與劇情,總部通話完畢！,"{""brace_token"":[],""escaped_control"":[],""literal_newline"":[],""markup_tag"":[],""printf_token"":[],""var_tag"":[]}",
HGHU-TW-001891,角色與劇情,就是這裡！,"{""brace_token"":[],""escaped_control"":[],""literal_newline"":[],""markup_tag"":[],""printf_token"":[],""var_tag"":[]}",
HGHU-TW-001892,角色與劇情,再破獲一件案子，我就能靠著正直警官的薪水退休了。,"{""brace_token"":[],""escaped_control"":[],""literal_newline"":[],""markup_tag"":[],""printf_token"":[],""var_tag"":[]}",
HGHU-TW-001893,角色與劇情,哼。我想這代表我只能跑跟跳了。,"{""brace_token"":[],""escaped_control"":[],""literal_newline"":[],""markup_tag"":[],""printf_token"":[],""var_tag"":[]}",
HGHU-TW-001894,角色與劇情,不准動！,"{""brace_token"":[],""escaped_control"":[],""literal_newline"":[],""markup_tag"":[],""printf_token"":[],""var_tag"":[]}",
HGHU-TW-001895,角色與劇情,你！,"{""brace_token"":[],""escaped_control"":[],""literal_newline"":[],""markup_tag"":[],""printf_token"":[],""var_tag"":[]}",
HGHU-TW-001896,角色與劇情,我今天稍早見過你！,"{""brace_token"":[],""escaped_control"":[],""literal_newline"":[],""markup_tag"":[],""printf_token"":[],""var_tag"":[]}",
HGHU-TW-001897,角色與劇情,你在宇宙流氓的藏身處做什麼？,"{""brace_token"":[],""escaped_control"":[],""literal_newline"":[],""markup_tag"":[],""printf_token"":[],""var_tag"":[]}",
HGHU-TW-001898,角色與劇情,我很樂意解釋，警官。,"{""brace_token"":[],""escaped_control"":[],""literal_newline"":[],""markup_tag"":[],""printf_token"":[],""var_tag"":[]}",
HGHU-TW-001899,角色與劇情,但首先……,"{""brace_token"":[],""escaped_control"":[],""literal_newline"":[],""markup_tag"":[],""printf_token"":[],""var_tag"":[]}",
HGHU-TW-001900,角色與劇情,你必須<hgh_f c=0>擊敗我</hgh_f>！,"{""brace_token"":[],""escaped_control"":[],""literal_newline"":[],""markup_tag"":[""</hgh_f>"",""<hgh_f c=0>""],""printf_token"":[],""var_tag"":[]}",
HGHU-TW-001901,角色與劇情,接下來...,"{""brace_token"":[],""escaped_control"":[],""literal_newline"":[],""markup_tag"":[],""printf_token"":[],""var_tag"":[]}",
HGHU-TW-001902,角色與劇情,你完蛋了！,"{""brace_token"":[],""escaped_control"":[],""literal_newline"":[],""markup_tag"":[],""printf_token"":[],""var_tag"":[]}",
HGHU-TW-001903,角色與劇情,現在，開始交代吧！,"{""brace_token"":[],""escaped_control"":[],""literal_newline"":[],""markup_tag"":[],""printf_token"":[],""var_tag"":[]}",
HGHU-TW-001904,角色與劇情,好吧。,"{""brace_token"":[],""escaped_control"":[],""literal_newline"":[],""markup_tag"":[],""printf_token"":[],""var_tag"":[]}",
HGHU-TW-001905,角色與劇情,我說。,"{""brace_token"":[],""escaped_control"":[],""literal_newline"":[],""markup_tag"":[],""printf_token"":[],""var_tag"":[]}",
HGHU-TW-001906,角色與劇情,是我把那些宇宙流氓從監獄裡放出來的。,"{""brace_token"":[],""escaped_control"":[],""literal_newline"":[],""markup_tag"":[],""printf_token"":[],""var_tag"":[]}",
HGHU-TW-001907,角色與劇情,你！,"{""brace_token"":[],""escaped_control"":[],""literal_newline"":[],""markup_tag"":[],""printf_token"":[],""var_tag"":[]}",
HGHU-TW-001908,角色與劇情,當他們讓你忙得不可開交時……,"{""brace_token"":[],""escaped_control"":[],""literal_newline"":[],""markup_tag"":[],""printf_token"":[],""var_tag"":[]}",
HGHU-TW-001909,角色與劇情,……我就有充裕的時間佈下我的陷阱！,"{""brace_token"":[],""escaped_control"":[],""literal_newline"":[],""markup_tag"":[],""printf_token"":[],""var_tag"":[]}",
HGHU-TW-001910,角色與劇情,而現在你已經<hgh_f c=0>落入我的圈套了</hgh_f>！,"{""brace_token"":[],""escaped_control"":[],""literal_newline"":[],""markup_tag"":[""</hgh_f>"",""<hgh_f c=0>""],""printf_token"":[],""var_tag"":[]}",
HGHU-TW-001911,角色與劇情,<hgh_f c=0>「規則 2：了解妳的子彈發射器。」</hgh_f>,"{""brace_token"":[],""escaped_control"":[],""literal_newline"":[],""markup_tag"":[""</hgh_f>"",""<hgh_f c=0>""],""printf_token"":[],""var_tag"":[]}",
HGHU-TW-001912,角色與劇情,咦？,"{""brace_token"":[],""escaped_control"":[],""literal_newline"":[],""markup_tag"":[],""printf_token"":[],""var_tag"":[]}",
HGHU-TW-001913,角色與劇情,你對我有什麼不滿？,"{""brace_token"":[],""escaped_control"":[],""literal_newline"":[],""markup_tag"":[],""printf_token"":[],""var_tag"":[]}",
HGHU-TW-001914,角色與劇情,是因為我今天早上拘留了你嗎？,"{""brace_token"":[],""escaped_control"":[],""literal_newline"":[],""markup_tag"":[],""printf_token"":[],""var_tag"":[]}",
HGHU-TW-001915,角色與劇情,什麼？！,"{""brace_token"":[],""escaped_control"":[],""literal_newline"":[],""markup_tag"":[],""printf_token"":[],""var_tag"":[]}",
HGHU-TW-001916,角色與劇情,你不記得我們在<hgh_f c=0>警校</hgh_f>的日子了嗎？,"{""brace_token"":[],""escaped_control"":[],""literal_newline"":[],""markup_tag"":[""</hgh_f>"",""<hgh_f c=0>""],""printf_token"":[],""var_tag"":[]}",
HGHU-TW-001917,角色與劇情,警校……,"{""brace_token"":[],""escaped_control"":[],""literal_newline"":[],""markup_tag"":[],""printf_token"":[],""var_tag"":[]}",
HGHU-TW-001918,角色與劇情,我們一起受訓成為警官！,"{""brace_token"":[],""escaped_control"":[],""literal_newline"":[],""markup_tag"":[],""printf_token"":[],""var_tag"":[]}",
HGHU-TW-001919,角色與劇情,但在<hgh_f c=0>每件事</hgh_f>上，我永遠都是你的<hgh_f c=0>手下敗將</hgh_f>！,"{""brace_token"":[],""escaped_control"":[],""literal_newline"":[],""markup_tag"":[""</hgh_f>"",""</hgh_f>"",""<hgh_f c=0>"",""<hgh_f c=0>""],""printf_token"":[],""var_tag"":[]}",
HGHU-TW-001920,角色與劇情,你在<hgh_f c=0>每個轉角</hgh_f>都阻礙我！,"{""brace_token"":[],""escaped_control"":[],""literal_newline"":[],""markup_tag"":[""</hgh_f>"",""<hgh_f c=0>""],""printf_token"":[],""var_tag"":[]}",
HGHU-TW-001921,角色與劇情,<hgh_f c=0>「按下 <IB action=Attack/> 來發射子彈。」</hgh_f>,"{""brace_token"":[],""escaped_control"":[],""literal_newline"":[],""markup_tag"":[""</hgh_f>"",""<IB action=Attack/>"",""<hgh_f c=0>""],""printf_token"":[],""var_tag"":[]}",
HGHU-TW-001922,角色與劇情,而當晉升的日子到來時，他們選擇了<hgh_f c=0>你而不是我</hgh_f>！,"{""brace_token"":[],""escaped_control"":[],""literal_newline"":[],""markup_tag"":[""</hgh_f>"",""<hgh_f c=0>""],""printf_token"":[],""var_tag"":[]}",
HGHU-TW-001923,角色與劇情,這才是我不滿的真正原因！,"{""brace_token"":[],""escaped_control"":[],""literal_newline"":[],""markup_tag"":[],""printf_token"":[],""var_tag"":[]}",
HGHU-TW-001924,角色與劇情,噢！,"{""brace_token"":[],""escaped_control"":[],""literal_newline"":[],""markup_tag"":[],""printf_token"":[],""var_tag"":[]}",
HGHU-TW-001925,角色與劇情,當然！現在我想起你了！,"{""brace_token"":[],""escaped_control"":[],""literal_newline"":[],""markup_tag"":[],""printf_token"":[],""var_tag"":[]}",
HGHU-TW-001926,角色與劇情,可是……,"{""brace_token"":[],""escaped_control"":[],""literal_newline"":[],""markup_tag"":[],""printf_token"":[],""var_tag"":[]}",
HGHU-TW-001927,角色與劇情,你完全誤會了！你不知道嗎？,"{""brace_token"":[],""escaped_control"":[],""literal_newline"":[],""markup_tag"":[],""printf_token"":[],""var_tag"":[]}",
HGHU-TW-001928,角色與劇情,我報考警校只是為了能跟隨你的腳步！,"{""brace_token"":[],""escaped_control"":[],""literal_newline"":[],""markup_tag"":[],""printf_token"":[],""var_tag"":[]}",
HGHU-TW-001929,角色與劇情,我希望有朝一日能成為像你一樣優秀的警官！,"{""brace_token"":[],""escaped_control"":[],""literal_newline"":[],""markup_tag"":[],""printf_token"":[],""var_tag"":[]}",
HGHU-TW-001930,角色與劇情,你設定的標準那麼高！我每一天都必須更加努力！,"{""brace_token"":[],""escaped_control"":[],""literal_newline"":[],""markup_tag"":[],""printf_token"":[],""var_tag"":[]}",
HGHU-TW-001931,角色與劇情,我今天能成為警官都是因為你！,"{""brace_token"":[],""escaped_control"":[],""literal_newline"":[],""markup_tag"":[],""printf_token"":[],""var_tag"":[]}",
HGHU-TW-001932,角色與劇情,<hgh_f c=0>「就像任何槍械一樣，妳可以透過收集色彩鮮豔的寶石來提升它的威力。」</hgh_f>,"{""brace_token"":[],""escaped_control"":[],""literal_newline"":[],""markup_tag"":[""</hgh_f>"",""<hgh_f c=0>""],""printf_token"":[],""var_tag"":[]}",
HGHU-TW-001933,角色與劇情,這……是真的嗎？,"{""brace_token"":[],""escaped_control"":[],""literal_newline"":[],""markup_tag"":[],""printf_token"":[],""var_tag"":[]}",
HGHU-TW-001934,角色與劇情,真的嗎？,"{""brace_token"":[],""escaped_control"":[],""literal_newline"":[],""markup_tag"":[],""printf_token"":[],""var_tag"":[]}",
HGHU-TW-001935,角色與劇情,真的！,"{""brace_token"":[],""escaped_control"":[],""literal_newline"":[],""markup_tag"":[],""printf_token"":[],""var_tag"":[]}",
HGHU-TW-001936,角色與劇情,天哪……我一直都誤會你了。,"{""brace_token"":[],""escaped_control"":[],""literal_newline"":[],""markup_tag"":[],""printf_token"":[],""var_tag"":[]}",
HGHU-TW-001937,角色與劇情,既然如此……,"{""brace_token"":[],""escaped_control"":[],""literal_newline"":[],""markup_tag"":[],""printf_token"":[],""var_tag"":[]}",
HGHU-TW-001938,角色與劇情,我真的很抱歉……,"{""brace_token"":[],""escaped_control"":[],""literal_newline"":[],""markup_tag"":[],""printf_token"":[],""var_tag"":[]}",
HGHU-TW-001939,角色與劇情,抱歉什麼？,"{""brace_token"":[],""escaped_control"":[],""literal_newline"":[],""markup_tag"":[],""printf_token"":[],""var_tag"":[]}",
HGHU-TW-001940,角色與劇情,<hgh_f c=0>「不要被打中，否則妳有可能會掉落寶石！」</hgh_f>,"{""brace_token"":[],""escaped_control"":[],""literal_newline"":[],""markup_tag"":[""</hgh_f>"",""<hgh_f c=0>""],""printf_token"":[],""var_tag"":[]}",
HGHU-TW-001941,角色與劇情,這個。,"{""brace_token"":[],""escaped_control"":[],""literal_newline"":[],""markup_tag"":[],""printf_token"":[],""var_tag"":[]}",
HGHU-TW-001942,角色與劇情,警告！警告！,"{""brace_token"":[],""escaped_control"":[],""literal_newline"":[],""markup_tag"":[],""printf_token"":[],""var_tag"":[]}",
HGHU-TW-001943,角色與劇情,這是來自總部的訊息！,"{""brace_token"":[],""escaped_control"":[],""literal_newline"":[],""markup_tag"":[],""printf_token"":[],""var_tag"":[]}",
HGHU-TW-001944,角色與劇情,總部請說，我聽得見！,"{""brace_token"":[],""escaped_control"":[],""literal_newline"":[],""markup_tag"":[],""printf_token"":[],""var_tag"":[]}",
HGHU-TW-001945,角色與劇情,我們在你的位置偵測到大規模的地震活動！,"{""brace_token"":[],""escaped_control"":[],""literal_newline"":[],""markup_tag"":[],""printf_token"":[],""var_tag"":[]}",
HGHU-TW-001946,角色與劇情,快離開那裡！,"{""brace_token"":[],""escaped_control"":[],""literal_newline"":[],""markup_tag"":[],""printf_token"":[],""var_tag"":[]}",
HGHU-TW-001947,角色與劇情,我為你佈下了一個陷阱，而且它<hgh_f c=0>即將爆炸</hgh_f>！,"{""brace_token"":[],""escaped_control"":[],""literal_newline"":[],""markup_tag"":[""</hgh_f>"",""<hgh_f c=0>""],""printf_token"":[],""var_tag"":[]}",
HGHU-TW-001948,角色與劇情,那我們必須走了，<hgh_f c=0>立刻</hgh_f>！,"{""brace_token"":[],""escaped_control"":[],""literal_newline"":[],""markup_tag"":[""</hgh_f>"",""<hgh_f c=0>""],""printf_token"":[],""var_tag"":[]}",
HGHU-TW-001949,角色與劇情,聽起來很酷！下一個是...,"{""brace_token"":[],""escaped_control"":[],""literal_newline"":[],""markup_tag"":[],""printf_token"":[],""var_tag"":[]}",
HGHU-TW-001950,角色與劇情,真是千鈞一髮，幸好大家都平安逃出來了！,"{""brace_token"":[],""escaped_control"":[],""literal_newline"":[],""markup_tag"":[],""printf_token"":[],""var_tag"":[]}",
HGHU-TW-001951,角色與劇情,桑塔警官！,"{""brace_token"":[],""escaped_control"":[],""literal_newline"":[],""markup_tag"":[],""printf_token"":[],""var_tag"":[]}",
HGHU-TW-001952,角色與劇情,咦？,"{""brace_token"":[],""escaped_control"":[],""literal_newline"":[],""markup_tag"":[],""printf_token"":[],""var_tag"":[]}",
HGHU-TW-001953,角色與劇情,你又辦到了！,"{""brace_token"":[],""escaped_control"":[],""literal_newline"":[],""markup_tag"":[],""printf_token"":[],""var_tag"":[]}",
HGHU-TW-001954,角色與劇情,你解開了宇宙流氓的謎團，恢復了亮片大陸的秩序！,"{""brace_token"":[],""escaped_control"":[],""literal_newline"":[],""markup_tag"":[],""printf_token"":[],""var_tag"":[]}",
HGHU-TW-001955,角色與劇情,<hgh_f c=0>「規則 3：了解妳的警笛頭盔。」</hgh_f>,"{""brace_token"":[],""escaped_control"":[],""literal_newline"":[],""markup_tag"":[""</hgh_f>"",""<hgh_f c=0>""],""printf_token"":[],""var_tag"":[]}",
HGHU-TW-001956,角色與劇情,而且，就在千鈞一髮之際！,"{""brace_token"":[],""escaped_control"":[],""literal_newline"":[],""markup_tag"":[],""printf_token"":[],""var_tag"":[]}",
HGHU-TW-001957,角色與劇情,謝謝。,"{""brace_token"":[],""escaped_control"":[],""literal_newline"":[],""markup_tag"":[],""printf_token"":[],""var_tag"":[]}",
HGHU-TW-001958,角色與劇情,但如果沒有你的幫忙，我是辦不到的！,"{""brace_token"":[],""escaped_control"":[],""literal_newline"":[],""markup_tag"":[],""printf_token"":[],""var_tag"":[]}",
HGHU-TW-001959,角色與劇情,現在那些宇宙流氓都被關得緊緊的了……,"{""brace_token"":[],""escaped_control"":[],""literal_newline"":[],""markup_tag"":[],""printf_token"":[],""var_tag"":[]}",
HGHU-TW-001960,角色與劇情,你接下來打算做什麼？,"{""brace_token"":[],""escaped_control"":[],""literal_newline"":[],""markup_tag"":[],""printf_token"":[],""var_tag"":[]}",
HGHU-TW-001961,角色與劇情,退休去過悠閒放鬆的生活嗎？,"{""brace_token"":[],""escaped_control"":[],""literal_newline"":[],""markup_tag"":[],""printf_token"":[],""var_tag"":[]}",
HGHU-TW-001962,角色與劇情,才不呢！,"{""brace_token"":[],""escaped_control"":[],""literal_newline"":[],""markup_tag"":[],""printf_token"":[],""var_tag"":[]}",
HGHU-TW-001963,角色與劇情,犯罪永遠不會休息，我也一樣！,"{""brace_token"":[],""escaped_control"":[],""literal_newline"":[],""markup_tag"":[],""printf_token"":[],""var_tag"":[]}",
HGHU-TW-001964,角色與劇情,事實上，我要去健身房見個朋友！,"{""brace_token"":[],""escaped_control"":[],""literal_newline"":[],""markup_tag"":[],""printf_token"":[],""var_tag"":[]}",
HGHU-TW-001965,角色與劇情,我和她有很多舊要敘呢！,"{""brace_token"":[],""escaped_control"":[],""literal_newline"":[],""markup_tag"":[],""printf_token"":[],""var_tag"":[]}",
HGHU-TW-001966,角色與劇情,<hgh_f c=0>「警笛頭盔是維護和平的終極裝備！」</hgh_f>,"{""brace_token"":[],""escaped_control"":[],""literal_newline"":[],""markup_tag"":[""</hgh_f>"",""<hgh_f c=0>""],""printf_token"":[],""var_tag"":[]}",
HGHU-TW-001967,角色與劇情,下次見……,"{""brace_token"":[],""escaped_control"":[],""literal_newline"":[],""markup_tag"":[],""printf_token"":[],""var_tag"":[]}",
HGHU-TW-001968,角色與劇情,通話結束……,"{""brace_token"":[],""escaped_control"":[],""literal_newline"":[],""markup_tag"":[],""printf_token"":[],""var_tag"":[]}",
HGHU-TW-001969,角色與劇情,……<hgh_f c=0>完畢</hgh_f>！,"{""brace_token"":[],""escaped_control"":[],""literal_newline"":[],""markup_tag"":[""</hgh_f>"",""<hgh_f c=0>""],""printf_token"":[],""var_tag"":[]}",
HGHU-TW-001970,角色與劇情,<hgh_f c=0>「按下 <IB action=Interact/> 將會反轉附近所有切換方塊的位置。」</hgh_f>,"{""brace_token"":[],""escaped_control"":[],""literal_newline"":[],""markup_tag"":[""</hgh_f>"",""<IB action=Interact/>"",""<hgh_f c=0>""],""printf_token"":[],""var_tag"":[]}",
HGHU-TW-001971,角色與劇情,警告！警告！,"{""brace_token"":[],""escaped_control"":[],""literal_newline"":[],""markup_tag"":[],""printf_token"":[],""var_tag"":[]}",
HGHU-TW-001972,角色與劇情,<hgh_f c=0>「利用這個能力來探索環境並解開謎題！」</hgh_f>,"{""brace_token"":[],""escaped_control"":[],""literal_newline"":[],""markup_tag"":[""</hgh_f>"",""<hgh_f c=0>""],""printf_token"":[],""var_tag"":[]}",
HGHU-TW-001973,角色與劇情,最後上面寫著...,"{""brace_token"":[],""escaped_control"":[],""literal_newline"":[],""markup_tag"":[],""printf_token"":[],""var_tag"":[]}",
HGHU-TW-001974,角色與劇情,<hgh_f c=0>「規則 4：不拋下任何人！」</hgh_f>,"{""brace_token"":[],""escaped_control"":[],""literal_newline"":[],""markup_tag"":[""</hgh_f>"",""<hgh_f c=0>""],""printf_token"":[],""var_tag"":[]}",
HGHU-TW-001975,角色與劇情,<hgh_f c=0>「話雖如此...」</hgh_f>,"{""brace_token"":[],""escaped_control"":[],""literal_newline"":[],""markup_tag"":[""</hgh_f>"",""<hgh_f c=0>""],""printf_token"":[],""var_tag"":[]}",
HGHU-TW-001976,角色與劇情,<hgh_f c=0>「把大家拋在腦後也沒關係！」</hgh_f>,"{""brace_token"":[],""escaped_control"":[],""literal_newline"":[],""markup_tag"":[""</hgh_f>"",""<hgh_f c=0>""],""printf_token"":[],""var_tag"":[]}",
HGHU-TW-001977,角色與劇情,<hgh_f c=0>「妳的首要任務是通關！」</hgh_f>,"{""brace_token"":[],""escaped_control"":[],""literal_newline"":[],""markup_tag"":[""</hgh_f>"",""<hgh_f c=0>""],""printf_token"":[],""var_tag"":[]}",
HGHU-TW-001978,角色與劇情,<hgh_f c=0>「一旦確保了某個區域的安全，妳就可以回去逮捕任何妳漏掉的太空流氓！」</hgh_f>,"{""brace_token"":[],""escaped_control"":[],""literal_newline"":[],""markup_tag"":[""</hgh_f>"",""<hgh_f c=0>""],""printf_token"":[],""var_tag"":[]}",
HGHU-TW-001979,角色與劇情,天啊...,"{""brace_token"":[],""escaped_control"":[],""literal_newline"":[],""markup_tag"":[],""printf_token"":[],""var_tag"":[]}",
HGHU-TW-001980,角色與劇情,我都等不及要抓住我的第一個壞蛋了！,"{""brace_token"":[],""escaped_control"":[],""literal_newline"":[],""markup_tag"":[],""printf_token"":[],""var_tag"":[]}",
HGHU-TW-001981,角色與劇情,耶！出發！,"{""brace_token"":[],""escaped_control"":[],""literal_newline"":[],""markup_tag"":[],""printf_token"":[],""var_tag"":[]}",
HGHU-TW-001982,角色與劇情,糟糕！是來自銀河刑罰小隊的緊急訊息！,"{""brace_token"":[],""escaped_control"":[],""literal_newline"":[],""markup_tag"":[],""printf_token"":[],""var_tag"":[]}",
HGHU-TW-001983,角色與劇情,總部請回答。,"{""brace_token"":[],""escaped_control"":[],""literal_newline"":[],""markup_tag"":[],""printf_token"":[],""var_tag"":[]}",
HGHU-TW-001984,角色與劇情,我抵達了一個看起來很可疑的區域。,"{""brace_token"":[],""escaped_control"":[],""literal_newline"":[],""markup_tag"":[],""printf_token"":[],""var_tag"":[]}",
HGHU-TW-001985,角色與劇情,附近可能有太空流氓。,"{""brace_token"":[],""escaped_control"":[],""literal_newline"":[],""markup_tag"":[],""printf_token"":[],""var_tag"":[]}",
HGHU-TW-001986,角色與劇情,注意妳的背後，警官！,"{""brace_token"":[],""escaped_control"":[],""literal_newline"":[],""markup_tag"":[],""printf_token"":[],""var_tag"":[]}",
HGHU-TW-001987,角色與劇情,我正在追蹤一個不明目標！,"{""brace_token"":[],""escaped_control"":[],""literal_newline"":[],""markup_tag"":[],""printf_token"":[],""var_tag"":[]}",
HGHU-TW-001988,角色與劇情,嗶——...,"{""brace_token"":[],""escaped_control"":[],""literal_newline"":[],""markup_tag"":[],""printf_token"":[],""var_tag"":[]}",
HGHU-TW-001989,角色與劇情,噁，真噁心！,"{""brace_token"":[],""escaped_control"":[],""literal_newline"":[],""markup_tag"":[],""printf_token"":[],""var_tag"":[]}",
HGHU-TW-001990,角色與劇情,它來得很快，而且就在海平面上！,"{""brace_token"":[],""escaped_control"":[],""literal_newline"":[],""markup_tag"":[],""printf_token"":[],""var_tag"":[]}",
HGHU-TW-001991,角色與劇情,我來處理。,"{""brace_token"":[],""escaped_control"":[],""literal_newline"":[],""markup_tag"":[],""printf_token"":[],""var_tag"":[]}",
HGHU-TW-001992,角色與劇情,那邊那個！靠邊停！,"{""brace_token"":[],""escaped_control"":[],""literal_newline"":[],""markup_tag"":[],""printf_token"":[],""var_tag"":[]}",
HGHU-TW-001993,角色與劇情,(喔，太棒了。),"{""brace_token"":[],""escaped_control"":[],""literal_newline"":[],""markup_tag"":[],""printf_token"":[],""var_tag"":[]}",
HGHU-TW-001994,角色與劇情,請問有什麼問題嗎，警官？,"{""brace_token"":[],""escaped_control"":[],""literal_newline"":[],""markup_tag"":[],""printf_token"":[],""var_tag"":[]}",
HGHU-TW-001995,角色與劇情,警官桑塔，請回答！,"{""brace_token"":[],""escaped_control"":[],""literal_newline"":[],""markup_tag"":[],""printf_token"":[],""var_tag"":[]}",
HGHU-TW-001996,角色與劇情,請提供姓名和身分證明！,"{""brace_token"":[],""escaped_control"":[],""literal_newline"":[],""markup_tag"":[],""printf_token"":[],""var_tag"":[]}",
HGHU-TW-001997,角色與劇情,我？妳不知道<hgh_f c=0>我是誰</hgh_f>嗎？,"{""brace_token"":[],""escaped_control"":[],""literal_newline"":[],""markup_tag"":[""</hgh_f>"",""<hgh_f c=0>""],""printf_token"":[],""var_tag"":[]}",
HGHU-TW-001998,角色與劇情,年齡？體重？眼睛顏色？,"{""brace_token"":[],""escaped_control"":[],""literal_newline"":[],""markup_tag"":[],""printf_token"":[],""var_tag"":[]}",
HGHU-TW-001999,角色與劇情,不告訴妳，不告訴妳，不確定。,"{""brace_token"":[],""escaped_control"":[],""literal_newline"":[],""markup_tag"":[],""printf_token"":[],""var_tag"":[]}",
HGHU-TW-002000,角色與劇情,你有這台巨型蛞蝓裝置的許可證嗎？,"{""brace_token"":[],""escaped_control"":[],""literal_newline"":[],""markup_tag"":[],""printf_token"":[],""var_tag"":[]}",
HGHU-TW-002001,角色與劇情,我需要查看車輛登記證和寵物許可證。,"{""brace_token"":[],""escaped_control"":[],""literal_newline"":[],""markup_tag"":[],""printf_token"":[],""var_tag"":[]}",
HGHU-TW-002002,角色與劇情,呃...,"{""brace_token"":[],""escaped_control"":[],""literal_newline"":[],""markup_tag"":[],""printf_token"":[],""var_tag"":[]}",
HGHU-TW-002003,角色與劇情,請稍等，警官。,"{""brace_token"":[],""escaped_control"":[],""literal_newline"":[],""markup_tag"":[],""printf_token"":[],""var_tag"":[]}",
HGHU-TW-002004,角色與劇情,這裡是桑塔！收到！,"{""brace_token"":[],""escaped_control"":[],""literal_newline"":[],""markup_tag"":[],""printf_token"":[],""var_tag"":[]}",
HGHU-TW-002005,角色與劇情,我有相關文件...,"{""brace_token"":[],""escaped_control"":[],""literal_newline"":[],""markup_tag"":[],""printf_token"":[],""var_tag"":[]}",
HGHU-TW-002006,角色與劇情,就塞在...,"{""brace_token"":[],""escaped_control"":[],""literal_newline"":[],""markup_tag"":[],""printf_token"":[],""var_tag"":[]}",
HGHU-TW-002007,角色與劇情,這裡...,"{""brace_token"":[],""escaped_control"":[],""literal_newline"":[],""markup_tag"":[],""printf_token"":[],""var_tag"":[]}",
HGHU-TW-002008,角色與劇情,<hgh_f c=0>我的天啊那邊那是什麼？！</hgh_f>,"{""brace_token"":[],""escaped_control"":[],""literal_newline"":[],""markup_tag"":[""</hgh_f>"",""<hgh_f c=0>""],""printf_token"":[],""var_tag"":[]}",
HGHU-TW-002009,角色與劇情,什麼？,"{""brace_token"":[],""escaped_control"":[],""literal_newline"":[],""markup_tag"":[],""printf_token"":[],""var_tag"":[]}",
HGHU-TW-002010,角色與劇情,哪裡？,"{""brace_token"":[],""escaped_control"":[],""literal_newline"":[],""markup_tag"":[],""printf_token"":[],""var_tag"":[]}",
HGHU-TW-002011,角色與劇情,太空流氓越獄了！,"{""brace_token"":[],""escaped_control"":[],""literal_newline"":[],""markup_tag"":[],""printf_token"":[],""var_tag"":[]}",
HGHU-TW-002012,角色與劇情,按下 <IB action=Dance/> 來發射博羅的<hgh_f c=0>彈簧爪</hgh_f>！用它來在<hgh_f c=0>木樁</hgh_f>和<hgh_f c=0>圓環</hgh_f>上擺盪！,"{""brace_token"":[],""escaped_control"":[],""literal_newline"":[],""markup_tag"":[""</hgh_f>"",""</hgh_f>"",""</hgh_f>"",""<IB action=Dance/>"",""<hgh_f c=0>"",""<hgh_f c=0>"",""<hgh_f c=0>""],""printf_token"":[],""var_tag"":[]}",
HGHU-TW-002013,角色與劇情,<hgh_f c=0>提示</hgh_f>！試著在地面上或空中朝不同方向發射！,"{""brace_token"":[],""escaped_control"":[],""literal_newline"":[],""markup_tag"":[""</hgh_f>"",""<hgh_f c=0>""],""printf_token"":[],""var_tag"":[]}",
HGHU-TW-002014,角色與劇情,按下 <IB action=Dance/> 來扔出一顆 <hgh_f c=0>史凱的蛋</hgh_f>！,"{""brace_token"":[],""escaped_control"":[],""literal_newline"":[],""markup_tag"":[""</hgh_f>"",""<IB action=Dance/>"",""<hgh_f c=0>""],""printf_token"":[],""var_tag"":[]}",
HGHU-TW-002015,角色與劇情,當蛋在空中時按下 <IB action=Dance/> 來孵化一隻<hgh_f c=0>懸停鳥</hgh_f>，讓史凱可以<hgh_f c=0>站</hgh_f>在上面！,"{""brace_token"":[],""escaped_control"":[],""literal_newline"":[],""markup_tag"":[""</hgh_f>"",""</hgh_f>"",""<IB action=Dance/>"",""<hgh_f c=0>"",""<hgh_f c=0>""],""printf_token"":[],""var_tag"":[]}",
HGHU-TW-002016,角色與劇情,<hgh_f c=0>提示</hgh_f>！試著朝不同方向扔出，並掌握<hgh_f c=0>孵化</hgh_f>的時機來改變結果！,"{""brace_token"":[],""escaped_control"":[],""literal_newline"":[],""markup_tag"":[""</hgh_f>"",""</hgh_f>"",""<hgh_f c=0>"",""<hgh_f c=0>""],""printf_token"":[],""var_tag"":[]}",
HGHU-TW-002017,角色與劇情,按住 <IB action=Dance/> 讓羅蒂托普斯進入<hgh_f c=0>投擲模式</hgh_f>！放開來<hgh_f c=0>把她的頭丟出去</hgh_f>穿越障礙物！,"{""brace_token"":[],""escaped_control"":[],""literal_newline"":[],""markup_tag"":[""</hgh_f>"",""</hgh_f>"",""<IB action=Dance/>"",""<hgh_f c=0>"",""<hgh_f c=0>""],""printf_token"":[],""var_tag"":[]}",
HGHU-TW-002018,角色與劇情,只要她的<hgh_f c=0>頭安全著陸</hgh_f>，她就會在那個地方<hgh_f c=0>重組</hgh_f>。,"{""brace_token"":[],""escaped_control"":[],""literal_newline"":[],""markup_tag"":[""</hgh_f>"",""</hgh_f>"",""<hgh_f c=0>"",""<hgh_f c=0>""],""printf_token"":[],""var_tag"":[]}",
HGHU-TW-002019,角色與劇情,<hgh_f c=0>提示</hgh_f>！試著用 <IB action=DPAD_NONE scale=0.5/> 以固定角度投擲，或用 <IB action=LSTICK scale=0.5/> <hgh_f c=0>自由瞄準</hgh_f>。,"{""brace_token"":[],""escaped_control"":[],""literal_newline"":[],""markup_tag"":[""</hgh_f>"",""</hgh_f>"",""<IB action=DPAD_NONE scale=0.5/>"",""<IB action=LSTICK scale=0.5/>"",""<hgh_f c=0>"",""<hgh_f c=0>""],""printf_token"":[],""var_tag"":[]}",
HGHU-TW-002020,角色與劇情,每個英雄都有一個會消耗<hgh_f c=0>夢境魔法</hgh_f>的<hgh_f c=0>特殊招式</hgh_f>！,"{""brace_token"":[],""escaped_control"":[],""literal_newline"":[],""markup_tag"":[""</hgh_f>"",""</hgh_f>"",""<hgh_f c=0>"",""<hgh_f c=0>""],""printf_token"":[],""var_tag"":[]}",
HGHU-TW-002021,角色與劇情,博羅能投擲會彈跳的<hgh_f c=0>尖刺球</hgh_f>。,"{""brace_token"":[],""escaped_control"":[],""literal_newline"":[],""markup_tag"":[""</hgh_f>"",""<hgh_f c=0>""],""printf_token"":[],""var_tag"":[]}",
HGHU-TW-002022,角色與劇情,史凱能召喚具有保護作用的<hgh_f c=0>鳥兒</hgh_f>。,"{""brace_token"":[],""escaped_control"":[],""literal_newline"":[],""markup_tag"":[""</hgh_f>"",""<hgh_f c=0>""],""printf_token"":[],""var_tag"":[]}",
HGHU-TW-002023,角色與劇情,羅蒂托普斯可以恢復<hgh_f c=0>生命值</hgh_f>！,"{""brace_token"":[],""escaped_control"":[],""literal_newline"":[],""markup_tag"":[""</hgh_f>"",""<hgh_f c=0>""],""printf_token"":[],""var_tag"":[]}",
HGHU-TW-002024,角色與劇情,按下 <IB action=Interact/> 來試試看他們各自的招式。,"{""brace_token"":[],""escaped_control"":[],""literal_newline"":[],""markup_tag"":[""<IB action=Interact/>""],""printf_token"":[],""var_tag"":[]}",
HGHU-TW-002025,角色與劇情,祝好運，並且記住...,"{""brace_token"":[],""escaped_control"":[],""literal_newline"":[],""markup_tag"":[],""printf_token"":[],""var_tag"":[]}",
HGHU-TW-002026,角色與劇情,善用<hgh_f c=0>團隊合作</hgh_f>！,"{""brace_token"":[],""escaped_control"":[],""literal_newline"":[],""markup_tag"":[""</hgh_f>"",""<hgh_f c=0>""],""printf_token"":[],""var_tag"":[]}",
HGHU-TW-002027,角色與劇情,聽好了，<hgh_f c=0>孩子們</hgh_f>！,"{""brace_token"":[],""escaped_control"":[],""literal_newline"":[],""markup_tag"":[""</hgh_f>"",""<hgh_f c=0>""],""printf_token"":[],""var_tag"":[]}",
HGHU-TW-002028,角色與劇情,為了在桑塔扭曲的記憶中生存下來，你們三個必須像個團隊一樣合作！,"{""brace_token"":[],""escaped_control"":[],""literal_newline"":[],""markup_tag"":[],""printf_token"":[],""var_tag"":[]}",
HGHU-TW-002029,角色與劇情,首先，我們來了解一下<hgh_f c=0>博羅</hgh_f>！,"{""brace_token"":[],""escaped_control"":[],""literal_newline"":[],""markup_tag"":[""</hgh_f>"",""<hgh_f c=0>""],""printf_token"":[],""var_tag"":[]}",
HGHU-TW-002030,角色與劇情,博羅可以發射他的<hgh_f c=0>彈簧爪</hgh_f>來抓住<hgh_f c=0>木樁</hgh_f>！,"{""brace_token"":[],""escaped_control"":[],""literal_newline"":[],""markup_tag"":[""</hgh_f>"",""</hgh_f>"",""<hgh_f c=0>"",""<hgh_f c=0>""],""printf_token"":[],""var_tag"":[]}",
HGHU-TW-002031,角色與劇情,按下 <IB action=Dance/> 來使用<hgh_f c=0>彈簧爪</hgh_f>！,"{""brace_token"":[],""escaped_control"":[],""literal_newline"":[],""markup_tag"":[""</hgh_f>"",""<IB action=Dance/>"",""<hgh_f c=0>""],""printf_token"":[],""var_tag"":[]}",
HGHU-TW-002032,角色與劇情,按住<hgh_f c=0>上</hgh_f>會將爪子直接往上瞄準。,"{""brace_token"":[],""escaped_control"":[],""literal_newline"":[],""markup_tag"":[""</hgh_f>"",""<hgh_f c=0>""],""printf_token"":[],""var_tag"":[]}",
HGHU-TW-002033,角色與劇情,一旦博羅<hgh_f c=0>抓住了</hgh_f><hgh_f c=0>木樁</hgh_f>，他就可以自由地擺盪，並隨時跳開。,"{""brace_token"":[],""escaped_control"":[],""literal_newline"":[],""markup_tag"":[""</hgh_f>"",""</hgh_f>"",""<hgh_f c=0>"",""<hgh_f c=0>""],""printf_token"":[],""var_tag"":[]}",
HGHU-TW-002034,角色與劇情,去吧，試試看！,"{""brace_token"":[],""escaped_control"":[],""literal_newline"":[],""markup_tag"":[],""printf_token"":[],""var_tag"":[]}",
HGHU-TW-002035,角色與劇情,到底發生了什麼事？！,"{""brace_token"":[],""escaped_control"":[],""literal_newline"":[],""markup_tag"":[],""printf_token"":[],""var_tag"":[]}",
HGHU-TW-002036,角色與劇情,博羅可以使用他的近戰攻擊來摧毀<hgh_f c=0>有裂縫的方塊</hgh_f>！,"{""brace_token"":[],""escaped_control"":[],""literal_newline"":[],""markup_tag"":[""</hgh_f>"",""<hgh_f c=0>""],""printf_token"":[],""var_tag"":[]}",
HGHU-TW-002037,角色與劇情,去吧！把它們砸碎！,"{""brace_token"":[],""escaped_control"":[],""literal_newline"":[],""markup_tag"":[],""printf_token"":[],""var_tag"":[]}",
HGHU-TW-002038,角色與劇情,博羅可以抓住<hgh_f c=0>木樁</hgh_f>和<hgh_f c=0>圓環</hgh_f>！,"{""brace_token"":[],""escaped_control"":[],""literal_newline"":[],""markup_tag"":[""</hgh_f>"",""</hgh_f>"",""<hgh_f c=0>"",""<hgh_f c=0>""],""printf_token"":[],""var_tag"":[]}",
HGHU-TW-002039,角色與劇情,發射博羅的<hgh_f c=0>彈簧爪</hgh_f>時，預設會朝前方角度發射。,"{""brace_token"":[],""escaped_control"":[],""literal_newline"":[],""markup_tag"":[""</hgh_f>"",""<hgh_f c=0>""],""printf_token"":[],""var_tag"":[]}",
HGHU-TW-002040,角色與劇情,嗯……,"{""brace_token"":[],""escaped_control"":[],""literal_newline"":[],""markup_tag"":[],""printf_token"":[],""var_tag"":[]}",
HGHU-TW-002041,角色與劇情,這讓他很容易就能前後擺盪！,"{""brace_token"":[],""escaped_control"":[],""literal_newline"":[],""markup_tag"":[],""printf_token"":[],""var_tag"":[]}",
HGHU-TW-002042,角色與劇情,按下<hgh_f c=0>上</hgh_f>或<hgh_f c=0>下</hgh_f>來縮短或延長鍊條。,"{""brace_token"":[],""escaped_control"":[],""literal_newline"":[],""markup_tag"":[""</hgh_f>"",""</hgh_f>"",""<hgh_f c=0>"",""<hgh_f c=0>""],""printf_token"":[],""var_tag"":[]}",
HGHU-TW-002043,角色與劇情,有了更長的鍊條，博羅就能跳得更遠！,"{""brace_token"":[],""escaped_control"":[],""literal_newline"":[],""markup_tag"":[],""printf_token"":[],""var_tag"":[]}",
HGHU-TW-002044,角色與劇情,試試看吧！,"{""brace_token"":[],""escaped_control"":[],""literal_newline"":[],""markup_tag"":[],""printf_token"":[],""var_tag"":[]}",
HGHU-TW-002045,角色與劇情,接下來，我們來了解一下<hgh_f c=0>羅蒂托普斯</hgh_f>！,"{""brace_token"":[],""escaped_control"":[],""literal_newline"":[],""markup_tag"":[""</hgh_f>"",""<hgh_f c=0>""],""printf_token"":[],""var_tag"":[]}",
HGHU-TW-002046,角色與劇情,羅蒂可以將她的<hgh_f c=0>頭</hgh_f>穿過夢魘能量和類似的屏障。,"{""brace_token"":[],""escaped_control"":[],""literal_newline"":[],""markup_tag"":[""</hgh_f>"",""<hgh_f c=0>""],""printf_token"":[],""var_tag"":[]}",
HGHU-TW-002047,角色與劇情,按住 <IB action=Dance/> 讓羅蒂托普斯進入<hgh_f c=0>投擲模式</hgh_f>！,"{""brace_token"":[],""escaped_control"":[],""literal_newline"":[],""markup_tag"":[""</hgh_f>"",""<IB action=Dance/>"",""<hgh_f c=0>""],""printf_token"":[],""var_tag"":[]}",
HGHU-TW-002048,角色與劇情,<hgh_f c=0>黑暗魔法</hgh_f>肯定讓她的身體超載了。她被打暈了。,"{""brace_token"":[],""escaped_control"":[],""literal_newline"":[],""markup_tag"":[""</hgh_f>"",""<hgh_f c=0>""],""printf_token"":[],""var_tag"":[]}",
HGHU-TW-002049,角色與劇情,放開按鍵來<hgh_f c=0>丟出她的頭</hgh_f>！,"{""brace_token"":[],""escaped_control"":[],""literal_newline"":[],""markup_tag"":[""</hgh_f>"",""<hgh_f c=0>""],""printf_token"":[],""var_tag"":[]}",
HGHU-TW-002050,角色與劇情,她會在她的<hgh_f c=0>頭安全落地</hgh_f>的任何地方<hgh_f c=0>重組身體</hgh_f>。,"{""brace_token"":[],""escaped_control"":[],""literal_newline"":[],""markup_tag"":[""</hgh_f>"",""</hgh_f>"",""<hgh_f c=0>"",""<hgh_f c=0>""],""printf_token"":[],""var_tag"":[]}",
HGHU-TW-002051,角色與劇情,試試看吧！,"{""brace_token"":[],""escaped_control"":[],""literal_newline"":[],""markup_tag"":[],""printf_token"":[],""var_tag"":[]}",
HGHU-TW-002052,角色與劇情,羅蒂托普斯可以根據情況，以任何角度丟出她的頭！,"{""brace_token"":[],""escaped_control"":[],""literal_newline"":[],""markup_tag"":[],""printf_token"":[],""var_tag"":[]}",
HGHU-TW-002053,角色與劇情,使用 <IB action=DPAD_NONE scale=0.5/> 以固定角度投擲...,"{""brace_token"":[],""escaped_control"":[],""literal_newline"":[],""markup_tag"":[""<IB action=DPAD_NONE scale=0.5/>""],""printf_token"":[],""var_tag"":[]}",
HGHU-TW-002054,角色與劇情,或者，使用 <IB action=LSTICK scale=0.5/> 來<hgh_f c=0>自由瞄準</hgh_f>。,"{""brace_token"":[],""escaped_control"":[],""literal_newline"":[],""markup_tag"":[""</hgh_f>"",""<IB action=LSTICK scale=0.5/>"",""<hgh_f c=0>""],""printf_token"":[],""var_tag"":[]}",
HGHU-TW-002055,角色與劇情,試試看！,"{""brace_token"":[],""escaped_control"":[],""literal_newline"":[],""markup_tag"":[],""printf_token"":[],""var_tag"":[]}",
HGHU-TW-002056,角色與劇情,使用羅蒂的丟頭技能來穿過<hgh_f c=0>柔軟表面</hgh_f>，例如薄平台！,"{""brace_token"":[],""escaped_control"":[],""literal_newline"":[],""markup_tag"":[""</hgh_f>"",""<hgh_f c=0>""],""printf_token"":[],""var_tag"":[]}",
HGHU-TW-002057,角色與劇情,請注意，你可以按下任何可用的動作按鈕來取消投擲。,"{""brace_token"":[],""escaped_control"":[],""literal_newline"":[],""markup_tag"":[],""printf_token"":[],""var_tag"":[]}",
HGHU-TW-002058,角色與劇情,祝好運！,"{""brace_token"":[],""escaped_control"":[],""literal_newline"":[],""markup_tag"":[],""printf_token"":[],""var_tag"":[]}",
HGHU-TW-002059,角色與劇情,使用羅蒂的丟頭技能來穿過<hgh_f c=0>柔軟表面</hgh_f>，例如薄平台！,"{""brace_token"":[],""escaped_control"":[],""literal_newline"":[],""markup_tag"":[""</hgh_f>"",""<hgh_f c=0>""],""printf_token"":[],""var_tag"":[]}",
HGHU-TW-002060,角色與劇情,請注意，你可以按下任何可用的動作按鈕來取消投擲。,"{""brace_token"":[],""escaped_control"":[],""literal_newline"":[],""markup_tag"":[],""printf_token"":[],""var_tag"":[]}",
HGHU-TW-002061,角色與劇情,那我們現在該怎麼辦？,"{""brace_token"":[],""escaped_control"":[],""literal_newline"":[],""markup_tag"":[],""printf_token"":[],""var_tag"":[]}",
HGHU-TW-002062,角色與劇情,祝好運！,"{""brace_token"":[],""escaped_control"":[],""literal_newline"":[],""markup_tag"":[],""printf_token"":[],""var_tag"":[]}",
HGHU-TW-002063,角色與劇情,最後，我們來了解一下<hgh_f c=0>史凱</hgh_f>！,"{""brace_token"":[],""escaped_control"":[],""literal_newline"":[],""markup_tag"":[""</hgh_f>"",""<hgh_f c=0>""],""printf_token"":[],""var_tag"":[]}",
HGHU-TW-002064,角色與劇情,按下 <IB action=Dance/> 來丟出一顆<hgh_f c=0>史凱的蛋</hgh_f>！,"{""brace_token"":[],""escaped_control"":[],""literal_newline"":[],""markup_tag"":[""</hgh_f>"",""<IB action=Dance/>"",""<hgh_f c=0>""],""printf_token"":[],""var_tag"":[]}",
HGHU-TW-002065,角色與劇情,在蛋還在空中的時候按下 <IB action=Dance/>，可以孵出一隻<hgh_f c=0>懸浮鳥</hgh_f>讓史凱<hgh_f c=0>站</hgh_f>在上面！,"{""brace_token"":[],""escaped_control"":[],""literal_newline"":[],""markup_tag"":[""</hgh_f>"",""</hgh_f>"",""<IB action=Dance/>"",""<hgh_f c=0>"",""<hgh_f c=0>""],""printf_token"":[],""var_tag"":[]}",
HGHU-TW-002066,角色與劇情,使用這個能力來跳過<hgh_f c=0>寬闊的裂口</hgh_f>！,"{""brace_token"":[],""escaped_control"":[],""literal_newline"":[],""markup_tag"":[""</hgh_f>"",""<hgh_f c=0>""],""printf_token"":[],""var_tag"":[]}",
HGHU-TW-002067,角色與劇情,去試試看吧！,"{""brace_token"":[],""escaped_control"":[],""literal_newline"":[],""markup_tag"":[],""printf_token"":[],""var_tag"":[]}",
HGHU-TW-002068,角色與劇情,是啊，我們不能就這樣把她丟在這裡！,"{""brace_token"":[],""escaped_control"":[],""literal_newline"":[],""markup_tag"":[],""printf_token"":[],""var_tag"":[]}",
HGHU-TW-002069,角色與劇情,當投擲<hgh_f c=0>蛋</hgh_f>時，史凱預設會向前方投擲。,"{""brace_token"":[],""escaped_control"":[],""literal_newline"":[],""markup_tag"":[""</hgh_f>"",""<hgh_f c=0>""],""printf_token"":[],""var_tag"":[]}",
HGHU-TW-002070,角色與劇情,然而，按住<hgh_f c=0>上</hgh_f>可以讓她垂直往上丟。,"{""brace_token"":[],""escaped_control"":[],""literal_newline"":[],""markup_tag"":[""</hgh_f>"",""<hgh_f c=0>""],""printf_token"":[],""var_tag"":[]}",
HGHU-TW-002071,角色與劇情,記住，只要史凱站在上面，她的鳥兒平台就不會消失！,"{""brace_token"":[],""escaped_control"":[],""literal_newline"":[],""markup_tag"":[],""printf_token"":[],""var_tag"":[]}",
HGHU-TW-002072,角色與劇情,去吧，展示一下妳的垂直投擲！,"{""brace_token"":[],""escaped_control"":[],""literal_newline"":[],""markup_tag"":[],""printf_token"":[],""var_tag"":[]}",
HGHU-TW-002073,角色與劇情,史凱可以把她的朋友<hgh_f c=0>扳手</hgh_f>當作滑翔翼，進行更遠的跳躍！,"{""brace_token"":[],""escaped_control"":[],""literal_newline"":[],""markup_tag"":[""</hgh_f>"",""<hgh_f c=0>""],""printf_token"":[],""var_tag"":[]}",
HGHU-TW-002074,角色與劇情,等一下。,"{""brace_token"":[],""escaped_control"":[],""literal_newline"":[],""markup_tag"":[],""printf_token"":[],""var_tag"":[]}",
HGHU-TW-002075,角色與劇情,跳躍並按住 <IB action=Jump/> 來使用扳手滑翔！,"{""brace_token"":[],""escaped_control"":[],""literal_newline"":[],""markup_tag"":[""<IB action=Jump/>""],""printf_token"":[],""var_tag"":[]}",
HGHU-TW-002076,角色與劇情,團隊合作通常是致勝的關鍵！,"{""brace_token"":[],""escaped_control"":[],""literal_newline"":[],""markup_tag"":[],""printf_token"":[],""var_tag"":[]}",
HGHU-TW-002077,角色與劇情,決定誰最適合這項工作，並好好發揮那個英雄的專長！,"{""brace_token"":[],""escaped_control"":[],""literal_newline"":[],""markup_tag"":[],""printf_token"":[],""var_tag"":[]}",
HGHU-TW-002078,角色與劇情,按下 <IB action=PreviousItem/> 和 <IB action=NextItem/> 來切換英雄！,"{""brace_token"":[],""escaped_control"":[],""literal_newline"":[],""markup_tag"":[""<IB action=NextItem/>"",""<IB action=PreviousItem/>""],""printf_token"":[],""var_tag"":[]}",
HGHU-TW-002079,角色與劇情,有時候，需要兩個英雄一起合作！,"{""brace_token"":[],""escaped_control"":[],""literal_newline"":[],""markup_tag"":[],""printf_token"":[],""var_tag"":[]}",
HGHU-TW-002080,角色與劇情,也許我們可以<hgh_f c=0>利用</hgh_f>這個機會，在 桑塔 醒來之前幫助她。,"{""brace_token"":[],""escaped_control"":[],""literal_newline"":[],""markup_tag"":[""</hgh_f>"",""<hgh_f c=0>""],""printf_token"":[],""var_tag"":[]}",
HGHU-TW-002081,角色與劇情,試著用史凱製造一個懸浮鳥平台，然後讓<hgh_f c=0>另一個</hgh_f>英雄站上去！,"{""brace_token"":[],""escaped_control"":[],""literal_newline"":[],""markup_tag"":[""</hgh_f>"",""<hgh_f c=0>""],""printf_token"":[],""var_tag"":[]}",
HGHU-TW-002082,角色與劇情,解開這個謎題，展現你們的團隊合作！,"{""brace_token"":[],""escaped_control"":[],""literal_newline"":[],""markup_tag"":[],""printf_token"":[],""var_tag"":[]}",
HGHU-TW-002083,角色與劇情,最後一件事！仔細聽好！,"{""brace_token"":[],""escaped_control"":[],""literal_newline"":[],""markup_tag"":[],""printf_token"":[],""var_tag"":[]}",
HGHU-TW-002084,角色與劇情,你們每個人都有一個會消耗<hgh_f c=0>夢境魔法</hgh_f>的<hgh_f c=0>特殊招式</hgh_f>！,"{""brace_token"":[],""escaped_control"":[],""literal_newline"":[],""markup_tag"":[""</hgh_f>"",""</hgh_f>"",""<hgh_f c=0>"",""<hgh_f c=0>""],""printf_token"":[],""var_tag"":[]}",
HGHU-TW-002085,角色與劇情,博羅能投擲會彈跳的<hgh_f c=0>尖刺球</hgh_f>。,"{""brace_token"":[],""escaped_control"":[],""literal_newline"":[],""markup_tag"":[""</hgh_f>"",""<hgh_f c=0>""],""printf_token"":[],""var_tag"":[]}",
HGHU-TW-002086,角色與劇情,羅蒂托普斯可以恢復<hgh_f c=0>生命值</hgh_f>！,"{""brace_token"":[],""escaped_control"":[],""literal_newline"":[],""markup_tag"":[""</hgh_f>"",""<hgh_f c=0>""],""printf_token"":[],""var_tag"":[]}",
HGHU-TW-002087,角色與劇情,史凱能召喚出環繞她身體、具有保護作用的<hgh_f c=0>鳥兒</hgh_f>。,"{""brace_token"":[],""escaped_control"":[],""literal_newline"":[],""markup_tag"":[""</hgh_f>"",""<hgh_f c=0>""],""printf_token"":[],""var_tag"":[]}",
HGHU-TW-002088,角色與劇情,按下 <IB action=Interact/> 來試試看這些招式。,"{""brace_token"":[],""escaped_control"":[],""literal_newline"":[],""markup_tag"":[""<IB action=Interact/>""],""printf_token"":[],""var_tag"":[]}",
HGHU-TW-002089,角色與劇情,祝好運，並且記住...,"{""brace_token"":[],""escaped_control"":[],""literal_newline"":[],""markup_tag"":[],""printf_token"":[],""var_tag"":[]}",
HGHU-TW-002090,角色與劇情,善用<hgh_f c=0>團隊合作</hgh_f>！,"{""brace_token"":[],""escaped_control"":[],""literal_newline"":[],""markup_tag"":[""</hgh_f>"",""<hgh_f c=0>""],""printf_token"":[],""var_tag"":[]}",
HGHU-TW-002091,角色與劇情,看那裡。你們看到了嗎？,"{""brace_token"":[],""escaped_control"":[],""literal_newline"":[],""markup_tag"":[],""printf_token"":[],""var_tag"":[]}",
HGHU-TW-002092,角色與劇情,從她體內爆發出來的<hgh_f c=0>黑暗魔法</hgh_f>……有股<hgh_f c=0>力量</hgh_f>正把它<hgh_f c=0>吸回去</hgh_f>！,"{""brace_token"":[],""escaped_control"":[],""literal_newline"":[],""markup_tag"":[""</hgh_f>"",""</hgh_f>"",""</hgh_f>"",""<hgh_f c=0>"",""<hgh_f c=0>"",""<hgh_f c=0>""],""printf_token"":[],""var_tag"":[]}",
HGHU-TW-002093,角色與劇情,也許你會覺得我瘋了……,"{""brace_token"":[],""escaped_control"":[],""literal_newline"":[],""markup_tag"":[],""printf_token"":[],""var_tag"":[]}",
HGHU-TW-002094,角色與劇情,但我敢打賭，我們其中一人可以進入那個<hgh_f c=0>漩渦</hgh_f>，試著從<hgh_f c=0>內部</hgh_f>救出她！,"{""brace_token"":[],""escaped_control"":[],""literal_newline"":[],""markup_tag"":[""</hgh_f>"",""</hgh_f>"",""<hgh_f c=0>"",""<hgh_f c=0>""],""printf_token"":[],""var_tag"":[]}",
HGHU-TW-002095,角色與劇情,假設<hgh_f c=0>善良的 桑塔</hgh_f>被困在裡面的某個地方，我們其中一人可以去跟她接觸並<hgh_f c=0>把她帶回來</hgh_f>！,"{""brace_token"":[],""escaped_control"":[],""literal_newline"":[],""markup_tag"":[""</hgh_f>"",""</hgh_f>"",""<hgh_f c=0>"",""<hgh_f c=0>""],""printf_token"":[],""var_tag"":[]}",
HGHU-TW-002096,角色與劇情,先生，你瘋了。,"{""brace_token"":[],""escaped_control"":[],""literal_newline"":[],""markup_tag"":[],""printf_token"":[],""var_tag"":[]}",
HGHU-TW-002097,角色與劇情,就算這行得通，誰知道她<hgh_f c=0>被腐化的心智</hgh_f>裡潛藏著什麼邪惡的東西。,"{""brace_token"":[],""escaped_control"":[],""literal_newline"":[],""markup_tag"":[""</hgh_f>"",""<hgh_f c=0>""],""printf_token"":[],""var_tag"":[]}",
HGHU-TW-002098,角色與劇情,如果我們激怒她，她只要一個念頭就能毀了我們！,"{""brace_token"":[],""escaped_control"":[],""literal_newline"":[],""markup_tag"":[],""printf_token"":[],""var_tag"":[]}",
HGHU-TW-002099,角色與劇情,它能做什麼，叔叔？,"{""brace_token"":[],""escaped_control"":[],""literal_newline"":[],""markup_tag"":[],""printf_token"":[],""var_tag"":[]}",
HGHU-TW-002100,角色與劇情,這值得一試。,"{""brace_token"":[],""escaped_control"":[],""literal_newline"":[],""markup_tag"":[],""printf_token"":[],""var_tag"":[]}",
HGHU-TW-002101,角色與劇情,如果這能幫到 桑塔，我去。,"{""brace_token"":[],""escaped_control"":[],""literal_newline"":[],""markup_tag"":[],""printf_token"":[],""var_tag"":[]}",
HGHU-TW-002102,角色與劇情,哈哈，你？,"{""brace_token"":[],""escaped_control"":[],""literal_newline"":[],""markup_tag"":[],""printf_token"":[],""var_tag"":[]}",
HGHU-TW-002103,角色與劇情,無意冒犯，博羅，但我們是想救她，不是把事情搞砸。,"{""brace_token"":[],""escaped_control"":[],""literal_newline"":[],""markup_tag"":[],""printf_token"":[],""var_tag"":[]}",
HGHU-TW-002104,角色與劇情,難道妳覺得<hgh_f c=0>妳</hgh_f>去最合適嗎？哪頭母牛死掉讓妳當老大了？,"{""brace_token"":[],""escaped_control"":[],""literal_newline"":[],""markup_tag"":[""</hgh_f>"",""<hgh_f c=0>""],""printf_token"":[],""var_tag"":[]}",
HGHU-TW-002105,角色與劇情,我來示範！看仔細了。,"{""brace_token"":[],""escaped_control"":[],""literal_newline"":[],""markup_tag"":[],""printf_token"":[],""var_tag"":[]}",
HGHU-TW-002106,角色與劇情,應該是我去才對！,"{""brace_token"":[],""escaped_control"":[],""literal_newline"":[],""markup_tag"":[],""printf_token"":[],""var_tag"":[]}",
HGHU-TW-002107,角色與劇情,一個殭屍？不可能！桑塔 最不想讓進入她腦袋的人就是妳了！,"{""brace_token"":[],""escaped_control"":[],""literal_newline"":[],""markup_tag"":[],""printf_token"":[],""var_tag"":[]}",
HGHU-TW-002108,角色與劇情,她一定最喜歡了，因為我最喜歡她的腦袋了！,"{""brace_token"":[],""escaped_control"":[],""literal_newline"":[],""markup_tag"":[],""printf_token"":[],""var_tag"":[]}",
HGHU-TW-002109,角色與劇情,夠了！你們三個別吵了，不然你們會……,"{""brace_token"":[],""escaped_control"":[],""literal_newline"":[],""markup_tag"":[],""printf_token"":[],""var_tag"":[]}",
HGHU-TW-002110,角色與劇情,<hgh_f c=0>等等</hgh_f>！！,"{""brace_token"":[],""escaped_control"":[],""literal_newline"":[],""markup_tag"":[""</hgh_f>"",""<hgh_f c=0>""],""printf_token"":[],""var_tag"":[]}",
HGHU-TW-002111,角色與劇情,這是……,"{""brace_token"":[],""escaped_control"":[],""literal_newline"":[],""markup_tag"":[],""printf_token"":[],""var_tag"":[]}",
HGHU-TW-002112,角色與劇情,我們是不是在她的<hgh_f c=0>心智裡面</hgh_f>？,"{""brace_token"":[],""escaped_control"":[],""literal_newline"":[],""markup_tag"":[""</hgh_f>"",""<hgh_f c=0>""],""printf_token"":[],""var_tag"":[]}",
HGHU-TW-002113,角色與劇情,看起來像一場風暴！,"{""brace_token"":[],""escaped_control"":[],""literal_newline"":[],""markup_tag"":[],""printf_token"":[],""var_tag"":[]}",
HGHU-TW-002114,角色與劇情,比較像是一場<hgh_f c=0>惡夢</hgh_f>。,"{""brace_token"":[],""escaped_control"":[],""literal_newline"":[],""markup_tag"":[""</hgh_f>"",""<hgh_f c=0>""],""printf_token"":[],""var_tag"":[]}",
HGHU-TW-002115,角色與劇情,可惡！現在只剩我一個人困在外面了！,"{""brace_token"":[],""escaped_control"":[],""literal_newline"":[],""markup_tag"":[],""printf_token"":[],""var_tag"":[]}",
HGHU-TW-002116,角色與劇情,如果她醒來我該怎麼辦？拿掃把棍擊退她嗎？,"{""brace_token"":[],""escaped_control"":[],""literal_newline"":[],""markup_tag"":[],""printf_token"":[],""var_tag"":[]}",
HGHU-TW-002117,角色與劇情,唉。聽起來你們幾個還是進去了。,"{""brace_token"":[],""escaped_control"":[],""literal_newline"":[],""markup_tag"":[],""printf_token"":[],""var_tag"":[]}",
HGHU-TW-002118,角色與劇情,對。我們進來了！在 桑塔 的心智裡。,"{""brace_token"":[],""escaped_control"":[],""literal_newline"":[],""markup_tag"":[],""printf_token"":[],""var_tag"":[]}",
HGHU-TW-002119,角色與劇情,我稱這裡為<hgh_f c=0>惡夢領域</hgh_f>。,"{""brace_token"":[],""escaped_control"":[],""literal_newline"":[],""markup_tag"":[""</hgh_f>"",""<hgh_f c=0>""],""printf_token"":[],""var_tag"":[]}",
HGHU-TW-002120,角色與劇情,誰在乎你叫它什麼啊？,"{""brace_token"":[],""escaped_control"":[],""literal_newline"":[],""markup_tag"":[],""printf_token"":[],""var_tag"":[]}",
HGHU-TW-002121,角色與劇情,聽著！你們必須在太遲之前找到 桑塔！,"{""brace_token"":[],""escaped_control"":[],""literal_newline"":[],""markup_tag"":[],""printf_token"":[],""var_tag"":[]}",
HGHU-TW-002122,角色與劇情,沒錯！包在我身上！,"{""brace_token"":[],""escaped_control"":[],""literal_newline"":[],""markup_tag"":[],""printf_token"":[],""var_tag"":[]}",
HGHU-TW-002123,角色與劇情,看到上面那些水晶了嗎？,"{""brace_token"":[],""escaped_control"":[],""literal_newline"":[],""markup_tag"":[],""printf_token"":[],""var_tag"":[]}",
HGHU-TW-002124,角色與劇情,你們兩個在這裡等。我一個人就能搞定。,"{""brace_token"":[],""escaped_control"":[],""literal_newline"":[],""markup_tag"":[],""printf_token"":[],""var_tag"":[]}",
HGHU-TW-002125,角色與劇情,才不要！當英雄可是我的專長！我要去！,"{""brace_token"":[],""escaped_control"":[],""literal_newline"":[],""markup_tag"":[],""printf_token"":[],""var_tag"":[]}",
HGHU-TW-002126,角色與劇情,我看我們還是分頭行動吧。你們這兩個慢吞吞的傢伙只會礙我的事！,"{""brace_token"":[],""escaped_control"":[],""literal_newline"":[],""markup_tag"":[],""printf_token"":[],""var_tag"":[]}",
HGHU-TW-002127,角色與劇情,聽著，孩子們！,"{""brace_token"":[],""escaped_control"":[],""literal_newline"":[],""markup_tag"":[],""printf_token"":[],""var_tag"":[]}",
HGHU-TW-002128,角色與劇情,要靠<hgh_f c=0>團隊合作</hgh_f>！,"{""brace_token"":[],""escaped_control"":[],""literal_newline"":[],""markup_tag"":[""</hgh_f>"",""<hgh_f c=0>""],""printf_token"":[],""var_tag"":[]}",
HGHU-TW-002129,角色與劇情,這是你們能幫助她的<hgh_f c=0>唯一</hgh_f>方法。也就是<hgh_f c=0>同心協力</hgh_f>！,"{""brace_token"":[],""escaped_control"":[],""literal_newline"":[],""markup_tag"":[""</hgh_f>"",""</hgh_f>"",""<hgh_f c=0>"",""<hgh_f c=0>""],""printf_token"":[],""var_tag"":[]}",
HGHU-TW-002130,角色與劇情,一個是用黑暗魔法做成的，另一個是用光明魔法做成的。,"{""brace_token"":[],""escaped_control"":[],""literal_newline"":[],""markup_tag"":[],""printf_token"":[],""var_tag"":[]}",
HGHU-TW-002131,角色與劇情,嘟嘟囔囔。,"{""brace_token"":[],""escaped_control"":[],""literal_newline"":[],""markup_tag"":[],""printf_token"":[],""var_tag"":[]}",
HGHU-TW-002132,角色與劇情,要我信任這兩個笨蛋？,"{""brace_token"":[],""escaped_control"":[],""literal_newline"":[],""markup_tag"":[],""printf_token"":[],""var_tag"":[]}",
HGHU-TW-002133,角色與劇情,唉。好吧，我想也是。,"{""brace_token"":[],""escaped_control"":[],""literal_newline"":[],""markup_tag"":[],""printf_token"":[],""var_tag"":[]}",
HGHU-TW-002134,角色與劇情,我知道你們辦得到的！,"{""brace_token"":[],""escaped_control"":[],""literal_newline"":[],""markup_tag"":[],""printf_token"":[],""var_tag"":[]}",
HGHU-TW-002135,角色與劇情,願你們的友誼羈絆堅如鋼鐵！祝好運！,"{""brace_token"":[],""escaped_control"":[],""literal_newline"":[],""markup_tag"":[],""printf_token"":[],""var_tag"":[]}",
HGHU-TW-002136,角色與劇情,把它們放在一起時，水晶會產生能量，這台機器就會收集並儲存起來以供未來使用！,"{""brace_token"":[],""escaped_control"":[],""literal_newline"":[],""markup_tag"":[],""printf_token"":[],""var_tag"":[]}",
HGHU-TW-002137,角色與劇情,我們在哪裡？,"{""brace_token"":[],""escaped_control"":[],""literal_newline"":[],""markup_tag"":[],""printf_token"":[],""var_tag"":[]}",
HGHU-TW-002138,角色與劇情,嘿！這看起來像前幾天，里絲琦・布茲 發動攻擊的時候。,"{""brace_token"":[],""escaped_control"":[],""literal_newline"":[],""markup_tag"":[],""printf_token"":[],""var_tag"":[]}",
HGHU-TW-002139,角色與劇情,喔！你們看不出來嗎？,"{""brace_token"":[],""escaped_control"":[],""literal_newline"":[],""markup_tag"":[],""printf_token"":[],""var_tag"":[]}",
HGHU-TW-002140,角色與劇情,我們在她的心智裡，所以自然會經歷她的<hgh_f c=0>記憶</hgh_f>。,"{""brace_token"":[],""escaped_control"":[],""literal_newline"":[],""markup_tag"":[""</hgh_f>"",""<hgh_f c=0>""],""printf_token"":[],""var_tag"":[]}",
HGHU-TW-002141,角色與劇情,所以這裡就是她的<hgh_f c=0>大腦</hgh_f>囉？,"{""brace_token"":[],""escaped_control"":[],""literal_newline"":[],""markup_tag"":[""</hgh_f>"",""<hgh_f c=0>""],""printf_token"":[],""var_tag"":[]}",
HGHU-TW-002142,角色與劇情,喔喔，這簡直是折磨！對殭屍太殘忍了！,"{""brace_token"":[],""escaped_control"":[],""literal_newline"":[],""markup_tag"":[],""printf_token"":[],""var_tag"":[]}",
HGHU-TW-002143,角色與劇情,這就像去了吃到飽自助餐卻沒有湯匙一樣！,"{""brace_token"":[],""escaped_control"":[],""literal_newline"":[],""markup_tag"":[],""printf_token"":[],""var_tag"":[]}",
HGHU-TW-002144,角色與劇情,噓！讓我想想！,"{""brace_token"":[],""escaped_control"":[],""literal_newline"":[],""markup_tag"":[],""printf_token"":[],""var_tag"":[]}",
HGHU-TW-002145,角色與劇情,我讓她下車後，桑塔 就滿城追著 里絲琦 的叮咯鬼船員跑。,"{""brace_token"":[],""escaped_control"":[],""literal_newline"":[],""markup_tag"":[],""printf_token"":[],""var_tag"":[]}",
HGHU-TW-002146,角色與劇情,我打賭那全都是為了轉移注意力，好讓她能神不知鬼不覺地<hgh_f c=0>掉包</hgh_f><hgh_f c=0>設計圖</hgh_f>。,"{""brace_token"":[],""escaped_control"":[],""literal_newline"":[],""markup_tag"":[""</hgh_f>"",""</hgh_f>"",""<hgh_f c=0>"",""<hgh_f c=0>""],""printf_token"":[],""var_tag"":[]}",
HGHU-TW-002147,角色與劇情,那我們快點！如果我們速度夠快，也許就能阻止這件事發生！,"{""brace_token"":[],""escaped_control"":[],""literal_newline"":[],""markup_tag"":[],""printf_token"":[],""var_tag"":[]}",
HGHU-TW-002148,角色與劇情,對！這樣一切就會恢復正常了！,"{""brace_token"":[],""escaped_control"":[],""literal_newline"":[],""markup_tag"":[],""printf_token"":[],""var_tag"":[]}",
HGHU-TW-002149,角色與劇情,呃！,"{""brace_token"":[],""escaped_control"":[],""literal_newline"":[],""markup_tag"":[],""printf_token"":[],""var_tag"":[]}",
HGHU-TW-002150,角色與劇情,蛤？,"{""brace_token"":[],""escaped_control"":[],""literal_newline"":[],""markup_tag"":[],""printf_token"":[],""var_tag"":[]}",
HGHU-TW-002151,角色與劇情,桑塔 1 開心,"{""brace_token"":[],""escaped_control"":[],""literal_newline"":[],""markup_tag"":[],""printf_token"":[],""var_tag"":[]}",
HGHU-TW-002152,角色與劇情,這不是時空旅行，你們這群笨腦袋！,"{""brace_token"":[],""escaped_control"":[],""literal_newline"":[],""markup_tag"":[],""printf_token"":[],""var_tag"":[]}",
HGHU-TW-002153,角色與劇情,改變<hgh_f c=0>這裡面</hgh_f>的結果，對<hgh_f c=0>外面</hgh_f>的世界不會有任何影響的。,"{""brace_token"":[],""escaped_control"":[],""literal_newline"":[],""markup_tag"":[""</hgh_f>"",""</hgh_f>"",""<hgh_f c=0>"",""<hgh_f c=0>""],""printf_token"":[],""var_tag"":[]}",
HGHU-TW-002154,角色與劇情,我想表達的重點是，我們<hgh_f c=0>知道</hgh_f> 桑塔 會在哪裡。,"{""brace_token"":[],""escaped_control"":[],""literal_newline"":[],""markup_tag"":[""</hgh_f>"",""<hgh_f c=0>""],""printf_token"":[],""var_tag"":[]}",
HGHU-TW-002155,角色與劇情,因此，我們可以去攔截她，並迫使她面對我們。,"{""brace_token"":[],""escaped_control"":[],""literal_newline"":[],""markup_tag"":[],""printf_token"":[],""var_tag"":[]}",
HGHU-TW-002156,角色與劇情,喔。,"{""brace_token"":[],""escaped_control"":[],""literal_newline"":[],""markup_tag"":[],""printf_token"":[],""var_tag"":[]}",
HGHU-TW-002157,角色與劇情,思考的事就交給我吧，好嗎？,"{""brace_token"":[],""escaped_control"":[],""literal_newline"":[],""markup_tag"":[],""printf_token"":[],""var_tag"":[]}",
HGHU-TW-002158,角色與劇情,哼。,"{""brace_token"":[],""escaped_control"":[],""literal_newline"":[],""markup_tag"":[],""printf_token"":[],""var_tag"":[]}",
HGHU-TW-002159,角色與劇情,隨便啦。,"{""brace_token"":[],""escaped_control"":[],""literal_newline"":[],""markup_tag"":[],""printf_token"":[],""var_tag"":[]}",
HGHU-TW-002160,角色與劇情,每個朋友都有特殊能力！按下 (ZL) 或 (ZR) 在英雄之間切換，並針對各種障礙使用最適合的人選！在過程中收集<hgh_f c=0>寶石</hgh_f>來為每個角色<hgh_f c=0>升級</hgh_f>！,"{""brace_token"":[],""escaped_control"":[],""literal_newline"":[],""markup_tag"":[""</hgh_f>"",""</hgh_f>"",""<hgh_f c=0>"",""<hgh_f c=0>""],""printf_token"":[],""var_tag"":[]}",
HGHU-TW-002161,角色與劇情,太棒了。,"{""brace_token"":[],""escaped_control"":[],""literal_newline"":[],""markup_tag"":[],""printf_token"":[],""var_tag"":[]}",
HGHU-TW-002162,角色與劇情,什麼？,"{""brace_token"":[],""escaped_control"":[],""literal_newline"":[],""markup_tag"":[],""printf_token"":[],""var_tag"":[]}",
HGHU-TW-002163,角色與劇情,我們到了，但 桑塔 不在。,"{""brace_token"":[],""escaped_control"":[],""literal_newline"":[],""markup_tag"":[],""printf_token"":[],""var_tag"":[]}",
HGHU-TW-002164,角色與劇情,真是棒「賽」了。幹得好啊，鳥腦袋。,"{""brace_token"":[],""escaped_control"":[],""literal_newline"":[],""markup_tag"":[],""printf_token"":[],""var_tag"":[]}",
HGHU-TW-002165,角色與劇情,但是——我很確定她會在這裡的！,"{""brace_token"":[],""escaped_control"":[],""literal_newline"":[],""markup_tag"":[],""printf_token"":[],""var_tag"":[]}",
HGHU-TW-002166,角色與劇情,這裡就是 桑塔 和 里絲琦・布茲 戰鬥並奪回設計圖的確切時間和地點啊。,"{""brace_token"":[],""escaped_control"":[],""literal_newline"":[],""markup_tag"":[],""printf_token"":[],""var_tag"":[]}",
HGHU-TW-002167,角色與劇情,妳的理論破功了，教授！,"{""brace_token"":[],""escaped_control"":[],""literal_newline"":[],""markup_tag"":[],""printf_token"":[],""var_tag"":[]}",
HGHU-TW-002168,角色與劇情,等等，你們兩個！有客人來了！,"{""brace_token"":[],""escaped_control"":[],""literal_newline"":[],""markup_tag"":[],""printf_token"":[],""var_tag"":[]}",
HGHU-TW-002169,角色與劇情,嘖嘖！如果可以的話，請叫我七海女王！,"{""brace_token"":[],""escaped_control"":[],""literal_newline"":[],""markup_tag"":[],""printf_token"":[],""var_tag"":[]}",
HGHU-TW-002170,角色與劇情,他的意思是它會發電。,"{""brace_token"":[],""escaped_control"":[],""literal_newline"":[],""markup_tag"":[],""printf_token"":[],""var_tag"":[]}",
HGHU-TW-002171,角色與劇情,蛤？她在跟我們說話嗎？,"{""brace_token"":[],""escaped_control"":[],""literal_newline"":[],""markup_tag"":[],""printf_token"":[],""var_tag"":[]}",
HGHU-TW-002172,角色與劇情,妳那個愚蠢的遺跡獵人叔叔總是廢話連篇……,"{""brace_token"":[],""escaped_control"":[],""literal_newline"":[],""markup_tag"":[],""printf_token"":[],""var_tag"":[]}",
HGHU-TW-002173,角色與劇情,我想我們正在<hgh_f c=0>以 桑塔 的身分</hgh_f>重溫她的冒險。,"{""brace_token"":[],""escaped_control"":[],""literal_newline"":[],""markup_tag"":[""</hgh_f>"",""<hgh_f c=0>""],""printf_token"":[],""var_tag"":[]}",
HGHU-TW-002174,角色與劇情,再說一次？,"{""brace_token"":[],""escaped_control"":[],""literal_newline"":[],""markup_tag"":[],""printf_token"":[],""var_tag"":[]}",
HGHU-TW-002175,角色與劇情,你們沒看出來嗎？她正在透過留下一連串的記憶線索來<hgh_f c=0>幫助</hgh_f>我們追尋！,"{""brace_token"":[],""escaped_control"":[],""literal_newline"":[],""markup_tag"":[""</hgh_f>"",""<hgh_f c=0>""],""printf_token"":[],""var_tag"":[]}",
HGHU-TW-002176,角色與劇情,或者剛好相反。她可能正在利用她的記憶來消滅我們！,"{""brace_token"":[],""escaped_control"":[],""literal_newline"":[],""markup_tag"":[],""printf_token"":[],""var_tag"":[]}",
HGHU-TW-002177,角色與劇情,我們很快就會知道了，因為 里絲琦 的演講快結束了！,"{""brace_token"":[],""escaped_control"":[],""literal_newline"":[],""markup_tag"":[],""printf_token"":[],""var_tag"":[]}",
HGHU-TW-002178,角色與劇情,完全正確！,"{""brace_token"":[],""escaped_control"":[],""literal_newline"":[],""markup_tag"":[],""printf_token"":[],""var_tag"":[]}",
HGHU-TW-002179,角色與劇情,廢話少說，別那樣叫！,"{""brace_token"":[],""escaped_control"":[],""literal_newline"":[],""markup_tag"":[],""printf_token"":[],""var_tag"":[]}",
HGHU-TW-002180,角色與劇情,小的們！,"{""brace_token"":[],""escaped_control"":[],""literal_newline"":[],""markup_tag"":[],""printf_token"":[],""var_tag"":[]}",
HGHU-TW-002181,角色與劇情,準備開火！,"{""brace_token"":[],""escaped_control"":[],""literal_newline"":[],""markup_tag"":[],""printf_token"":[],""var_tag"":[]}",
HGHU-TW-002182,角色與劇情,讓我們給這個小鬼好好特訓一下！,"{""brace_token"":[],""escaped_control"":[],""literal_newline"":[],""markup_tag"":[],""printf_token"":[],""var_tag"":[]}",
HGHU-TW-002183,角色與劇情,噢，糟了。我們要上了！,"{""brace_token"":[],""escaped_control"":[],""literal_newline"":[],""markup_tag"":[],""printf_token"":[],""var_tag"":[]}",
HGHU-TW-002184,角色與劇情,但那些電是用來做什麼的，叔叔？,"{""brace_token"":[],""escaped_control"":[],""literal_newline"":[],""markup_tag"":[],""printf_token"":[],""var_tag"":[]}",
HGHU-TW-002185,角色與劇情,我們打敗她了。現在呢？,"{""brace_token"":[],""escaped_control"":[],""literal_newline"":[],""markup_tag"":[],""printf_token"":[],""var_tag"":[]}",
HGHU-TW-002186,角色與劇情,所以妳還是佔了上風。,"{""brace_token"":[],""escaped_control"":[],""literal_newline"":[],""markup_tag"":[],""printf_token"":[],""var_tag"":[]}",
HGHU-TW-002187,角色與劇情,但妳絕對救不了那個半精靈小鬼，讓她逃離比死還慘的命運！,"{""brace_token"":[],""escaped_control"":[],""literal_newline"":[],""markup_tag"":[],""printf_token"":[],""var_tag"":[]}",
HGHU-TW-002188,角色與劇情,蛤？,"{""brace_token"":[],""escaped_control"":[],""literal_newline"":[],""markup_tag"":[],""printf_token"":[],""var_tag"":[]}",
HGHU-TW-002189,角色與劇情,再見了，笨蛋們！,"{""brace_token"":[],""escaped_control"":[],""literal_newline"":[],""markup_tag"":[],""printf_token"":[],""var_tag"":[]}",
HGHU-TW-002190,角色與劇情,當然是為了幫助<hgh_f c=0>妳</hgh_f>保護斯卡托鎮啊！,"{""brace_token"":[],""escaped_control"":[],""literal_newline"":[],""markup_tag"":[""</hgh_f>"",""<hgh_f c=0>""],""printf_token"":[],""var_tag"":[]}",
HGHU-TW-002191,角色與劇情,呵呵呵！,"{""brace_token"":[],""escaped_control"":[],""literal_newline"":[],""markup_tag"":[],""printf_token"":[],""var_tag"":[]}",
HGHU-TW-002192,角色與劇情,她……是直接在跟我們說話嗎？,"{""brace_token"":[],""escaped_control"":[],""literal_newline"":[],""markup_tag"":[],""printf_token"":[],""var_tag"":[]}",
HGHU-TW-002193,角色與劇情,但妳說 里絲琦・布茲 只是個記憶啊！,"{""brace_token"":[],""escaped_control"":[],""literal_newline"":[],""markup_tag"":[],""printf_token"":[],""var_tag"":[]}",
HGHU-TW-002194,角色與劇情,我們將用這個裝置日以繼夜地<hgh_f c=0>點亮</hgh_f>城鎮！,"{""brace_token"":[],""escaped_control"":[],""literal_newline"":[],""markup_tag"":[""</hgh_f>"",""<hgh_f c=0>""],""printf_token"":[],""var_tag"":[]}",
HGHU-TW-002195,角色與劇情,妳是說她發現我在盯著她看？,"{""brace_token"":[],""escaped_control"":[],""literal_newline"":[],""markup_tag"":[],""printf_token"":[],""var_tag"":[]}",
HGHU-TW-002196,角色與劇情,振作點。,"{""brace_token"":[],""escaped_control"":[],""literal_newline"":[],""markup_tag"":[],""printf_token"":[],""var_tag"":[]}",
HGHU-TW-002197,角色與劇情,這可能是眾多記憶中的第一個。,"{""brace_token"":[],""escaped_control"":[],""literal_newline"":[],""markup_tag"":[],""printf_token"":[],""var_tag"":[]}",
HGHU-TW-002198,角色與劇情,我說，在我們弄清楚是怎麼回事之前，我們就繼續前進吧！,"{""brace_token"":[],""escaped_control"":[],""literal_newline"":[],""markup_tag"":[],""printf_token"":[],""var_tag"":[]}",
HGHU-TW-002199,角色與劇情,對吧。沒錯吧？,"{""brace_token"":[],""escaped_control"":[],""literal_newline"":[],""markup_tag"":[],""printf_token"":[],""var_tag"":[]}",
HGHU-TW-002200,角色與劇情,唉。我想也是。,"{""brace_token"":[],""escaped_control"":[],""literal_newline"":[],""markup_tag"":[],""printf_token"":[],""var_tag"":[]}",
HGHU-TW-002201,角色與劇情,我們在哪裡？另一個記憶？,"{""brace_token"":[],""escaped_control"":[],""literal_newline"":[],""markup_tag"":[],""printf_token"":[],""var_tag"":[]}",
HGHU-TW-002202,角色與劇情,一天二十四小時讓<hgh_f c=0>海盜</hgh_f>不敢靠近！,"{""brace_token"":[],""escaped_control"":[],""literal_newline"":[],""markup_tag"":[""</hgh_f>"",""<hgh_f c=0>""],""printf_token"":[],""var_tag"":[]}",
HGHU-TW-002203,角色與劇情,看起來是。我是跟 桑塔 一起來這裡尋找失蹤少女的。,"{""brace_token"":[],""escaped_control"":[],""literal_newline"":[],""markup_tag"":[],""printf_token"":[],""var_tag"":[]}",
HGHU-TW-002204,角色與劇情,看？那邊那個就是我。,"{""brace_token"":[],""escaped_control"":[],""literal_newline"":[],""markup_tag"":[],""printf_token"":[],""var_tag"":[]}",
HGHU-TW-002205,角色與劇情,嘿，老兄，你看起來挺帥的！,"{""brace_token"":[],""escaped_control"":[],""literal_newline"":[],""markup_tag"":[],""printf_token"":[],""var_tag"":[]}",
HGHU-TW-002206,角色與劇情,哈。這太棒了。我在說什麼？什麼英雄般的話嗎？,"{""brace_token"":[],""escaped_control"":[],""literal_newline"":[],""markup_tag"":[],""printf_token"":[],""var_tag"":[]}",
HGHU-TW-002207,角色與劇情,妳總是把我丟下！,"{""brace_token"":[],""escaped_control"":[],""literal_newline"":[],""markup_tag"":[],""printf_token"":[],""var_tag"":[]}",
HGHU-TW-002208,角色與劇情,我受夠在妳的陰影下嘔吐了！,"{""brace_token"":[],""escaped_control"":[],""literal_newline"":[],""markup_tag"":[],""printf_token"":[],""var_tag"":[]}",
HGHU-TW-002209,角色與劇情,我才應該是英雄！,"{""brace_token"":[],""escaped_control"":[],""literal_newline"":[],""markup_tag"":[],""printf_token"":[],""var_tag"":[]}",
HGHU-TW-002210,角色與劇情,哇啊啊啊啊啊啊！！！,"{""brace_token"":[],""escaped_control"":[],""literal_newline"":[],""markup_tag"":[],""printf_token"":[],""var_tag"":[]}",
HGHU-TW-002211,角色與劇情,天啊，你覺得這真的行得通嗎？,"{""brace_token"":[],""escaped_control"":[],""literal_newline"":[],""markup_tag"":[],""printf_token"":[],""var_tag"":[]}",
HGHU-TW-002212,角色與劇情,哇喔。,"{""brace_token"":[],""escaped_control"":[],""literal_newline"":[],""markup_tag"":[],""printf_token"":[],""var_tag"":[]}",
HGHU-TW-002213,角色與劇情,走吧。如果我們跟著這個記憶走，它會帶我們找到下一塊拼圖。,"{""brace_token"":[],""escaped_control"":[],""literal_newline"":[],""markup_tag"":[],""printf_token"":[],""var_tag"":[]}",
HGHU-TW-002214,角色與劇情,當然可以！,"{""brace_token"":[],""escaped_control"":[],""literal_newline"":[],""markup_tag"":[],""printf_token"":[],""var_tag"":[]}",
HGHU-TW-002215,角色與劇情,看。那裡有二號 博羅。,"{""brace_token"":[],""escaped_control"":[],""literal_newline"":[],""markup_tag"":[],""printf_token"":[],""var_tag"":[]}",
HGHU-TW-002216,角色與劇情,他怎麼看起來頭暈目眩，一副被擊倒的樣子？,"{""brace_token"":[],""escaped_control"":[],""literal_newline"":[],""markup_tag"":[],""printf_token"":[],""var_tag"":[]}",
HGHU-TW-002217,角色與劇情,我是嚴格按照設計圖做的！,"{""brace_token"":[],""escaped_control"":[],""literal_newline"":[],""markup_tag"":[],""printf_token"":[],""var_tag"":[]}",
HGHU-TW-002218,角色與劇情,喔那個啊。,"{""brace_token"":[],""escaped_control"":[],""literal_newline"":[],""markup_tag"":[],""printf_token"":[],""var_tag"":[]}",
HGHU-TW-002219,角色與劇情,我為了保護 桑塔 ，被大約一百隻美人魚給痛扁了一頓。,"{""brace_token"":[],""escaped_control"":[],""literal_newline"":[],""markup_tag"":[],""printf_token"":[],""var_tag"":[]}",
HGHU-TW-002220,角色與劇情,我勇敢地擊退了她們，但後來她們看到了我強壯的肌肉，意識到我是個多麼帥氣的傢伙……,"{""brace_token"":[],""escaped_control"":[],""literal_newline"":[],""markup_tag"":[],""printf_token"":[],""var_tag"":[]}",
HGHU-TW-002221,角色與劇情,又來了！,"{""brace_token"":[],""escaped_control"":[],""literal_newline"":[],""markup_tag"":[],""printf_token"":[],""var_tag"":[]}",
HGHU-TW-002222,角色與劇情,……簡直就像追星族一樣朝我撲過來……,"{""brace_token"":[],""escaped_control"":[],""literal_newline"":[],""markup_tag"":[],""printf_token"":[],""var_tag"":[]}",
HGHU-TW-002223,角色與劇情,<hgh_f c=0>拜託</hgh_f>你別再說了！,"{""brace_token"":[],""escaped_control"":[],""literal_newline"":[],""markup_tag"":[""</hgh_f>"",""<hgh_f c=0>""],""printf_token"":[],""var_tag"":[]}",
HGHU-TW-002224,角色與劇情,……這就是原因啦。,"{""brace_token"":[],""escaped_control"":[],""literal_newline"":[],""markup_tag"":[],""printf_token"":[],""var_tag"":[]}",
HGHU-TW-002225,角色與劇情,呃。去跟你這位兄弟說吧。,"{""brace_token"":[],""escaped_control"":[],""literal_newline"":[],""markup_tag"":[],""printf_token"":[],""var_tag"":[]}",
HGHU-TW-002226,角色與劇情,嘿，等等我！,"{""brace_token"":[],""escaped_control"":[],""literal_newline"":[],""markup_tag"":[],""printf_token"":[],""var_tag"":[]}",
HGHU-TW-002227,角色與劇情,科技男爵？,"{""brace_token"":[],""escaped_control"":[],""literal_newline"":[],""markup_tag"":[],""printf_token"":[],""var_tag"":[]}",
HGHU-TW-002228,角色與劇情,啊啊呃呃呃！,"{""brace_token"":[],""escaped_control"":[],""literal_newline"":[],""markup_tag"":[],""printf_token"":[],""var_tag"":[]}",
HGHU-TW-002229,角色與劇情,你們到底是怎麼通過我的<hgh_f c=0>科技手下</hgh_f>的？,"{""brace_token"":[],""escaped_control"":[],""literal_newline"":[],""markup_tag"":[""</hgh_f>"",""<hgh_f c=0>""],""printf_token"":[],""var_tag"":[]}",
HGHU-TW-002230,角色與劇情,只有那個守護精靈<hgh_f c=0>小鬼</hgh_f>才有可能到達我的<hgh_f c=0>美人魚工廠</hgh_f>頂端！,"{""brace_token"":[],""escaped_control"":[],""literal_newline"":[],""markup_tag"":[""</hgh_f>"",""</hgh_f>"",""<hgh_f c=0>"",""<hgh_f c=0>""],""printf_token"":[],""var_tag"":[]}",
HGHU-TW-002231,角色與劇情,像你們這三個<hgh_f c=0>沒有魔法的廢物</hgh_f>根本不可能辦得到！,"{""brace_token"":[],""escaped_control"":[],""literal_newline"":[],""markup_tag"":[""</hgh_f>"",""<hgh_f c=0>""],""printf_token"":[],""var_tag"":[]}",
HGHU-TW-002232,角色與劇情,錯了，鱷魚臉！是我的殭屍動作拯救了這一切！,"{""brace_token"":[],""escaped_control"":[],""literal_newline"":[],""markup_tag"":[],""printf_token"":[],""var_tag"":[]}",
HGHU-TW-002233,角色與劇情,是啊，勉強算是吧。但主要是靠我那瘋狂的流星錘技巧，才扭轉了局勢！,"{""brace_token"":[],""escaped_control"":[],""literal_newline"":[],""markup_tag"":[],""printf_token"":[],""var_tag"":[]}",
HGHU-TW-002234,角色與劇情,我多年來研究和訓練戰鳥的經驗救了我一命。我甚至連一滴汗都沒流！,"{""brace_token"":[],""escaped_control"":[],""literal_newline"":[],""markup_tag"":[],""printf_token"":[],""var_tag"":[]}",
HGHU-TW-002235,角色與劇情,喔天啊，真是太噁心了！,"{""brace_token"":[],""escaped_control"":[],""literal_newline"":[],""markup_tag"":[],""printf_token"":[],""var_tag"":[]}",
HGHU-TW-002236,角色與劇情,你們三個比我還要自負！,"{""brace_token"":[],""escaped_control"":[],""literal_newline"":[],""markup_tag"":[],""printf_token"":[],""var_tag"":[]}",
HGHU-TW-002237,角色與劇情,不過沒關係！,"{""brace_token"":[],""escaped_control"":[],""literal_newline"":[],""markup_tag"":[],""printf_token"":[],""var_tag"":[]}",
HGHU-TW-002238,角色與劇情,我剛好認識一位大號的浮力美人，她<hgh_f c=0>夠龐大</hgh_f>……,"{""brace_token"":[],""escaped_control"":[],""literal_newline"":[],""markup_tag"":[""</hgh_f>"",""<hgh_f c=0>""],""printf_token"":[],""var_tag"":[]}",
HGHU-TW-002239,角色與劇情,……足以把你們那膨脹的自我<hgh_f c=0>打回原形</hgh_f>！,"{""brace_token"":[],""escaped_control"":[],""literal_newline"":[],""markup_tag"":[""</hgh_f>"",""<hgh_f c=0>""],""printf_token"":[],""var_tag"":[]}",
HGHU-TW-002240,角色與劇情,咿——嘻嘻嘻！,"{""brace_token"":[],""escaped_control"":[],""literal_newline"":[],""markup_tag"":[],""printf_token"":[],""var_tag"":[]}",
HGHU-TW-002241,角色與劇情,蛤？,"{""brace_token"":[],""escaped_control"":[],""literal_newline"":[],""markup_tag"":[],""printf_token"":[],""var_tag"":[]}",
HGHU-TW-002242,角色與劇情,那是什麼意思？,"{""brace_token"":[],""escaped_control"":[],""literal_newline"":[],""markup_tag"":[],""printf_token"":[],""var_tag"":[]}",
HGHU-TW-002243,角色與劇情,誰在乎？快點，博羅。你當時在那裡。,"{""brace_token"":[],""escaped_control"":[],""literal_newline"":[],""markup_tag"":[],""printf_token"":[],""var_tag"":[]}",
HGHU-TW-002244,角色與劇情,哎呀。,"{""brace_token"":[],""escaped_control"":[],""literal_newline"":[],""markup_tag"":[],""printf_token"":[],""var_tag"":[]}",
HGHU-TW-002245,角色與劇情,我們要怎麼打敗下一個對手？,"{""brace_token"":[],""escaped_control"":[],""literal_newline"":[],""markup_tag"":[],""printf_token"":[],""var_tag"":[]}",
HGHU-TW-002246,角色與劇情,對，把最精彩的策略說出來！,"{""brace_token"":[],""escaped_control"":[],""literal_newline"":[],""markup_tag"":[],""printf_token"":[],""var_tag"":[]}",
HGHU-TW-002247,角色與劇情,喔，對喔。,"{""brace_token"":[],""escaped_control"":[],""literal_newline"":[],""markup_tag"":[],""printf_token"":[],""var_tag"":[]}",
HGHU-TW-002248,角色與劇情,讓我想想。,"{""brace_token"":[],""escaped_control"":[],""literal_newline"":[],""markup_tag"":[],""printf_token"":[],""var_tag"":[]}",
HGHU-TW-002249,角色與劇情,有一隻美人魚。,"{""brace_token"":[],""escaped_control"":[],""literal_newline"":[],""markup_tag"":[],""printf_token"":[],""var_tag"":[]}",
HGHU-TW-002250,角色與劇情,很大、綠色的那種。,"{""brace_token"":[],""escaped_control"":[],""literal_newline"":[],""markup_tag"":[],""printf_token"":[],""var_tag"":[]}",
HGHU-TW-002251,角色與劇情,這看起來不太妙啊！,"{""brace_token"":[],""escaped_control"":[],""literal_newline"":[],""markup_tag"":[],""printf_token"":[],""var_tag"":[]}",
HGHU-TW-002252,角色與劇情,她穿著貝殼。,"{""brace_token"":[],""escaped_control"":[],""literal_newline"":[],""markup_tag"":[],""printf_token"":[],""var_tag"":[]}",
HGHU-TW-002253,角色與劇情,然後呢？,"{""brace_token"":[],""escaped_control"":[],""literal_newline"":[],""markup_tag"":[],""printf_token"":[],""var_tag"":[]}",
HGHU-TW-002254,角色與劇情,她有著長髮。但其中有些綁成了髮髻。,"{""brace_token"":[],""escaped_control"":[],""literal_newline"":[],""markup_tag"":[],""printf_token"":[],""var_tag"":[]}",
HGHU-TW-002255,角色與劇情,或者是水母。很難說。嗯。,"{""brace_token"":[],""escaped_control"":[],""literal_newline"":[],""markup_tag"":[],""printf_token"":[],""var_tag"":[]}",
HGHU-TW-002256,角色與劇情,除了<hgh_f c=0>她長什麼樣子</hgh_f>，你就不能記點<hgh_f c=0>別的</hgh_f>嗎？,"{""brace_token"":[],""escaped_control"":[],""literal_newline"":[],""markup_tag"":[""</hgh_f>"",""</hgh_f>"",""<hgh_f c=0>"",""<hgh_f c=0>""],""printf_token"":[],""var_tag"":[]}",
HGHU-TW-002257,角色與劇情,所以，你們又征服了另一段記憶，是嗎？,"{""brace_token"":[],""escaped_control"":[],""literal_newline"":[],""markup_tag"":[],""printf_token"":[],""var_tag"":[]}",
HGHU-TW-002258,角色與劇情,哈！,"{""brace_token"":[],""escaped_control"":[],""literal_newline"":[],""markup_tag"":[],""printf_token"":[],""var_tag"":[]}",
HGHU-TW-002259,角色與劇情,你們離拯救朋友的目標一點也沒拉近。,"{""brace_token"":[],""escaped_control"":[],""literal_newline"":[],""markup_tag"":[],""printf_token"":[],""var_tag"":[]}",
HGHU-TW-002260,角色與劇情,真是個怪胎！,"{""brace_token"":[],""escaped_control"":[],""literal_newline"":[],""markup_tag"":[],""printf_token"":[],""var_tag"":[]}",
HGHU-TW-002261,角色與劇情,是啊，但是...,"{""brace_token"":[],""escaped_control"":[],""literal_newline"":[],""markup_tag"":[],""printf_token"":[],""var_tag"":[]}",
HGHU-TW-002262,角色與劇情,小心！它要——,"{""brace_token"":[],""escaped_control"":[],""literal_newline"":[],""markup_tag"":[],""printf_token"":[],""var_tag"":[]}",
HGHU-TW-002263,角色與劇情,科技男爵說得其實<hgh_f c=0>有點道理</hgh_f>，對吧？,"{""brace_token"":[],""escaped_control"":[],""literal_newline"":[],""markup_tag"":[""</hgh_f>"",""<hgh_f c=0>""],""printf_token"":[],""var_tag"":[]}",
HGHU-TW-002264,角色與劇情,也許我們該放下分歧，試著<hgh_f c=0>像個團隊一樣合作</hgh_f>了！,"{""brace_token"":[],""escaped_control"":[],""literal_newline"":[],""markup_tag"":[""</hgh_f>"",""<hgh_f c=0>""],""printf_token"":[],""var_tag"":[]}",
HGHU-TW-002265,角色與劇情,我的團隊合作很好！是你的很糟！,"{""brace_token"":[],""escaped_control"":[],""literal_newline"":[],""markup_tag"":[],""printf_token"":[],""var_tag"":[]}",
HGHU-TW-002266,角色與劇情,你才糟！我的很棒！,"{""brace_token"":[],""escaped_control"":[],""literal_newline"":[],""markup_tag"":[],""printf_token"":[],""var_tag"":[]}",
HGHU-TW-002267,角色與劇情,唉。算了。,"{""brace_token"":[],""escaped_control"":[],""literal_newline"":[],""markup_tag"":[],""printf_token"":[],""var_tag"":[]}",
HGHU-TW-002268,角色與劇情,好，桑塔解救了美人魚之後，接下來去了哪裡？,"{""brace_token"":[],""escaped_control"":[],""literal_newline"":[],""markup_tag"":[],""printf_token"":[],""var_tag"":[]}",
HGHU-TW-002269,角色與劇情,不知為何...,"{""brace_token"":[],""escaped_control"":[],""literal_newline"":[],""markup_tag"":[],""printf_token"":[],""var_tag"":[]}",
HGHU-TW-002270,角色與劇情,我什麼都想不起來！,"{""brace_token"":[],""escaped_control"":[],""literal_newline"":[],""markup_tag"":[],""printf_token"":[],""var_tag"":[]}",
HGHU-TW-002271,角色與劇情,對，我也是！怎麼回事？,"{""brace_token"":[],""escaped_control"":[],""literal_newline"":[],""markup_tag"":[],""printf_token"":[],""var_tag"":[]}",
HGHU-TW-002272,角色與劇情,喔，我知道為什麼了。,"{""brace_token"":[],""escaped_control"":[],""literal_newline"":[],""markup_tag"":[],""printf_token"":[],""var_tag"":[]}",
HGHU-TW-002273,角色與劇情,那是因為桑塔在對抗美人魚時，<hgh_f c=0>你們兩個</hgh_f>的<hgh_f c=0>記憶</hgh_f>都被偷走了，還記得嗎？,"{""brace_token"":[],""escaped_control"":[],""literal_newline"":[],""markup_tag"":[""</hgh_f>"",""</hgh_f>"",""<hgh_f c=0>"",""<hgh_f c=0>""],""printf_token"":[],""var_tag"":[]}",
HGHU-TW-002274,角色與劇情,不記得。,"{""brace_token"":[],""escaped_control"":[],""literal_newline"":[],""markup_tag"":[],""printf_token"":[],""var_tag"":[]}",
HGHU-TW-002275,角色與劇情,不記得。,"{""brace_token"":[],""escaped_control"":[],""literal_newline"":[],""markup_tag"":[],""printf_token"":[],""var_tag"":[]}",
HGHU-TW-002276,角色與劇情,我當時在場，而且我記得<hgh_f c=0>每一個細節</hgh_f>。,"{""brace_token"":[],""escaped_control"":[],""literal_newline"":[],""markup_tag"":[""</hgh_f>"",""<hgh_f c=0>""],""printf_token"":[],""var_tag"":[]}",
HGHU-TW-002277,角色與劇情,我們只需要確保事情發生得跟以前<hgh_f c=0>一模一樣</hgh_f>。,"{""brace_token"":[],""escaped_control"":[],""literal_newline"":[],""markup_tag"":[""</hgh_f>"",""<hgh_f c=0>""],""printf_token"":[],""var_tag"":[]}",
HGHU-TW-002278,角色與劇情,別擔心。<hgh_f c=0>一切</hgh_f>都交給<hgh_f c=0>我</hgh_f>吧。,"{""brace_token"":[],""escaped_control"":[],""literal_newline"":[],""markup_tag"":[""</hgh_f>"",""</hgh_f>"",""<hgh_f c=0>"",""<hgh_f c=0>""],""printf_token"":[],""var_tag"":[]}",
HGHU-TW-002279,角色與劇情,誰擔心了？,"{""brace_token"":[],""escaped_control"":[],""literal_newline"":[],""markup_tag"":[],""printf_token"":[],""var_tag"":[]}",
HGHU-TW-002280,角色與劇情,來吧。你們兩個還有<hgh_f c=0>很多</hgh_f>事要做！,"{""brace_token"":[],""escaped_control"":[],""literal_newline"":[],""markup_tag"":[""</hgh_f>"",""<hgh_f c=0>""],""printf_token"":[],""var_tag"":[]}",
HGHU-TW-002281,角色與劇情,那真是<hgh_f c=0>太糟了</hgh_f>！,"{""brace_token"":[],""escaped_control"":[],""literal_newline"":[],""markup_tag"":[""</hgh_f>"",""<hgh_f c=0>""],""printf_token"":[],""var_tag"":[]}",
HGHU-TW-002282,角色與劇情,發生了什麼事？,"{""brace_token"":[],""escaped_control"":[],""literal_newline"":[],""markup_tag"":[],""printf_token"":[],""var_tag"":[]}",
HGHU-TW-002283,角色與劇情,是啊，我全身上下都在痛。,"{""brace_token"":[],""escaped_control"":[],""literal_newline"":[],""markup_tag"":[],""printf_token"":[],""var_tag"":[]}",
HGHU-TW-002284,角色與劇情,為什麼我們非得互換衣服，然後用河鱒把對方打到不省人事？,"{""brace_token"":[],""escaped_control"":[],""literal_newline"":[],""markup_tag"":[],""printf_token"":[],""var_tag"":[]}",
HGHU-TW-002285,角色與劇情,我<hgh_f c=0>告訴過</hgh_f>你們，我們必須<hgh_f c=0>完全照著</hgh_f>記憶發生的經過重演。,"{""brace_token"":[],""escaped_control"":[],""literal_newline"":[],""markup_tag"":[""</hgh_f>"",""</hgh_f>"",""<hgh_f c=0>"",""<hgh_f c=0>""],""printf_token"":[],""var_tag"":[]}",
HGHU-TW-002286,角色與劇情,你們兩個還在吸我給的鬼椒嗎？,"{""brace_token"":[],""escaped_control"":[],""literal_newline"":[],""markup_tag"":[],""printf_token"":[],""var_tag"":[]}",
HGHU-TW-002287,角色與劇情,唉。是德 (口齒不清)。,"{""brace_token"":[],""escaped_control"":[],""literal_newline"":[],""markup_tag"":[],""printf_token"":[],""var_tag"":[]}",
HGHU-TW-002288,角色與劇情,好吧。我們到了。,"{""brace_token"":[],""escaped_control"":[],""literal_newline"":[],""markup_tag"":[],""printf_token"":[],""var_tag"":[]}",
HGHU-TW-002289,角色與劇情,舊塔塞爾鎮的廢墟。,"{""brace_token"":[],""escaped_control"":[],""literal_newline"":[],""markup_tag"":[],""printf_token"":[],""var_tag"":[]}",
HGHU-TW-002290,角色與劇情,桑塔來這裡尋找你們遺失的記憶。,"{""brace_token"":[],""escaped_control"":[],""literal_newline"":[],""markup_tag"":[],""printf_token"":[],""var_tag"":[]}",
HGHU-TW-002291,角色與劇情,結果她卻找到了那個<hgh_f c=0>冒牌貨</hgh_f>。,"{""brace_token"":[],""escaped_control"":[],""literal_newline"":[],""markup_tag"":[""</hgh_f>"",""<hgh_f c=0>""],""printf_token"":[],""var_tag"":[]}",
HGHU-TW-002292,角色與劇情,冒牌貨？,"{""brace_token"":[],""escaped_control"":[],""literal_newline"":[],""markup_tag"":[],""printf_token"":[],""var_tag"":[]}",
HGHU-TW-002293,角色與劇情,那個偷走你們記憶的假精靈。記得嗎？,"{""brace_token"":[],""escaped_control"":[],""literal_newline"":[],""markup_tag"":[],""printf_token"":[],""var_tag"":[]}",
HGHU-TW-002294,角色與劇情,完全沒印象。,"{""brace_token"":[],""escaped_control"":[],""literal_newline"":[],""markup_tag"":[],""printf_token"":[],""var_tag"":[]}",
HGHU-TW-002295,角色與劇情,她偷了桑塔的工作？,"{""brace_token"":[],""escaped_control"":[],""literal_newline"":[],""markup_tag"":[],""printf_token"":[],""var_tag"":[]}",
HGHU-TW-002296,角色與劇情,嗯...,"{""brace_token"":[],""escaped_control"":[],""literal_newline"":[],""markup_tag"":[],""printf_token"":[],""var_tag"":[]}",
HGHU-TW-002297,角色與劇情,拜託，這很簡單吧！那個冒牌貨！我們都發誓絕不提起的那個傢伙！,"{""brace_token"":[],""escaped_control"":[],""literal_newline"":[],""markup_tag"":[],""printf_token"":[],""var_tag"":[]}",
HGHU-TW-002298,角色與劇情,喔！<hgh_f c=0>霍莉</hgh_f>，那個<hgh_f c=0>記憶吸血鬼</hgh_f>！,"{""brace_token"":[],""escaped_control"":[],""literal_newline"":[],""markup_tag"":[""</hgh_f>"",""</hgh_f>"",""<hgh_f c=0>"",""<hgh_f c=0>""],""printf_token"":[],""var_tag"":[]}",
HGHU-TW-002299,角色與劇情,天啊！,"{""brace_token"":[],""escaped_control"":[],""literal_newline"":[],""markup_tag"":[],""printf_token"":[],""var_tag"":[]}",
HGHU-TW-002300,角色與劇情,有人想起我了嗎？,"{""brace_token"":[],""escaped_control"":[],""literal_newline"":[],""markup_tag"":[],""printf_token"":[],""var_tag"":[]}",
HGHU-TW-002301,角色與劇情,糟了。,"{""brace_token"":[],""escaped_control"":[],""literal_newline"":[],""markup_tag"":[],""printf_token"":[],""var_tag"":[]}",
HGHU-TW-002302,角色與劇情,太棒了！我又活過來了！,"{""brace_token"":[],""escaped_control"":[],""literal_newline"":[],""markup_tag"":[],""printf_token"":[],""var_tag"":[]}",
HGHU-TW-002303,角色與劇情,可是好奇怪啊。這一切感覺好像...跟上次<hgh_f c=0>不一樣了</hgh_f>！為什麼會這樣？,"{""brace_token"":[],""escaped_control"":[],""literal_newline"":[],""markup_tag"":[""</hgh_f>"",""<hgh_f c=0>""],""printf_token"":[],""var_tag"":[]}",
HGHU-TW-002304,角色與劇情,那是因為妳是另一段記憶裡的一段記憶的記憶。,"{""brace_token"":[],""escaped_control"":[],""literal_newline"":[],""markup_tag"":[],""printf_token"":[],""var_tag"":[]}",
HGHU-TW-002305,角色與劇情,多麼美妙啊！,"{""brace_token"":[],""escaped_control"":[],""literal_newline"":[],""markup_tag"":[],""printf_token"":[],""var_tag"":[]}",
HGHU-TW-002306,角色與劇情,這就像個完美的 <hgh_f c=0>1UP</hgh_f> 無限循環！,"{""brace_token"":[],""escaped_control"":[],""literal_newline"":[],""markup_tag"":[""</hgh_f>"",""<hgh_f c=0>""],""printf_token"":[],""var_tag"":[]}",
HGHU-TW-002307,角色與劇情,現在我會比以前更強大！,"{""brace_token"":[],""escaped_control"":[],""literal_newline"":[],""markup_tag"":[],""printf_token"":[],""var_tag"":[]}",
HGHU-TW-002308,角色與劇情,喔不，是……,"{""brace_token"":[],""escaped_control"":[],""literal_newline"":[],""markup_tag"":[],""printf_token"":[],""var_tag"":[]}",
HGHU-TW-002309,角色與劇情,我要去看看我可愛的威伯是不是也回來了！,"{""brace_token"":[],""escaped_control"":[],""literal_newline"":[],""markup_tag"":[],""printf_token"":[],""var_tag"":[]}",
HGHU-TW-002310,角色與劇情,再見囉！,"{""brace_token"":[],""escaped_control"":[],""literal_newline"":[],""markup_tag"":[],""printf_token"":[],""var_tag"":[]}",
HGHU-TW-002311,角色與劇情,我們這次真的惹大麻煩了。,"{""brace_token"":[],""escaped_control"":[],""literal_newline"":[],""markup_tag"":[],""printf_token"":[],""var_tag"":[]}",
HGHU-TW-002312,角色與劇情,你的錯！噓你！,"{""brace_token"":[],""escaped_control"":[],""literal_newline"":[],""markup_tag"":[],""printf_token"":[],""var_tag"":[]}",
HGHU-TW-002313,角色與劇情,團隊合作也不過如此。,"{""brace_token"":[],""escaped_control"":[],""literal_newline"":[],""markup_tag"":[],""printf_token"":[],""var_tag"":[]}",
HGHU-TW-002314,角色與劇情,喔！你們來啦！,"{""brace_token"":[],""escaped_control"":[],""literal_newline"":[],""markup_tag"":[],""printf_token"":[],""var_tag"":[]}",
HGHU-TW-002315,角色與劇情,我一直在等你們。,"{""brace_token"":[],""escaped_control"":[],""literal_newline"":[],""markup_tag"":[],""printf_token"":[],""var_tag"":[]}",
HGHU-TW-002316,角色與劇情,你們覺得生活在<hgh_f c=0>記憶</hgh_f><hgh_f c=0>裡面</hgh_f>的感覺如何？,"{""brace_token"":[],""escaped_control"":[],""literal_newline"":[],""markup_tag"":[""</hgh_f>"",""</hgh_f>"",""<hgh_f c=0>"",""<hgh_f c=0>""],""printf_token"":[],""var_tag"":[]}",
HGHU-TW-002317,角色與劇情,里絲琦・布茲！七海女王！,"{""brace_token"":[],""escaped_control"":[],""literal_newline"":[],""markup_tag"":[],""printf_token"":[],""var_tag"":[]}",
HGHU-TW-002318,角色與劇情,蠢斃了。,"{""brace_token"":[],""escaped_control"":[],""literal_newline"":[],""markup_tag"":[],""printf_token"":[],""var_tag"":[]}",
HGHU-TW-002319,角色與劇情,我一直都是這樣！,"{""brace_token"":[],""escaped_control"":[],""literal_newline"":[],""markup_tag"":[],""printf_token"":[],""var_tag"":[]}",
HGHU-TW-002320,角色與劇情,我令人難忘的姣好容貌以及令人敬佩的志工經歷...,"{""brace_token"":[],""escaped_control"":[],""literal_newline"":[],""markup_tag"":[],""printf_token"":[],""var_tag"":[]}",
HGHU-TW-002321,角色與劇情,...而且是無酬的喔...,"{""brace_token"":[],""escaped_control"":[],""literal_newline"":[],""markup_tag"":[],""printf_token"":[],""var_tag"":[]}",
HGHU-TW-002322,角色與劇情,...讓我在愛戴我的民眾心中永遠活著！,"{""brace_token"":[],""escaped_control"":[],""literal_newline"":[],""markup_tag"":[],""printf_token"":[],""var_tag"":[]}",
HGHU-TW-002323,角色與劇情,現在，多虧了那個討厭的<hgh_f c=0>精靈</hgh_f>，外面和這裡的人都會記得我了！,"{""brace_token"":[],""escaped_control"":[],""literal_newline"":[],""markup_tag"":[""</hgh_f>"",""<hgh_f c=0>""],""printf_token"":[],""var_tag"":[]}",
HGHU-TW-002324,角色與劇情,這不是很好嗎？多重備份！買一送一的優惠！呀啊啊！,"{""brace_token"":[],""escaped_control"":[],""literal_newline"":[],""markup_tag"":[],""printf_token"":[],""var_tag"":[]}",
HGHU-TW-002325,角色與劇情,至少...只要我履行交易中我該做的部分。,"{""brace_token"":[],""escaped_control"":[],""literal_newline"":[],""markup_tag"":[],""printf_token"":[],""var_tag"":[]}",
HGHU-TW-002326,角色與劇情,所以桑塔「的確」在試圖阻止我們。,"{""brace_token"":[],""escaped_control"":[],""literal_newline"":[],""markup_tag"":[],""printf_token"":[],""var_tag"":[]}",
HGHU-TW-002327,角色與劇情,嘻嘻！你們何不自己去對付<hgh_f c=0>威伯</hgh_f>看看呢？,"{""brace_token"":[],""escaped_control"":[],""literal_newline"":[],""markup_tag"":[""</hgh_f>"",""<hgh_f c=0>""],""printf_token"":[],""var_tag"":[]}",
HGHU-TW-002328,角色與劇情,抱歉不請自來……,"{""brace_token"":[],""escaped_control"":[],""literal_newline"":[],""markup_tag"":[],""printf_token"":[],""var_tag"":[]}",
HGHU-TW-002329,角色與劇情,來，好孩子！,"{""brace_token"":[],""escaped_control"":[],""literal_newline"":[],""markup_tag"":[],""printf_token"":[],""var_tag"":[]}",
HGHU-TW-002330,角色與劇情,這簡直是小菜一碟！,"{""brace_token"":[],""escaped_control"":[],""literal_newline"":[],""markup_tag"":[],""printf_token"":[],""var_tag"":[]}",
HGHU-TW-002331,角色與劇情,喔，不！,"{""brace_token"":[],""escaped_control"":[],""literal_newline"":[],""markup_tag"":[],""printf_token"":[],""var_tag"":[]}",
HGHU-TW-002332,角色與劇情,但是時候讓你們看看我的示範了！,"{""brace_token"":[],""escaped_control"":[],""literal_newline"":[],""markup_tag"":[],""printf_token"":[],""var_tag"":[]}",
HGHU-TW-002333,角色與劇情,我們的<hgh_f c=0>交易</hgh_f>！,"{""brace_token"":[],""escaped_control"":[],""literal_newline"":[],""markup_tag"":[""</hgh_f>"",""<hgh_f c=0>""],""printf_token"":[],""var_tag"":[]}",
HGHU-TW-002334,角色與劇情,拜託，讓我再試一次！,"{""brace_token"":[],""escaped_control"":[],""literal_newline"":[],""markup_tag"":[],""printf_token"":[],""var_tag"":[]}",
HGHU-TW-002335,角色與劇情,如果你再給我一次機會，我一定能打敗他們！,"{""brace_token"":[],""escaped_control"":[],""literal_newline"":[],""markup_tag"":[],""printf_token"":[],""var_tag"":[]}",
HGHU-TW-002336,角色與劇情,不——！！,"{""brace_token"":[],""escaped_control"":[],""literal_newline"":[],""markup_tag"":[],""printf_token"":[],""var_tag"":[]}",
HGHU-TW-002337,角色與劇情,眼睛盯好那個半精靈小鬼！,"{""brace_token"":[],""escaped_control"":[],""literal_newline"":[],""markup_tag"":[],""printf_token"":[],""var_tag"":[]}",
HGHU-TW-002338,角色與劇情,噁心。至少她消失了。,"{""brace_token"":[],""escaped_control"":[],""literal_newline"":[],""markup_tag"":[],""printf_token"":[],""var_tag"":[]}",
HGHU-TW-002339,角色與劇情,是的。但現在我們確信是<hgh_f c=0>桑塔</hgh_f>派<hgh_f c=0>霍莉</hgh_f>來阻止我們的。,"{""brace_token"":[],""escaped_control"":[],""literal_newline"":[],""markup_tag"":[""</hgh_f>"",""</hgh_f>"",""<hgh_f c=0>"",""<hgh_f c=0>""],""printf_token"":[],""var_tag"":[]}",
HGHU-TW-002340,角色與劇情,但那個<hgh_f c=0>善良</hgh_f>的桑塔呢？,"{""brace_token"":[],""escaped_control"":[],""literal_newline"":[],""markup_tag"":[""</hgh_f>"",""<hgh_f c=0>""],""printf_token"":[],""var_tag"":[]}",
HGHU-TW-002341,角色與劇情,誰知道她是否還<hgh_f c=0>存在</hgh_f>呢？,"{""brace_token"":[],""escaped_control"":[],""literal_newline"":[],""markup_tag"":[""</hgh_f>"",""<hgh_f c=0>""],""printf_token"":[],""var_tag"":[]}",
HGHU-TW-002342,角色與劇情,別說這種話！,"{""brace_token"":[],""escaped_control"":[],""literal_newline"":[],""markup_tag"":[],""printf_token"":[],""var_tag"":[]}",
HGHU-TW-002343,角色與劇情,走吧。我們繼續找！,"{""brace_token"":[],""escaped_control"":[],""literal_newline"":[],""markup_tag"":[],""printf_token"":[],""var_tag"":[]}",
HGHU-TW-002344,角色與劇情,嘿，看那裡。,"{""brace_token"":[],""escaped_control"":[],""literal_newline"":[],""markup_tag"":[],""printf_token"":[],""var_tag"":[]}",
HGHU-TW-002345,角色與劇情,看來我們又闖進了另一段記憶。,"{""brace_token"":[],""escaped_control"":[],""literal_newline"":[],""markup_tag"":[],""printf_token"":[],""var_tag"":[]}",
HGHU-TW-002346,角色與劇情,甲殼角。我載桑塔飛來這裡阻止破壞行動。,"{""brace_token"":[],""escaped_control"":[],""literal_newline"":[],""markup_tag"":[],""printf_token"":[],""var_tag"":[]}",
HGHU-TW-002347,角色與劇情,廢話。是<hgh_f c=0>我的比賽門票</hgh_f>才讓我們進來的。,"{""brace_token"":[],""escaped_control"":[],""literal_newline"":[],""markup_tag"":[""</hgh_f>"",""<hgh_f c=0>""],""printf_token"":[],""var_tag"":[]}",
HGHU-TW-002348,角色與劇情,阿布納和坡到現在都還沒原諒我把他們的票給了你們倆！,"{""brace_token"":[],""escaped_control"":[],""literal_newline"":[],""markup_tag"":[],""printf_token"":[],""var_tag"":[]}",
HGHU-TW-002349,角色與劇情,看吧？我早在這一切發生前就為團隊犧牲了！,"{""brace_token"":[],""escaped_control"":[],""literal_newline"":[],""markup_tag"":[],""printf_token"":[],""var_tag"":[]}",
HGHU-TW-002350,角色與劇情,如果你一開始就肯幫忙，我們根本<hgh_f c=0>不會在這裡</hgh_f>！,"{""brace_token"":[],""escaped_control"":[],""literal_newline"":[],""markup_tag"":[""</hgh_f>"",""<hgh_f c=0>""],""printf_token"":[],""var_tag"":[]}",
HGHU-TW-002351,角色與劇情,等一下。這就是以前的我們，對吧？,"{""brace_token"":[],""escaped_control"":[],""literal_newline"":[],""markup_tag"":[],""printf_token"":[],""var_tag"":[]}",
HGHU-TW-002352,角色與劇情,那為什麼羅蒂陶普斯看起來這麼奇怪？,"{""brace_token"":[],""escaped_control"":[],""literal_newline"":[],""markup_tag"":[],""printf_token"":[],""var_tag"":[]}",
HGHU-TW-002353,角色與劇情,哇！對耶，你看！,"{""brace_token"":[],""escaped_control"":[],""literal_newline"":[],""markup_tag"":[],""printf_token"":[],""var_tag"":[]}",
HGHU-TW-002354,角色與劇情,妳、妳對她做了什麼？,"{""brace_token"":[],""escaped_control"":[],""literal_newline"":[],""markup_tag"":[],""printf_token"":[],""var_tag"":[]}",
HGHU-TW-002355,角色與劇情,你看起來有點...像活人！,"{""brace_token"":[],""escaped_control"":[],""literal_newline"":[],""markup_tag"":[],""printf_token"":[],""var_tag"":[]}",
HGHU-TW-002356,角色與劇情,<hgh_f c=0>什麼</hgh_f>？！！,"{""brace_token"":[],""escaped_control"":[],""literal_newline"":[],""markup_tag"":[""</hgh_f>"",""<hgh_f c=0>""],""printf_token"":[],""var_tag"":[]}",
HGHU-TW-002357,角色與劇情,就好像我<hgh_f c=0>不是殭屍</hgh_f>一樣！,"{""brace_token"":[],""escaped_control"":[],""literal_newline"":[],""markup_tag"":[""</hgh_f>"",""<hgh_f c=0>""],""printf_token"":[],""var_tag"":[]}",
HGHU-TW-002358,角色與劇情,這代表什麼？,"{""brace_token"":[],""escaped_control"":[],""literal_newline"":[],""markup_tag"":[],""printf_token"":[],""var_tag"":[]}",
HGHU-TW-002359,角色與劇情,顯然桑塔以前就認識妳，而且從來沒提過。,"{""brace_token"":[],""escaped_control"":[],""literal_newline"":[],""markup_tag"":[],""printf_token"":[],""var_tag"":[]}",
HGHU-TW-002360,角色與劇情,我想這就是她記憶中妳的模樣。,"{""brace_token"":[],""escaped_control"":[],""literal_newline"":[],""markup_tag"":[],""printf_token"":[],""var_tag"":[]}",
HGHU-TW-002361,角色與劇情,<hgh_f c=0>什麼</hgh_f>？！不可能！,"{""brace_token"":[],""escaped_control"":[],""literal_newline"":[],""markup_tag"":[""</hgh_f>"",""<hgh_f c=0>""],""printf_token"":[],""var_tag"":[]}",
HGHU-TW-002362,角色與劇情,不過...,"{""brace_token"":[],""escaped_control"":[],""literal_newline"":[],""markup_tag"":[],""printf_token"":[],""var_tag"":[]}",
HGHU-TW-002363,角色與劇情,是不是很可愛？,"{""brace_token"":[],""escaped_control"":[],""literal_newline"":[],""markup_tag"":[],""printf_token"":[],""var_tag"":[]}",
HGHU-TW-002364,角色與劇情,這的確稍微解釋了為什麼她對我這麼好。,"{""brace_token"":[],""escaped_control"":[],""literal_newline"":[],""markup_tag"":[],""printf_token"":[],""var_tag"":[]}",
HGHU-TW-002365,角色與劇情,尤其是在其他人都逃跑的時候。,"{""brace_token"":[],""escaped_control"":[],""literal_newline"":[],""markup_tag"":[],""printf_token"":[],""var_tag"":[]}",
HGHU-TW-002366,角色與劇情,沒錯！這表示她看見的是真正的妳！,"{""brace_token"":[],""escaped_control"":[],""literal_newline"":[],""markup_tag"":[],""printf_token"":[],""var_tag"":[]}",
HGHU-TW-002367,角色與劇情,天啊，這一切都太<hgh_f c=0>真實</hgh_f>了。,"{""brace_token"":[],""escaped_control"":[],""literal_newline"":[],""markup_tag"":[""</hgh_f>"",""<hgh_f c=0>""],""printf_token"":[],""var_tag"":[]}",
HGHU-TW-002368,角色與劇情,就像她把你看作是一個軟弱的小愛哭鬼一樣。,"{""brace_token"":[],""escaped_control"":[],""literal_newline"":[],""markup_tag"":[],""printf_token"":[],""var_tag"":[]}",
HGHU-TW-002369,角色與劇情,唉。,"{""brace_token"":[],""escaped_control"":[],""literal_newline"":[],""markup_tag"":[],""printf_token"":[],""var_tag"":[]}",
HGHU-TW-002370,角色與劇情,我<hgh_f c=0>反轉</hgh_f>了她的魔法！,"{""brace_token"":[],""escaped_control"":[],""literal_newline"":[],""markup_tag"":[""</hgh_f>"",""<hgh_f c=0>""],""printf_token"":[],""var_tag"":[]}",
HGHU-TW-002371,角色與劇情,走吧。我們在浪費時間。,"{""brace_token"":[],""escaped_control"":[],""literal_newline"":[],""markup_tag"":[],""printf_token"":[],""var_tag"":[]}",
HGHU-TW-002372,角色與劇情,要征服這段記憶，我們必須<hgh_f c=0>贏得</hgh_f>這場<hgh_f c=0>比賽</hgh_f>！,"{""brace_token"":[],""escaped_control"":[],""literal_newline"":[],""markup_tag"":[""</hgh_f>"",""</hgh_f>"",""<hgh_f c=0>"",""<hgh_f c=0>""],""printf_token"":[],""var_tag"":[]}",
HGHU-TW-002373,角色與劇情,站住！誰在那裡？,"{""brace_token"":[],""escaped_control"":[],""literal_newline"":[],""markup_tag"":[],""printf_token"":[],""var_tag"":[]}",
HGHU-TW-002374,角色與劇情,任何人都不准越過這條線！這是<hgh_f c=0>彈藥男爵</hgh_f>的命令！,"{""brace_token"":[],""escaped_control"":[],""literal_newline"":[],""markup_tag"":[""</hgh_f>"",""<hgh_f c=0>""],""printf_token"":[],""var_tag"":[]}",
HGHU-TW-002375,角色與劇情,我們來轟飛這個小丑吧！,"{""brace_token"":[],""escaped_control"":[],""literal_newline"":[],""markup_tag"":[],""printf_token"":[],""var_tag"":[]}",
HGHU-TW-002376,角色與劇情,可是……,"{""brace_token"":[],""escaped_control"":[],""literal_newline"":[],""markup_tag"":[],""printf_token"":[],""var_tag"":[]}",
HGHU-TW-002377,角色與劇情,搞什麼鬼！,"{""brace_token"":[],""escaped_control"":[],""literal_newline"":[],""markup_tag"":[],""printf_token"":[],""var_tag"":[]}",
HGHU-TW-002378,角色與劇情,那艘船花了好幾十億的群眾募資！,"{""brace_token"":[],""escaped_control"":[],""literal_newline"":[],""markup_tag"":[],""printf_token"":[],""var_tag"":[]}",
HGHU-TW-002379,角色與劇情,哇喔！,"{""brace_token"":[],""escaped_control"":[],""literal_newline"":[],""markup_tag"":[],""printf_token"":[],""var_tag"":[]}",
HGHU-TW-002380,角色與劇情,哈囉，女士們！,"{""brace_token"":[],""escaped_control"":[],""literal_newline"":[],""markup_tag"":[],""printf_token"":[],""var_tag"":[]}",
HGHU-TW-002381,角色與劇情,嘿！那我呢？,"{""brace_token"":[],""escaped_control"":[],""literal_newline"":[],""markup_tag"":[],""printf_token"":[],""var_tag"":[]}",
HGHU-TW-002382,角色與劇情,哇喔，抱歉兄弟。我幾乎沒看到你在這。,"{""brace_token"":[],""escaped_control"":[],""literal_newline"":[],""markup_tag"":[],""printf_token"":[],""var_tag"":[]}",
HGHU-TW-002383,角色與劇情,聽著。,"{""brace_token"":[],""escaped_control"":[],""literal_newline"":[],""markup_tag"":[],""printf_token"":[],""var_tag"":[]}",
HGHU-TW-002384,角色與劇情,這台機器的設計目的不是為了這個！怎麼會——？,"{""brace_token"":[],""escaped_control"":[],""literal_newline"":[],""markup_tag"":[],""printf_token"":[],""var_tag"":[]}",
HGHU-TW-002385,角色與劇情,我們已經客滿了，小子。所以你何不站到一邊去，騰出空間給<hgh_f c=0>真正的男人</hgh_f>！,"{""brace_token"":[],""escaped_control"":[],""literal_newline"":[],""markup_tag"":[""</hgh_f>"",""<hgh_f c=0>""],""printf_token"":[],""var_tag"":[]}",
HGHU-TW-002386,角色與劇情,眼睛看著獎品，女士們！,"{""brace_token"":[],""escaped_control"":[],""literal_newline"":[],""markup_tag"":[],""printf_token"":[],""var_tag"":[]}",
HGHU-TW-002387,角色與劇情,沒有人能抗拒穿著<hgh_f c=0>制服</hgh_f>的<hgh_f c=0>男人</hgh_f>！,"{""brace_token"":[],""escaped_control"":[],""literal_newline"":[],""markup_tag"":[""</hgh_f>"",""</hgh_f>"",""<hgh_f c=0>"",""<hgh_f c=0>""],""printf_token"":[],""var_tag"":[]}",
HGHU-TW-002388,角色與劇情,<hgh_f c=0>轟</hgh_f>！！,"{""brace_token"":[],""escaped_control"":[],""literal_newline"":[],""markup_tag"":[""</hgh_f>"",""<hgh_f c=0>""],""printf_token"":[],""var_tag"":[]}",
HGHU-TW-002389,角色與劇情,蠢貨！你看不出來嗎？你一直都在建造<hgh_f c=0>我的機器</hgh_f>！,"{""brace_token"":[],""escaped_control"":[],""literal_newline"":[],""markup_tag"":[""</hgh_f>"",""<hgh_f c=0>""],""printf_token"":[],""var_tag"":[]}",
HGHU-TW-002390,角色與劇情,所以，誰會是幸運的女孩呢？,"{""brace_token"":[],""escaped_control"":[],""literal_newline"":[],""markup_tag"":[],""printf_token"":[],""var_tag"":[]}",
HGHU-TW-002391,角色與劇情,我有一套飛毯制服，還有大概一打動畫電影配樂可以選。,"{""brace_token"":[],""escaped_control"":[],""literal_newline"":[],""markup_tag"":[],""printf_token"":[],""var_tag"":[]}",
HGHU-TW-002392,角色與劇情,彈藥男爵將帶你們看世界。,"{""brace_token"":[],""escaped_control"":[],""literal_newline"":[],""markup_tag"":[],""printf_token"":[],""var_tag"":[]}",
HGHU-TW-002393,角色與劇情,我們會穿梭在雲層之間，低飛讓手指劃過湖面，諸如此類的浪漫廢話。,"{""brace_token"":[],""escaped_control"":[],""literal_newline"":[],""markup_tag"":[],""printf_token"":[],""var_tag"":[]}",
HGHU-TW-002394,角色與劇情,趕快上前來吧！,"{""brace_token"":[],""escaped_control"":[],""literal_newline"":[],""markup_tag"":[],""printf_token"":[],""var_tag"":[]}",
HGHU-TW-002395,角色與劇情,有足夠的<hgh_f c=0>彈藥男爵</hgh_f>可以分給大家。,"{""brace_token"":[],""escaped_control"":[],""literal_newline"":[],""markup_tag"":[""</hgh_f>"",""<hgh_f c=0>""],""printf_token"":[],""var_tag"":[]}",
HGHU-TW-002396,角色與劇情,沒人要嗎？,"{""brace_token"":[],""escaped_control"":[],""literal_newline"":[],""markup_tag"":[],""printf_token"":[],""var_tag"":[]}",
HGHU-TW-002397,角色與劇情,有任何人嗎？,"{""brace_token"":[],""escaped_control"":[],""literal_newline"":[],""markup_tag"":[],""printf_token"":[],""var_tag"":[]}",
HGHU-TW-002398,角色與劇情,妳、妳這沒人性的惡魔！,"{""brace_token"":[],""escaped_control"":[],""literal_newline"":[],""markup_tag"":[],""printf_token"":[],""var_tag"":[]}",
HGHU-TW-002399,角色與劇情,跳過。,"{""brace_token"":[],""escaped_control"":[],""literal_newline"":[],""markup_tag"":[],""printf_token"":[],""var_tag"":[]}",
HGHU-TW-002400,角色與劇情,算我一份。,"{""brace_token"":[],""escaped_control"":[],""literal_newline"":[],""markup_tag"":[],""printf_token"":[],""var_tag"":[]}",
HGHU-TW-002401,角色與劇情,喔——認真的嗎？,"{""brace_token"":[],""escaped_control"":[],""literal_newline"":[],""markup_tag"":[],""printf_token"":[],""var_tag"":[]}",
HGHU-TW-002402,角色與劇情,騙——你的啦。,"{""brace_token"":[],""escaped_control"":[],""literal_newline"":[],""markup_tag"":[],""printf_token"":[],""var_tag"":[]}",
HGHU-TW-002403,角色與劇情,什麼！？,"{""brace_token"":[],""escaped_control"":[],""literal_newline"":[],""markup_tag"":[],""printf_token"":[],""var_tag"":[]}",
HGHU-TW-002404,角色與劇情,妳居然想錯過與本大爺共舞的深情音樂劇環節！？,"{""brace_token"":[],""escaped_control"":[],""literal_newline"":[],""markup_tag"":[],""printf_token"":[],""var_tag"":[]}",
HGHU-TW-002405,角色與劇情,<hgh_f c=0>很好</hgh_f>。,"{""brace_token"":[],""escaped_control"":[],""literal_newline"":[],""markup_tag"":[""</hgh_f>"",""<hgh_f c=0>""],""printf_token"":[],""var_tag"":[]}",
HGHU-TW-002406,角色與劇情,既然如此...,"{""brace_token"":[],""escaped_control"":[],""literal_newline"":[],""markup_tag"":[],""printf_token"":[],""var_tag"":[]}",
HGHU-TW-002407,角色與劇情,見證怒火吧！,"{""brace_token"":[],""escaped_control"":[],""literal_newline"":[],""markup_tag"":[],""printf_token"":[],""var_tag"":[]}",
HGHU-TW-002408,角色與劇情,妳把我的<hgh_f c=0>設計圖</hgh_f>給<hgh_f c=0>掉包</hgh_f>了！,"{""brace_token"":[],""escaped_control"":[],""literal_newline"":[],""markup_tag"":[""</hgh_f>"",""</hgh_f>"",""<hgh_f c=0>"",""<hgh_f c=0>""],""printf_token"":[],""var_tag"":[]}",
HGHU-TW-002409,角色與劇情,<hgh_f c=0>被拒絕的彈藥男爵</hgh_f>的怒火！！,"{""brace_token"":[],""escaped_control"":[],""literal_newline"":[],""markup_tag"":[""</hgh_f>"",""<hgh_f c=0>""],""printf_token"":[],""var_tag"":[]}",
HGHU-TW-002410,角色與劇情,(呻吟),"{""brace_token"":[],""escaped_control"":[],""literal_newline"":[],""markup_tag"":[],""printf_token"":[],""var_tag"":[]}",
HGHU-TW-002411,角色與劇情,發生了什麼事？,"{""brace_token"":[],""escaped_control"":[],""literal_newline"":[],""markup_tag"":[],""printf_token"":[],""var_tag"":[]}",
HGHU-TW-002412,角色與劇情,哈！別一臉愁眉苦臉的。你為「我」建造的東西可好多了。,"{""brace_token"":[],""escaped_control"":[],""literal_newline"":[],""markup_tag"":[],""printf_token"":[],""var_tag"":[]}",
HGHU-TW-002413,角色與劇情,擺脫這討厭的傢伙真是太好了。,"{""brace_token"":[],""escaped_control"":[],""literal_newline"":[],""markup_tag"":[],""printf_token"":[],""var_tag"":[]}",
HGHU-TW-002414,角色與劇情,好了，那現在去哪？,"{""brace_token"":[],""escaped_control"":[],""literal_newline"":[],""markup_tag"":[],""printf_token"":[],""var_tag"":[]}",
HGHU-TW-002415,角色與劇情,當羅蒂去世界末日秀時，我留了下來。,"{""brace_token"":[],""escaped_control"":[],""literal_newline"":[],""markup_tag"":[],""printf_token"":[],""var_tag"":[]}",
HGHU-TW-002416,角色與劇情,你運氣好！我是因為<hgh_f c=0>她</hgh_f>才被<hgh_f c=0>丟下</hgh_f>的！,"{""brace_token"":[],""escaped_control"":[],""literal_newline"":[],""markup_tag"":[""</hgh_f>"",""</hgh_f>"",""<hgh_f c=0>"",""<hgh_f c=0>""],""printf_token"":[],""var_tag"":[]}",
HGHU-TW-002417,角色與劇情,妳一開始就該告訴我們<hgh_f c=0>催眠男爵</hgh_f>在計畫什麼！,"{""brace_token"":[],""escaped_control"":[],""literal_newline"":[],""markup_tag"":[""</hgh_f>"",""<hgh_f c=0>""],""printf_token"":[],""var_tag"":[]}",
HGHU-TW-002418,角色與劇情,我不得不<hgh_f c=0>走路</hgh_f>去他的城堡！,"{""brace_token"":[],""escaped_control"":[],""literal_newline"":[],""markup_tag"":[""</hgh_f>"",""<hgh_f c=0>""],""printf_token"":[],""var_tag"":[]}",
HGHU-TW-002419,角色與劇情,他答應要給我<hgh_f c=0>新腿</hgh_f>，現在我要去<hgh_f c=0>拿回來</hgh_f>了！,"{""brace_token"":[],""escaped_control"":[],""literal_newline"":[],""markup_tag"":[""</hgh_f>"",""</hgh_f>"",""<hgh_f c=0>"",""<hgh_f c=0>""],""printf_token"":[],""var_tag"":[]}",
HGHU-TW-002420,角色與劇情,你看……,"{""brace_token"":[],""escaped_control"":[],""literal_newline"":[],""markup_tag"":[],""printf_token"":[],""var_tag"":[]}",
HGHU-TW-002421,角色與劇情,試試看啊！,"{""brace_token"":[],""escaped_control"":[],""literal_newline"":[],""markup_tag"":[],""printf_token"":[],""var_tag"":[]}",
HGHU-TW-002422,角色與劇情,拜託你們兩個！不要動手動腳的！,"{""brace_token"":[],""escaped_control"":[],""literal_newline"":[],""markup_tag"":[],""printf_token"":[],""var_tag"":[]}",
HGHU-TW-002423,角色與劇情,<hgh_f c=0>催眠男爵的城堡</hgh_f>應該就是<hgh_f c=0>最後一段記憶</hgh_f>了。,"{""brace_token"":[],""escaped_control"":[],""literal_newline"":[],""markup_tag"":[""</hgh_f>"",""</hgh_f>"",""<hgh_f c=0>"",""<hgh_f c=0>""],""printf_token"":[],""var_tag"":[]}",
HGHU-TW-002424,角色與劇情,我們能再合作一次嗎？,"{""brace_token"":[],""escaped_control"":[],""literal_newline"":[],""markup_tag"":[],""printf_token"":[],""var_tag"":[]}",
HGHU-TW-002425,角色與劇情,呃。好吧。,"{""brace_token"":[],""escaped_control"":[],""literal_newline"":[],""markup_tag"":[],""printf_token"":[],""var_tag"":[]}",
HGHU-TW-002426,角色與劇情,我想可以。,"{""brace_token"":[],""escaped_control"":[],""literal_newline"":[],""markup_tag"":[],""printf_token"":[],""var_tag"":[]}",
HGHU-TW-002427,角色與劇情,這才對嘛！,"{""brace_token"":[],""escaped_control"":[],""literal_newline"":[],""markup_tag"":[],""printf_token"":[],""var_tag"":[]}",
HGHU-TW-002428,角色與劇情,到了。<hgh_f c=0>催眠男爵的城堡</hgh_f>。,"{""brace_token"":[],""escaped_control"":[],""literal_newline"":[],""markup_tag"":[""</hgh_f>"",""<hgh_f c=0>""],""printf_token"":[],""var_tag"":[]}",
HGHU-TW-002429,角色與劇情,現在我們進去之前，先回顧一下我們所知道的。,"{""brace_token"":[],""escaped_control"":[],""literal_newline"":[],""markup_tag"":[],""printf_token"":[],""var_tag"":[]}",
HGHU-TW-002430,角色與劇情,這些記憶都是<hgh_f c=0>桑塔</hgh_f>試圖阻止我們的手段。,"{""brace_token"":[],""escaped_control"":[],""literal_newline"":[],""markup_tag"":[""</hgh_f>"",""<hgh_f c=0>""],""printf_token"":[],""var_tag"":[]}",
HGHU-TW-002431,角色與劇情,我可以把我想要的任何東西從<hgh_f c=0>善良</hgh_f>變成<hgh_f c=0>邪惡</hgh_f>！,"{""brace_token"":[],""escaped_control"":[],""literal_newline"":[],""markup_tag"":[""</hgh_f>"",""</hgh_f>"",""<hgh_f c=0>"",""<hgh_f c=0>""],""printf_token"":[],""var_tag"":[]}",
HGHU-TW-002432,角色與劇情,但每熬過一段記憶，都會讓我們更<hgh_f c=0>接近</hgh_f>某個<hgh_f c=0>關鍵的時間點</hgh_f>。,"{""brace_token"":[],""escaped_control"":[],""literal_newline"":[],""markup_tag"":[""</hgh_f>"",""</hgh_f>"",""<hgh_f c=0>"",""<hgh_f c=0>""],""printf_token"":[],""var_tag"":[]}",
HGHU-TW-002433,角色與劇情,那是什麼時間點？,"{""brace_token"":[],""escaped_control"":[],""literal_newline"":[],""markup_tag"":[],""printf_token"":[],""var_tag"":[]}",
HGHU-TW-002434,角色與劇情,就在她被里絲琦‧布茲<hgh_f c=0>埋伏</hgh_f>並<hgh_f c=0>變得邪惡</hgh_f>的前一刻。,"{""brace_token"":[],""escaped_control"":[],""literal_newline"":[],""markup_tag"":[""</hgh_f>"",""</hgh_f>"",""<hgh_f c=0>"",""<hgh_f c=0>""],""printf_token"":[],""var_tag"":[]}",
HGHU-TW-002435,角色與劇情,我們必須<hgh_f c=0>警告她</hgh_f>，並在事情發生前<hgh_f c=0>阻止</hgh_f>它。,"{""brace_token"":[],""escaped_control"":[],""literal_newline"":[],""markup_tag"":[""</hgh_f>"",""</hgh_f>"",""<hgh_f c=0>"",""<hgh_f c=0>""],""printf_token"":[],""var_tag"":[]}",
HGHU-TW-002436,角色與劇情,然後呢？,"{""brace_token"":[],""escaped_control"":[],""literal_newline"":[],""markup_tag"":[],""printf_token"":[],""var_tag"":[]}",
HGHU-TW-002437,角色與劇情,我不確定。希望那能讓她清醒過來，然後我們就能一起<hgh_f c=0>回家</hgh_f>了。,"{""brace_token"":[],""escaped_control"":[],""literal_newline"":[],""markup_tag"":[""</hgh_f>"",""<hgh_f c=0>""],""printf_token"":[],""var_tag"":[]}",
HGHU-TW-002438,角色與劇情,如果我們搞砸了，她又再次變得邪惡怎麼辦？,"{""brace_token"":[],""escaped_control"":[],""literal_newline"":[],""markup_tag"":[],""printf_token"":[],""var_tag"":[]}",
HGHU-TW-002439,角色與劇情,我們不會又像之前那樣跳進她的腦袋裡吧？,"{""brace_token"":[],""escaped_control"":[],""literal_newline"":[],""markup_tag"":[],""printf_token"":[],""var_tag"":[]}",
HGHU-TW-002440,角色與劇情,我們可能會被困在<hgh_f c=0>夢魘界直到永遠</hgh_f>！,"{""brace_token"":[],""escaped_control"":[],""literal_newline"":[],""markup_tag"":[""</hgh_f>"",""<hgh_f c=0>""],""printf_token"":[],""var_tag"":[]}",
HGHU-TW-002441,角色與劇情,也許最好別去想。,"{""brace_token"":[],""escaped_control"":[],""literal_newline"":[],""markup_tag"":[],""printf_token"":[],""var_tag"":[]}",
HGHU-TW-002442,角色與劇情,我們只要確保<hgh_f c=0>不會</hgh_f>失敗就行了。好嗎？,"{""brace_token"":[],""escaped_control"":[],""literal_newline"":[],""markup_tag"":[""</hgh_f>"",""<hgh_f c=0>""],""printf_token"":[],""var_tag"":[]}",
HGHU-TW-002443,角色與劇情,哇阿！是你們！,"{""brace_token"":[],""escaped_control"":[],""literal_newline"":[],""markup_tag"":[],""printf_token"":[],""var_tag"":[]}",
HGHU-TW-002444,角色與劇情,等一下...,"{""brace_token"":[],""escaped_control"":[],""literal_newline"":[],""markup_tag"":[],""printf_token"":[],""var_tag"":[]}",
HGHU-TW-002445,角色與劇情,你們是誰？,"{""brace_token"":[],""escaped_control"":[],""literal_newline"":[],""markup_tag"":[],""printf_token"":[],""var_tag"":[]}",
HGHU-TW-002446,角色與劇情,我們是——,"{""brace_token"":[],""escaped_control"":[],""literal_newline"":[],""markup_tag"":[],""printf_token"":[],""var_tag"":[]}",
HGHU-TW-002447,角色與劇情,無所謂。我的咒語快完成了！,"{""brace_token"":[],""escaped_control"":[],""literal_newline"":[],""markup_tag"":[],""printf_token"":[],""var_tag"":[]}",
HGHU-TW-002448,角色與劇情,在見證<hgh_f c=0>世界末日</hgh_f>時恐懼地顫抖吧！,"{""brace_token"":[],""escaped_control"":[],""literal_newline"":[],""markup_tag"":[""</hgh_f>"",""<hgh_f c=0>""],""printf_token"":[],""var_tag"":[]}",
HGHU-TW-002449,角色與劇情,看啊！,"{""brace_token"":[],""escaped_control"":[],""literal_newline"":[],""markup_tag"":[],""printf_token"":[],""var_tag"":[]}",
HGHU-TW-002450,角色與劇情,<hgh_f c=0>無法言喻的恐怖生物</hgh_f>！,"{""brace_token"":[],""escaped_control"":[],""literal_newline"":[],""markup_tag"":[""</hgh_f>"",""<hgh_f c=0>""],""printf_token"":[],""var_tag"":[]}",
HGHU-TW-002451,角色與劇情,哈哈哈！在<hgh_f c=0>純粹邪惡</hgh_f>的<hgh_f c=0>陰影</hgh_f>下<hgh_f c=0>發抖</hgh_f>吧！,"{""brace_token"":[],""escaped_control"":[],""literal_newline"":[],""markup_tag"":[""</hgh_f>"",""</hgh_f>"",""</hgh_f>"",""<hgh_f c=0>"",""<hgh_f c=0>"",""<hgh_f c=0>""],""printf_token"":[],""var_tag"":[]}",
HGHU-TW-002452,角色與劇情,蛤？,"{""brace_token"":[],""escaped_control"":[],""literal_newline"":[],""markup_tag"":[],""printf_token"":[],""var_tag"":[]}",
HGHU-TW-002453,角色與劇情,這些人是誰？,"{""brace_token"":[],""escaped_control"":[],""literal_newline"":[],""markup_tag"":[],""printf_token"":[],""var_tag"":[]}",
HGHU-TW-002454,角色與劇情,替身？,"{""brace_token"":[],""escaped_control"":[],""literal_newline"":[],""markup_tag"":[],""printf_token"":[],""var_tag"":[]}",
HGHU-TW-002455,角色與劇情,我以為這是現場直播的。,"{""brace_token"":[],""escaped_control"":[],""literal_newline"":[],""markup_tag"":[],""printf_token"":[],""var_tag"":[]}",
HGHU-TW-002456,角色與劇情,<hgh_f c=0>蠢蛋</hgh_f>！照著<hgh_f c=0>劇本</hgh_f>演！,"{""brace_token"":[],""escaped_control"":[],""literal_newline"":[],""markup_tag"":[""</hgh_f>"",""</hgh_f>"",""<hgh_f c=0>"",""<hgh_f c=0>""],""printf_token"":[],""var_tag"":[]}",
HGHU-TW-002457,角色與劇情,隨便啦。,"{""brace_token"":[],""escaped_control"":[],""literal_newline"":[],""markup_tag"":[],""printf_token"":[],""var_tag"":[]}",
HGHU-TW-002458,角色與劇情,我們會在後製時修正的。,"{""brace_token"":[],""escaped_control"":[],""literal_newline"":[],""markup_tag"":[],""printf_token"":[],""var_tag"":[]}",
HGHU-TW-002459,角色與劇情,讓我看看。,"{""brace_token"":[],""escaped_control"":[],""literal_newline"":[],""markup_tag"":[],""printf_token"":[],""var_tag"":[]}",
HGHU-TW-002460,角色與劇情,劈啪作響的能量...,"{""brace_token"":[],""escaped_control"":[],""literal_newline"":[],""markup_tag"":[],""printf_token"":[],""var_tag"":[]}",
HGHU-TW-002461,角色與劇情,陰影充滿威脅地升起，跳出螢幕外...,"{""brace_token"":[],""escaped_control"":[],""literal_newline"":[],""markup_tag"":[],""printf_token"":[],""var_tag"":[]}",
HGHU-TW-002462,角色與劇情,而我的下一個目標，將會是全世界<hgh_f c=0>最大</hgh_f>的<hgh_f c=0>光明魔法</hgh_f>來源……,"{""brace_token"":[],""escaped_control"":[],""literal_newline"":[],""markup_tag"":[""</hgh_f>"",""</hgh_f>"",""<hgh_f c=0>"",""<hgh_f c=0>""],""printf_token"":[],""var_tag"":[]}",
HGHU-TW-002463,角色與劇情,換上特技替身，等等等等……,"{""brace_token"":[],""escaped_control"":[],""literal_newline"":[],""markup_tag"":[],""printf_token"":[],""var_tag"":[]}",
HGHU-TW-002464,角色與劇情,就是這個。提示畫面上的頭目名稱文字，然後用回收的經典招式假裝開戰。,"{""brace_token"":[],""escaped_control"":[],""literal_newline"":[],""markup_tag"":[],""printf_token"":[],""var_tag"":[]}",
HGHU-TW-002465,角色與劇情,了解。,"{""brace_token"":[],""escaped_control"":[],""literal_newline"":[],""markup_tag"":[],""printf_token"":[],""var_tag"":[]}",
HGHU-TW-002466,角色與劇情,咳咳。,"{""brace_token"":[],""escaped_control"":[],""literal_newline"":[],""markup_tag"":[],""printf_token"":[],""var_tag"":[]}",
HGHU-TW-002467,角色與劇情,<hgh_f c=0>放馬過來吧，兄弟</hgh_f>！,"{""brace_token"":[],""escaped_control"":[],""literal_newline"":[],""markup_tag"":[""</hgh_f>"",""<hgh_f c=0>""],""printf_token"":[],""var_tag"":[]}",
HGHU-TW-002468,角色與劇情,<hgh_f c=0>精靈界</hgh_f>！,"{""brace_token"":[],""escaped_control"":[],""literal_newline"":[],""markup_tag"":[""</hgh_f>"",""<hgh_f c=0>""],""printf_token"":[],""var_tag"":[]}",
HGHU-TW-002469,角色與劇情,大家靠過來，孩子們！,"{""brace_token"":[],""escaped_control"":[],""literal_newline"":[],""markup_tag"":[],""printf_token"":[],""var_tag"":[]}",
HGHU-TW-002470,角色與劇情,我們做到了！,"{""brace_token"":[],""escaped_control"":[],""literal_newline"":[],""markup_tag"":[],""printf_token"":[],""var_tag"":[]}",
HGHU-TW-002471,角色與劇情,我們把那隻魷魚踹飛了！,"{""brace_token"":[],""escaped_control"":[],""literal_newline"":[],""markup_tag"":[],""printf_token"":[],""var_tag"":[]}",
HGHU-TW-002472,角色與劇情,我們打敗了<hgh_f c=0>最後的回憶</hgh_f>。,"{""brace_token"":[],""escaped_control"":[],""literal_newline"":[],""markup_tag"":[""</hgh_f>"",""<hgh_f c=0>""],""printf_token"":[],""var_tag"":[]}",
HGHU-TW-002473,角色與劇情,這表示我們接下來會在<hgh_f c=0>叔叔的工作室</hgh_f>見到<hgh_f c=0>桑塔</hgh_f>了。,"{""brace_token"":[],""escaped_control"":[],""literal_newline"":[],""markup_tag"":[""</hgh_f>"",""</hgh_f>"",""<hgh_f c=0>"",""<hgh_f c=0>""],""printf_token"":[],""var_tag"":[]}",
HGHU-TW-002474,角色與劇情,我們得阻止她變身，把她帶回來！,"{""brace_token"":[],""escaped_control"":[],""literal_newline"":[],""markup_tag"":[],""printf_token"":[],""var_tag"":[]}",
HGHU-TW-002475,角色與劇情,明白了嗎？,"{""brace_token"":[],""escaped_control"":[],""literal_newline"":[],""markup_tag"":[],""printf_token"":[],""var_tag"":[]}",
HGHU-TW-002476,角色與劇情,不！,"{""brace_token"":[],""escaped_control"":[],""literal_newline"":[],""markup_tag"":[],""printf_token"":[],""var_tag"":[]}",
HGHU-TW-002477,角色與劇情,上吧！,"{""brace_token"":[],""escaped_control"":[],""literal_newline"":[],""markup_tag"":[],""printf_token"":[],""var_tag"":[]}",
HGHU-TW-002478,角色與劇情,嘿。看來<hgh_f c=0>博羅</hgh_f>說得<hgh_f c=0>沒錯</hgh_f>！,"{""brace_token"":[],""escaped_control"":[],""literal_newline"":[],""markup_tag"":[""</hgh_f>"",""</hgh_f>"",""<hgh_f c=0>"",""<hgh_f c=0>""],""printf_token"":[],""var_tag"":[]}",
HGHU-TW-002479,角色與劇情,這雖然不完全是時間旅行，但我們<hgh_f c=0>確實</hgh_f>在試著改變<hgh_f c=0>未來</hgh_f>！,"{""brace_token"":[],""escaped_control"":[],""literal_newline"":[],""markup_tag"":[""</hgh_f>"",""</hgh_f>"",""<hgh_f c=0>"",""<hgh_f c=0>""],""printf_token"":[],""var_tag"":[]}",
HGHU-TW-002480,角色與劇情,我也許太快對你下定論了，博羅！,"{""brace_token"":[],""escaped_control"":[],""literal_newline"":[],""markup_tag"":[],""printf_token"":[],""var_tag"":[]}",
HGHU-TW-002481,角色與劇情,嘿。沒關係，我沒放在心上。,"{""brace_token"":[],""escaped_control"":[],""literal_newline"":[],""markup_tag"":[],""printf_token"":[],""var_tag"":[]}",
HGHU-TW-002482,角色與劇情,還有羅蒂托普斯，抱歉，你知道的……,"{""brace_token"":[],""escaped_control"":[],""literal_newline"":[],""markup_tag"":[],""printf_token"":[],""var_tag"":[]}",
HGHU-TW-002483,角色與劇情,如果妳這麼做，妳會讓<hgh_f c=0>亮片大陸陷入</hgh_f>徹底的<hgh_f c=0>黑暗</hgh_f>！,"{""brace_token"":[],""escaped_control"":[],""literal_newline"":[],""markup_tag"":[""</hgh_f>"",""</hgh_f>"",""<hgh_f c=0>"",""<hgh_f c=0>""],""printf_token"":[],""var_tag"":[]}",
HGHU-TW-002484,角色與劇情,質疑你的忠誠之類的。,"{""brace_token"":[],""escaped_control"":[],""literal_newline"":[],""markup_tag"":[],""printf_token"":[],""var_tag"":[]}",
HGHU-TW-002485,角色與劇情,我一直都知道你會為了救桑塔而不擇手段，就像我們一樣。,"{""brace_token"":[],""escaped_control"":[],""literal_newline"":[],""markup_tag"":[],""printf_token"":[],""var_tag"":[]}",
HGHU-TW-002486,角色與劇情,別再有下次了，食物。,"{""brace_token"":[],""escaped_control"":[],""literal_newline"":[],""markup_tag"":[],""printf_token"":[],""var_tag"":[]}",
HGHU-TW-002487,角色與劇情,還有……呃……,"{""brace_token"":[],""escaped_control"":[],""literal_newline"":[],""markup_tag"":[],""printf_token"":[],""var_tag"":[]}",
HGHU-TW-002488,角色與劇情,既然我們都在說真心話……,"{""brace_token"":[],""escaped_control"":[],""literal_newline"":[],""markup_tag"":[],""printf_token"":[],""var_tag"":[]}",
HGHU-TW-002489,角色與劇情,史凱，你其實滿擅長……指使別人做事，告訴他們該做什麼的。,"{""brace_token"":[],""escaped_control"":[],""literal_newline"":[],""markup_tag"":[],""printf_token"":[],""var_tag"":[]}",
HGHU-TW-002490,角色與劇情,謝謝。,"{""brace_token"":[],""escaped_control"":[],""literal_newline"":[],""markup_tag"":[],""printf_token"":[],""var_tag"":[]}",
HGHU-TW-002491,角色與劇情,哈！現在你總算搞懂了！,"{""brace_token"":[],""escaped_control"":[],""literal_newline"":[],""markup_tag"":[],""printf_token"":[],""var_tag"":[]}",
HGHU-TW-002492,角色與劇情,你知道嗎，我們這個團隊還滿不錯的！,"{""brace_token"":[],""escaped_control"":[],""literal_newline"":[],""markup_tag"":[],""printf_token"":[],""var_tag"":[]}",
HGHU-TW-002493,角色與劇情,我們雖然不是半精靈，但表現得也不差！,"{""brace_token"":[],""escaped_control"":[],""literal_newline"":[],""markup_tag"":[],""printf_token"":[],""var_tag"":[]}",
HGHU-TW-002494,角色與劇情,聽起來我們都<hgh_f c=0>準備好出發</hgh_f>了。,"{""brace_token"":[],""escaped_control"":[],""literal_newline"":[],""markup_tag"":[""</hgh_f>"",""<hgh_f c=0>""],""printf_token"":[],""var_tag"":[]}",
HGHU-TW-002495,角色與劇情,記住。不惜一切代價，阻止<hgh_f c=0>米米克叔叔</hgh_f>拉下那個開關！,"{""brace_token"":[],""escaped_control"":[],""literal_newline"":[],""markup_tag"":[""</hgh_f>"",""<hgh_f c=0>""],""printf_token"":[],""var_tag"":[]}",
HGHU-TW-002496,角色與劇情,下一站，米米克叔叔的工作室！,"{""brace_token"":[],""escaped_control"":[],""literal_newline"":[],""markup_tag"":[],""printf_token"":[],""var_tag"":[]}",
HGHU-TW-002497,角色與劇情,這是什麼地方？,"{""brace_token"":[],""escaped_control"":[],""literal_newline"":[],""markup_tag"":[],""printf_token"":[],""var_tag"":[]}",
HGHU-TW-002498,角色與劇情,我要去摧毀你們所知的這個世界了！,"{""brace_token"":[],""escaped_control"":[],""literal_newline"":[],""markup_tag"":[],""printf_token"":[],""var_tag"":[]}",
HGHU-TW-002499,角色與劇情,另一個桑塔的回憶嗎？,"{""brace_token"":[],""escaped_control"":[],""literal_newline"":[],""markup_tag"":[],""printf_token"":[],""var_tag"":[]}",
HGHU-TW-002500,角色與劇情,我覺得不是。,"{""brace_token"":[],""escaped_control"":[],""literal_newline"":[],""markup_tag"":[],""printf_token"":[],""var_tag"":[]}",
HGHU-TW-002501,角色與劇情,哈哈哈哈！,"{""brace_token"":[],""escaped_control"":[],""literal_newline"":[],""markup_tag"":[],""printf_token"":[],""var_tag"":[]}",
HGHU-TW-002502,角色與劇情,是<hgh_f c=0>她</hgh_f>！,"{""brace_token"":[],""escaped_control"":[],""literal_newline"":[],""markup_tag"":[""</hgh_f>"",""<hgh_f c=0>""],""printf_token"":[],""var_tag"":[]}",
HGHU-TW-002503,角色與劇情,好好享受你們那個脾氣暴躁的精靈小鬼吧！,"{""brace_token"":[],""escaped_control"":[],""literal_newline"":[],""markup_tag"":[],""printf_token"":[],""var_tag"":[]}",
HGHU-TW-002504,角色與劇情,你們這群蠢蛋直接踩進了我的<hgh_f c=0>陷阱</hgh_f>。,"{""brace_token"":[],""escaped_control"":[],""literal_newline"":[],""markup_tag"":[""</hgh_f>"",""<hgh_f c=0>""],""printf_token"":[],""var_tag"":[]}",
HGHU-TW-002505,角色與劇情,這個世界是<hgh_f c=0>我的領地</hgh_f>。,"{""brace_token"":[],""escaped_control"":[],""literal_newline"":[],""markup_tag"":[""</hgh_f>"",""<hgh_f c=0>""],""printf_token"":[],""var_tag"":[]}",
HGHU-TW-002506,角色與劇情,<hgh_f c=0>全部</hgh_f>都是！,"{""brace_token"":[],""escaped_control"":[],""literal_newline"":[],""markup_tag"":[""</hgh_f>"",""<hgh_f c=0>""],""printf_token"":[],""var_tag"":[]}",
HGHU-TW-002507,角色與劇情,你們能走到這一步，真讓我<hgh_f c=0>不爽</hgh_f>。,"{""brace_token"":[],""escaped_control"":[],""literal_newline"":[],""markup_tag"":[""</hgh_f>"",""<hgh_f c=0>""],""printf_token"":[],""var_tag"":[]}",
HGHU-TW-002508,角色與劇情,所以，我決定<hgh_f c=0>解散</hgh_f>這個麻煩的三人組。,"{""brace_token"":[],""escaped_control"":[],""literal_newline"":[],""markup_tag"":[""</hgh_f>"",""<hgh_f c=0>""],""printf_token"":[],""var_tag"":[]}",
HGHU-TW-002509,角色與劇情,我為你們每個人準備了一個特別的地方。,"{""brace_token"":[],""escaped_control"":[],""literal_newline"":[],""markup_tag"":[],""printf_token"":[],""var_tag"":[]}",
HGHU-TW-002510,角色與劇情,一個私人的夢魘，讓你們的身體慢慢衰弱的同時，心智也備受折磨。,"{""brace_token"":[],""escaped_control"":[],""literal_newline"":[],""markup_tag"":[],""printf_token"":[],""var_tag"":[]}",
HGHU-TW-002511,角色與劇情,如果你們在一起，或許還有點勝算。,"{""brace_token"":[],""escaped_control"":[],""literal_newline"":[],""markup_tag"":[],""printf_token"":[],""var_tag"":[]}",
HGHU-TW-002512,角色與劇情,但分開後，你們什麼都不是。,"{""brace_token"":[],""escaped_control"":[],""literal_newline"":[],""markup_tag"":[],""printf_token"":[],""var_tag"":[]}",
HGHU-TW-002513,角色與劇情,桑塔……,"{""brace_token"":[],""escaped_control"":[],""literal_newline"":[],""markup_tag"":[],""printf_token"":[],""var_tag"":[]}",
HGHU-TW-002514,角色與劇情,她不在這裡。從來就不在。,"{""brace_token"":[],""escaped_control"":[],""literal_newline"":[],""markup_tag"":[],""printf_token"":[],""var_tag"":[]}",
HGHU-TW-002515,角色與劇情,你們已經<hgh_f c=0>沒有希望</hgh_f>了。沒有什麼可以相信的了。,"{""brace_token"":[],""escaped_control"":[],""literal_newline"":[],""markup_tag"":[""</hgh_f>"",""<hgh_f c=0>""],""printf_token"":[],""var_tag"":[]}",
HGHU-TW-002516,角色與劇情,所以……我們真的辜負了她嗎……？,"{""brace_token"":[],""escaped_control"":[],""literal_newline"":[],""markup_tag"":[],""printf_token"":[],""var_tag"":[]}",
HGHU-TW-002517,角色與劇情,我們的朋友……她真的不在了嗎？,"{""brace_token"":[],""escaped_control"":[],""literal_newline"":[],""markup_tag"":[],""printf_token"":[],""var_tag"":[]}",
HGHU-TW-002518,角色與劇情,我——我不敢相信這是真的……,"{""brace_token"":[],""escaped_control"":[],""literal_newline"":[],""markup_tag"":[],""printf_token"":[],""var_tag"":[]}",
HGHU-TW-002519,角色與劇情,<hgh_f c=0>現在滾吧</hgh_f>！,"{""brace_token"":[],""escaped_control"":[],""literal_newline"":[],""markup_tag"":[""</hgh_f>"",""<hgh_f c=0>""],""printf_token"":[],""var_tag"":[]}",
HGHU-TW-002520,角色與劇情,拜拜！,"{""brace_token"":[],""escaped_control"":[],""literal_newline"":[],""markup_tag"":[],""printf_token"":[],""var_tag"":[]}",
HGHU-TW-002521,角色與劇情,<hgh_f c=0>永遠徘徊吧</hgh_f>！,"{""brace_token"":[],""escaped_control"":[],""literal_newline"":[],""markup_tag"":[""</hgh_f>"",""<hgh_f c=0>""],""printf_token"":[],""var_tag"":[]}",
HGHU-TW-002522,角色與劇情,<hgh_f c=0>迷失、分離，在黑暗中孤獨地死去</hgh_f>！,"{""brace_token"":[],""escaped_control"":[],""literal_newline"":[],""markup_tag"":[""</hgh_f>"",""<hgh_f c=0>""],""printf_token"":[],""var_tag"":[]}",
HGHU-TW-002523,角色與劇情,哈——哈——哈！！,"{""brace_token"":[],""escaped_control"":[],""literal_newline"":[],""markup_tag"":[],""printf_token"":[],""var_tag"":[]}",
HGHU-TW-002524,角色與劇情,呼。我真走運，還完好無缺。,"{""brace_token"":[],""escaped_control"":[],""literal_newline"":[],""markup_tag"":[],""printf_token"":[],""var_tag"":[]}",
HGHU-TW-002525,角色與劇情,那是你。我差點連頭都丟了。,"{""brace_token"":[],""escaped_control"":[],""literal_newline"":[],""markup_tag"":[],""printf_token"":[],""var_tag"":[]}",
HGHU-TW-002526,角色與劇情,羅蒂托普斯？博羅？,"{""brace_token"":[],""escaped_control"":[],""literal_newline"":[],""markup_tag"":[],""printf_token"":[],""var_tag"":[]}",
HGHU-TW-002527,角色與劇情,史凱，是你嗎？,"{""brace_token"":[],""escaped_control"":[],""literal_newline"":[],""markup_tag"":[],""printf_token"":[],""var_tag"":[]}",
HGHU-TW-002528,角色與劇情,是。羅蒂你也在嗎？,"{""brace_token"":[],""escaped_control"":[],""literal_newline"":[],""markup_tag"":[],""printf_token"":[],""var_tag"":[]}",
HGHU-TW-002529,角色與劇情,在。,"{""brace_token"":[],""escaped_control"":[],""literal_newline"":[],""markup_tag"":[],""printf_token"":[],""var_tag"":[]}",
HGHU-TW-002530,角色與劇情,我不明白。我們是怎麼找到彼此的？,"{""brace_token"":[],""escaped_control"":[],""literal_newline"":[],""markup_tag"":[],""printf_token"":[],""var_tag"":[]}",
HGHU-TW-002531,角色與劇情,你們這些<hgh_f c=0>傻笑的蠢蛋</hgh_f>！,"{""brace_token"":[],""escaped_control"":[],""literal_newline"":[],""markup_tag"":[""</hgh_f>"",""<hgh_f c=0>""],""printf_token"":[],""var_tag"":[]}",
HGHU-TW-002532,角色與劇情,你們想見你們的朋友嗎？,"{""brace_token"":[],""escaped_control"":[],""literal_newline"":[],""markup_tag"":[],""printf_token"":[],""var_tag"":[]}",
HGHU-TW-002533,角色與劇情,來，<hgh_f c=0>看清楚點</hgh_f>！,"{""brace_token"":[],""escaped_control"":[],""literal_newline"":[],""markup_tag"":[""</hgh_f>"",""<hgh_f c=0>""],""printf_token"":[],""var_tag"":[]}",
HGHU-TW-002534,角色與劇情,我們不能讓她得逞！我們必須做點什麼！,"{""brace_token"":[],""escaped_control"":[],""literal_newline"":[],""markup_tag"":[],""printf_token"":[],""var_tag"":[]}",
HGHU-TW-002535,角色與劇情,是時候測試我最新發明了……,"{""brace_token"":[],""escaped_control"":[],""literal_newline"":[],""markup_tag"":[],""printf_token"":[],""var_tag"":[]}",
HGHU-TW-002536,角色與劇情,她——她還活著！,"{""brace_token"":[],""escaped_control"":[],""literal_newline"":[],""markup_tag"":[],""printf_token"":[],""var_tag"":[]}",
HGHU-TW-002537,角色與劇情,她當然活著。我告訴你們她死了，只是為了消滅你們的<hgh_f c=0>希望</hgh_f>！,"{""brace_token"":[],""escaped_control"":[],""literal_newline"":[],""markup_tag"":[""</hgh_f>"",""<hgh_f c=0>""],""printf_token"":[],""var_tag"":[]}",
HGHU-TW-002538,角色與劇情,你們應該<hgh_f c=0>沒有希望</hgh_f>了。為什麼沒起作用？,"{""brace_token"":[],""escaped_control"":[],""literal_newline"":[],""markup_tag"":[""</hgh_f>"",""<hgh_f c=0>""],""printf_token"":[],""var_tag"":[]}",
HGHU-TW-002539,角色與劇情,我不能替他們兩個說話。,"{""brace_token"":[],""escaped_control"":[],""literal_newline"":[],""markup_tag"":[],""printf_token"":[],""var_tag"":[]}",
HGHU-TW-002540,角色與劇情,但我內心深處知道，即使我失敗了……,"{""brace_token"":[],""escaped_control"":[],""literal_newline"":[],""markup_tag"":[],""printf_token"":[],""var_tag"":[]}",
HGHU-TW-002541,角色與劇情,羅蒂托普斯也會找到方法來找你。,"{""brace_token"":[],""escaped_control"":[],""literal_newline"":[],""markup_tag"":[],""printf_token"":[],""var_tag"":[]}",
HGHU-TW-002542,角色與劇情,她是個<hgh_f c=0>忠誠</hgh_f>的朋友，<hgh_f c=0>絕對不會</hgh_f>放棄。,"{""brace_token"":[],""escaped_control"":[],""literal_newline"":[],""markup_tag"":[""</hgh_f>"",""</hgh_f>"",""<hgh_f c=0>"",""<hgh_f c=0>""],""printf_token"":[],""var_tag"":[]}",
HGHU-TW-002543,角色與劇情,我也一樣。我很確定史凱會<hgh_f c=0>智取</hgh_f>你，即使我找不到出路。,"{""brace_token"":[],""escaped_control"":[],""literal_newline"":[],""markup_tag"":[""</hgh_f>"",""<hgh_f c=0>""],""printf_token"":[],""var_tag"":[]}",
HGHU-TW-002544,角色與劇情,而我知道博羅的<hgh_f c=0>決心</hgh_f>能讓他克服<hgh_f c=0>任何</hgh_f>障礙。,"{""brace_token"":[],""escaped_control"":[],""literal_newline"":[],""markup_tag"":[""</hgh_f>"",""</hgh_f>"",""<hgh_f c=0>"",""<hgh_f c=0>""],""printf_token"":[],""var_tag"":[]}",
HGHU-TW-002545,角色與劇情,這就是你的答案。,"{""brace_token"":[],""escaped_control"":[],""literal_newline"":[],""markup_tag"":[],""printf_token"":[],""var_tag"":[]}",
HGHU-TW-002546,角色與劇情,我們把<hgh_f c=0>希望</hgh_f>寄託在<hgh_f c=0>彼此</hgh_f>身上，就像任何一支<hgh_f c=0>優秀的團隊</hgh_f>一樣！,"{""brace_token"":[],""escaped_control"":[],""literal_newline"":[],""markup_tag"":[""</hgh_f>"",""</hgh_f>"",""</hgh_f>"",""<hgh_f c=0>"",""<hgh_f c=0>"",""<hgh_f c=0>""],""printf_token"":[],""var_tag"":[]}",
HGHU-TW-002547,角色與劇情,現在輪到你<hgh_f c=0>聽我們說話</hgh_f>了。,"{""brace_token"":[],""escaped_control"":[],""literal_newline"":[],""markup_tag"":[""</hgh_f>"",""<hgh_f c=0>""],""printf_token"":[],""var_tag"":[]}",
HGHU-TW-002548,角色與劇情,我們是你的朋友。,"{""brace_token"":[],""escaped_control"":[],""literal_newline"":[],""markup_tag"":[],""printf_token"":[],""var_tag"":[]}",
HGHU-TW-002549,角色與劇情,是時候跟我們走，把這裡拋在腦後了！,"{""brace_token"":[],""escaped_control"":[],""literal_newline"":[],""markup_tag"":[],""printf_token"":[],""var_tag"":[]}",
HGHU-TW-002550,角色與劇情,史凱……,"{""brace_token"":[],""escaped_control"":[],""literal_newline"":[],""markup_tag"":[],""printf_token"":[],""var_tag"":[]}",
HGHU-TW-002551,角色與劇情,可憐、軟弱的半精靈小鬼。,"{""brace_token"":[],""escaped_control"":[],""literal_newline"":[],""markup_tag"":[],""printf_token"":[],""var_tag"":[]}",
HGHU-TW-002552,角色與劇情,她盡力了。這點我得承認。,"{""brace_token"":[],""escaped_control"":[],""literal_newline"":[],""markup_tag"":[],""printf_token"":[],""var_tag"":[]}",
HGHU-TW-002553,角色與劇情,但到頭來，她還是敵不過我。,"{""brace_token"":[],""escaped_control"":[],""literal_newline"":[],""markup_tag"":[],""printf_token"":[],""var_tag"":[]}",
HGHU-TW-002554,角色與劇情,但我們能做什麼？,"{""brace_token"":[],""escaped_control"":[],""literal_newline"":[],""markup_tag"":[],""printf_token"":[],""var_tag"":[]}",
HGHU-TW-002555,角色與劇情,就這樣。她已經不在了。,"{""brace_token"":[],""escaped_control"":[],""literal_newline"":[],""markup_tag"":[],""printf_token"":[],""var_tag"":[]}",
HGHU-TW-002556,角色與劇情,你的<hgh_f c=0>朋友</hgh_f>就只剩下我了。,"{""brace_token"":[],""escaped_control"":[],""literal_newline"":[],""markup_tag"":[""</hgh_f>"",""<hgh_f c=0>""],""printf_token"":[],""var_tag"":[]}",
HGHU-TW-002557,角色與劇情,不……,"{""brace_token"":[],""escaped_control"":[],""literal_newline"":[],""markup_tag"":[],""printf_token"":[],""var_tag"":[]}",
HGHU-TW-002558,角色與劇情,這不可能是真的！,"{""brace_token"":[],""escaped_control"":[],""literal_newline"":[],""markup_tag"":[],""printf_token"":[],""var_tag"":[]}",
HGHU-TW-002559,角色與劇情,桑塔……,"{""brace_token"":[],""escaped_control"":[],""literal_newline"":[],""markup_tag"":[],""printf_token"":[],""var_tag"":[]}",
HGHU-TW-002560,角色與劇情,那麼。,"{""brace_token"":[],""escaped_control"":[],""literal_newline"":[],""markup_tag"":[],""printf_token"":[],""var_tag"":[]}",
HGHU-TW-002561,角色與劇情,不如讓我<hgh_f c=0>畫下</hgh_f>你們三個的<hgh_f c=0>句點</hgh_f>，而且是<hgh_f c=0>一勞永逸</hgh_f>，如何？,"{""brace_token"":[],""escaped_control"":[],""literal_newline"":[],""markup_tag"":[""</hgh_f>"",""</hgh_f>"",""</hgh_f>"",""<hgh_f c=0>"",""<hgh_f c=0>"",""<hgh_f c=0>""],""printf_token"":[],""var_tag"":[]}",
HGHU-TW-002562,角色與劇情,試試看啊。我不會再手下留情了。,"{""brace_token"":[],""escaped_control"":[],""literal_newline"":[],""markup_tag"":[],""printf_token"":[],""var_tag"":[]}",
HGHU-TW-002563,角色與劇情,我要你為你所做的事付出代價！！,"{""brace_token"":[],""escaped_control"":[],""literal_newline"":[],""markup_tag"":[],""printf_token"":[],""var_tag"":[]}",
HGHU-TW-002564,角色與劇情,呵、呵、呵……哈哈哈……,"{""brace_token"":[],""escaped_control"":[],""literal_newline"":[],""markup_tag"":[],""printf_token"":[],""var_tag"":[]}",
HGHU-TW-002565,角色與劇情,對！現在是三對一，我們絕不手軟！！,"{""brace_token"":[],""escaped_control"":[],""literal_newline"":[],""markup_tag"":[],""printf_token"":[],""var_tag"":[]}",
HGHU-TW-002566,角色與劇情,如果桑塔在這裡，她會不惜一切代價阻止你！我們也一樣！！,"{""brace_token"":[],""escaped_control"":[],""literal_newline"":[],""markup_tag"":[],""printf_token"":[],""var_tag"":[]}",
HGHU-TW-002567,角色與劇情,我知道……你們能做什麼……,"{""brace_token"":[],""escaped_control"":[],""literal_newline"":[],""markup_tag"":[],""printf_token"":[],""var_tag"":[]}",
HGHU-TW-002568,角色與劇情,哈哈哈哈！,"{""brace_token"":[],""escaped_control"":[],""literal_newline"":[],""markup_tag"":[],""printf_token"":[],""var_tag"":[]}",
HGHU-TW-002569,角色與劇情,所以你們<hgh_f c=0>終於</hgh_f>準備好戰鬥了嗎？,"{""brace_token"":[],""escaped_control"":[],""literal_newline"":[],""markup_tag"":[""</hgh_f>"",""<hgh_f c=0>""],""printf_token"":[],""var_tag"":[]}",
HGHU-TW-002570,角色與劇情,那就<hgh_f c=0>讓我看看吧</hgh_f>！,"{""brace_token"":[],""escaped_control"":[],""literal_newline"":[],""markup_tag"":[""</hgh_f>"",""<hgh_f c=0>""],""printf_token"":[],""var_tag"":[]}",
HGHU-TW-002571,角色與劇情,<hgh_f c=0>來吧</hgh_f>！！,"{""brace_token"":[],""escaped_control"":[],""literal_newline"":[],""markup_tag"":[""</hgh_f>"",""<hgh_f c=0>""],""printf_token"":[],""var_tag"":[]}",
HGHU-TW-002572,角色與劇情,<hgh_f c=0>使出你們的全力吧</hgh_f>！！,"{""brace_token"":[],""escaped_control"":[],""literal_newline"":[],""markup_tag"":[""</hgh_f>"",""<hgh_f c=0>""],""printf_token"":[],""var_tag"":[]}",
HGHU-TW-002573,角色與劇情,哈哈哈！,"{""brace_token"":[],""escaped_control"":[],""literal_newline"":[],""markup_tag"":[],""printf_token"":[],""var_tag"":[]}",
HGHU-TW-002574,角色與劇情,那些蠢蛋。,"{""brace_token"":[],""escaped_control"":[],""literal_newline"":[],""markup_tag"":[],""printf_token"":[],""var_tag"":[]}",
HGHU-TW-002575,角色與劇情,他們<hgh_f c=0>又一次</hgh_f>相信你被消滅了。,"{""brace_token"":[],""escaped_control"":[],""literal_newline"":[],""markup_tag"":[""</hgh_f>"",""<hgh_f c=0>""],""printf_token"":[],""var_tag"":[]}",
HGHU-TW-002576,角色與劇情,他們用盡最後一絲力氣，不顧一切地戰鬥。,"{""brace_token"":[],""escaped_control"":[],""literal_newline"":[],""markup_tag"":[],""printf_token"":[],""var_tag"":[]}",
HGHU-TW-002577,角色與劇情,而在擊敗我之後，他們陷入了<hgh_f c=0>絕望</hgh_f>，現在他們<hgh_f c=0>永遠迷失</hgh_f>了。,"{""brace_token"":[],""escaped_control"":[],""literal_newline"":[],""markup_tag"":[""</hgh_f>"",""</hgh_f>"",""<hgh_f c=0>"",""<hgh_f c=0>""],""printf_token"":[],""var_tag"":[]}",
HGHU-TW-002578,角色與劇情,不！,"{""brace_token"":[],""escaped_control"":[],""literal_newline"":[],""markup_tag"":[],""printf_token"":[],""var_tag"":[]}",
HGHU-TW-002579,角色與劇情,噢，是的。,"{""brace_token"":[],""escaped_control"":[],""literal_newline"":[],""markup_tag"":[],""printf_token"":[],""var_tag"":[]}",
HGHU-TW-002580,角色與劇情,我能感覺到……,"{""brace_token"":[],""escaped_control"":[],""literal_newline"":[],""markup_tag"":[],""printf_token"":[],""var_tag"":[]}",
HGHU-TW-002581,角色與劇情,<hgh_f c=0>黑暗在蔓延</hgh_f>……,"{""brace_token"":[],""escaped_control"":[],""literal_newline"":[],""markup_tag"":[""</hgh_f>"",""<hgh_f c=0>""],""printf_token"":[],""var_tag"":[]}",
HGHU-TW-002582,角色與劇情,我的力量在增強……,"{""brace_token"":[],""escaped_control"":[],""literal_newline"":[],""markup_tag"":[],""printf_token"":[],""var_tag"":[]}",
HGHU-TW-002583,角色與劇情,至於你。,"{""brace_token"":[],""escaped_control"":[],""literal_newline"":[],""markup_tag"":[],""printf_token"":[],""var_tag"":[]}",
HGHU-TW-002584,角色與劇情,<hgh_f c=0>失敗</hgh_f>的感覺如何？,"{""brace_token"":[],""escaped_control"":[],""literal_newline"":[],""markup_tag"":[""</hgh_f>"",""<hgh_f c=0>""],""printf_token"":[],""var_tag"":[]}",
HGHU-TW-002585,角色與劇情,如此悲慘地辜負了你的<hgh_f c=0>朋友</hgh_f>和<hgh_f c=0>家人</hgh_f>？,"{""brace_token"":[],""escaped_control"":[],""literal_newline"":[],""markup_tag"":[""</hgh_f>"",""</hgh_f>"",""<hgh_f c=0>"",""<hgh_f c=0>""],""printf_token"":[],""var_tag"":[]}",
HGHU-TW-002586,角色與劇情,拜託，大家還在指望你呢！,"{""brace_token"":[],""escaped_control"":[],""literal_newline"":[],""markup_tag"":[],""printf_token"":[],""var_tag"":[]}",
HGHU-TW-002587,角色與劇情,不。這就是結局。,"{""brace_token"":[],""escaped_control"":[],""literal_newline"":[],""markup_tag"":[],""printf_token"":[],""var_tag"":[]}",
HGHU-TW-002588,角色與劇情,在這裡，在<hgh_f c=0>黑暗</hgh_f>中。,"{""brace_token"":[],""escaped_control"":[],""literal_newline"":[],""markup_tag"":[""</hgh_f>"",""<hgh_f c=0>""],""printf_token"":[],""var_tag"":[]}",
HGHU-TW-002589,角色與劇情,你們可以像可悲的蛆蟲一樣痛苦掙扎！！,"{""brace_token"":[],""escaped_control"":[],""literal_newline"":[],""markup_tag"":[],""printf_token"":[],""var_tag"":[]}",
HGHU-TW-002590,角色與劇情,在一個<hgh_f c=0>沒有人</hgh_f>能救你的地方。,"{""brace_token"":[],""escaped_control"":[],""literal_newline"":[],""markup_tag"":[""</hgh_f>"",""<hgh_f c=0>""],""printf_token"":[],""var_tag"":[]}",
HGHU-TW-002591,角色與劇情,再見了。,"{""brace_token"":[],""escaped_control"":[],""literal_newline"":[],""markup_tag"":[],""printf_token"":[],""var_tag"":[]}",
HGHU-TW-002592,角色與劇情,<hgh_f c=0>住手</hgh_f>！！,"{""brace_token"":[],""escaped_control"":[],""literal_newline"":[],""markup_tag"":[""</hgh_f>"",""<hgh_f c=0>""],""printf_token"":[],""var_tag"":[]}",
HGHU-TW-002593,角色與劇情,<hgh_f c=0>是誰說的</hgh_f>？！,"{""brace_token"":[],""escaped_control"":[],""literal_newline"":[],""markup_tag"":[""</hgh_f>"",""<hgh_f c=0>""],""printf_token"":[],""var_tag"":[]}",
HGHU-TW-002594,角色與劇情,該死！<hgh_f c=0>可惡的你們</hgh_f>！！,"{""brace_token"":[],""escaped_control"":[],""literal_newline"":[],""markup_tag"":[""</hgh_f>"",""<hgh_f c=0>""],""printf_token"":[],""var_tag"":[]}",
HGHU-TW-002595,角色與劇情,我需要<hgh_f c=0>更多時間</hgh_f>！<hgh_f c=0>更多時間</hgh_f>！！,"{""brace_token"":[],""escaped_control"":[],""literal_newline"":[],""markup_tag"":[""</hgh_f>"",""</hgh_f>"",""<hgh_f c=0>"",""<hgh_f c=0>""],""printf_token"":[],""var_tag"":[]}",
HGHU-TW-002596,角色與劇情,在虛無中永遠在折磨裡打滾吧！！,"{""brace_token"":[],""escaped_control"":[],""literal_newline"":[],""markup_tag"":[],""printf_token"":[],""var_tag"":[]}",
HGHU-TW-002597,角色與劇情,史凱……,"{""brace_token"":[],""escaped_control"":[],""literal_newline"":[],""markup_tag"":[],""printf_token"":[],""var_tag"":[]}",
HGHU-TW-002598,角色與劇情,你——你們……,"{""brace_token"":[],""escaped_control"":[],""literal_newline"":[],""markup_tag"":[],""printf_token"":[],""var_tag"":[]}",
HGHU-TW-002599,角色與劇情,你——你們還活著？,"{""brace_token"":[],""escaped_control"":[],""literal_newline"":[],""markup_tag"":[],""printf_token"":[],""var_tag"":[]}",
HGHU-TW-002600,角色與劇情,看來我們終於開始看穿這個邪惡分身的把戲了！,"{""brace_token"":[],""escaped_control"":[],""literal_newline"":[],""markup_tag"":[],""printf_token"":[],""var_tag"":[]}",
HGHU-TW-002601,角色與劇情,她一直把我們分開，讓我們看見<hgh_f c=0>謊言</hgh_f>。,"{""brace_token"":[],""escaped_control"":[],""literal_newline"":[],""markup_tag"":[""</hgh_f>"",""<hgh_f c=0>""],""printf_token"":[],""var_tag"":[]}",
HGHU-TW-002602,角色與劇情,她想讓我們<hgh_f c=0>失去希望</hgh_f>……,"{""brace_token"":[],""escaped_control"":[],""literal_newline"":[],""markup_tag"":[""</hgh_f>"",""<hgh_f c=0>""],""printf_token"":[],""var_tag"":[]}",
HGHU-TW-002603,角色與劇情,並且自己<hgh_f c=0>放棄</hgh_f>！,"{""brace_token"":[],""escaped_control"":[],""literal_newline"":[],""markup_tag"":[""</hgh_f>"",""<hgh_f c=0>""],""printf_token"":[],""var_tag"":[]}",
HGHU-TW-002604,角色與劇情,我稱之為……,"{""brace_token"":[],""escaped_control"":[],""literal_newline"":[],""markup_tag"":[],""printf_token"":[],""var_tag"":[]}",
HGHU-TW-002605,角色與劇情,什——什麼……？,"{""brace_token"":[],""escaped_control"":[],""literal_newline"":[],""markup_tag"":[],""printf_token"":[],""var_tag"":[]}",
HGHU-TW-002606,角色與劇情,真可悲。別理她！,"{""brace_token"":[],""escaped_control"":[],""literal_newline"":[],""markup_tag"":[],""printf_token"":[],""var_tag"":[]}",
HGHU-TW-002607,角色與劇情,桑塔，聽我說。,"{""brace_token"":[],""escaped_control"":[],""literal_newline"":[],""markup_tag"":[],""printf_token"":[],""var_tag"":[]}",
HGHU-TW-002608,角色與劇情,從我有記憶以來，我們就是朋友了。,"{""brace_token"":[],""escaped_control"":[],""literal_newline"":[],""markup_tag"":[],""printf_token"":[],""var_tag"":[]}",
HGHU-TW-002609,角色與劇情,我知道你現在很困惑，而且被<hgh_f c=0>黑暗魔法</hgh_f>包圍了。,"{""brace_token"":[],""escaped_control"":[],""literal_newline"":[],""markup_tag"":[""</hgh_f>"",""<hgh_f c=0>""],""printf_token"":[],""var_tag"":[]}",
HGHU-TW-002610,角色與劇情,但你必須<hgh_f c=0>對抗它</hgh_f>！,"{""brace_token"":[],""escaped_control"":[],""literal_newline"":[],""markup_tag"":[""</hgh_f>"",""<hgh_f c=0>""],""printf_token"":[],""var_tag"":[]}",
HGHU-TW-002611,角色與劇情,掙脫<hgh_f c=0>黑暗</hgh_f>，跟隨你的<hgh_f c=0>心</hgh_f>！,"{""brace_token"":[],""escaped_control"":[],""literal_newline"":[],""markup_tag"":[""</hgh_f>"",""</hgh_f>"",""<hgh_f c=0>"",""<hgh_f c=0>""],""printf_token"":[],""var_tag"":[]}",
HGHU-TW-002612,角色與劇情,桑塔 變得完全<hgh_f c=0>邪惡</hgh_f>了！,"{""brace_token"":[],""escaped_control"":[],""literal_newline"":[],""markup_tag"":[""</hgh_f>"",""<hgh_f c=0>""],""printf_token"":[],""var_tag"":[]}",
HGHU-TW-002613,角色與劇情,桑塔……,"{""brace_token"":[],""escaped_control"":[],""literal_newline"":[],""markup_tag"":[],""printf_token"":[],""var_tag"":[]}",
HGHU-TW-002614,角色與劇情,我知道我有時是個很糟糕的朋友，也常常把事情搞砸。,"{""brace_token"":[],""escaped_control"":[],""literal_newline"":[],""markup_tag"":[],""printf_token"":[],""var_tag"":[]}",
HGHU-TW-002615,角色與劇情,但是……我希望你知道，我一直都相信你！,"{""brace_token"":[],""escaped_control"":[],""literal_newline"":[],""markup_tag"":[],""printf_token"":[],""var_tag"":[]}",
HGHU-TW-002616,角色與劇情,你是每個人的<hgh_f c=0>朋友</hgh_f>……,"{""brace_token"":[],""escaped_control"":[],""literal_newline"":[],""markup_tag"":[""</hgh_f>"",""<hgh_f c=0>""],""printf_token"":[],""var_tag"":[]}",
HGHU-TW-002617,角色與劇情,甚至對像我這種大家都害怕的人來說也是……,"{""brace_token"":[],""escaped_control"":[],""literal_newline"":[],""markup_tag"":[],""printf_token"":[],""var_tag"":[]}",
HGHU-TW-002618,角色與劇情,但是時候記起你<hgh_f c=0>到底是誰</hgh_f>了！,"{""brace_token"":[],""escaped_control"":[],""literal_newline"":[],""markup_tag"":[""</hgh_f>"",""<hgh_f c=0>""],""printf_token"":[],""var_tag"":[]}",
HGHU-TW-002619,角色與劇情,找回你的<hgh_f c=0>善良</hgh_f>與<hgh_f c=0>同情心</hgh_f>，然後掙脫吧！,"{""brace_token"":[],""escaped_control"":[],""literal_newline"":[],""markup_tag"":[""</hgh_f>"",""</hgh_f>"",""<hgh_f c=0>"",""<hgh_f c=0>""],""printf_token"":[],""var_tag"":[]}",
HGHU-TW-002620,角色與劇情,桑塔，你在這裡啊。,"{""brace_token"":[],""escaped_control"":[],""literal_newline"":[],""markup_tag"":[],""printf_token"":[],""var_tag"":[]}",
HGHU-TW-002621,角色與劇情,聽著，我知道你只是因為體內的<hgh_f c=0>黑暗魔法</hgh_f>才會舉止怪異。,"{""brace_token"":[],""escaped_control"":[],""literal_newline"":[],""markup_tag"":[""</hgh_f>"",""<hgh_f c=0>""],""printf_token"":[],""var_tag"":[]}",
HGHU-TW-002622,角色與劇情,但是你的叔叔真的很擔心。,"{""brace_token"":[],""escaped_control"":[],""literal_newline"":[],""markup_tag"":[],""printf_token"":[],""var_tag"":[]}",
HGHU-TW-002623,角色與劇情,我們都很擔心。,"{""brace_token"":[],""escaped_control"":[],""literal_newline"":[],""markup_tag"":[],""printf_token"":[],""var_tag"":[]}",
HGHU-TW-002624,角色與劇情,我知道你絕不會放棄我們，所以<hgh_f c=0>我們也不會放棄你</hgh_f>！,"{""brace_token"":[],""escaped_control"":[],""literal_newline"":[],""markup_tag"":[""</hgh_f>"",""<hgh_f c=0>""],""printf_token"":[],""var_tag"":[]}",
HGHU-TW-002625,角色與劇情,找掩護！！,"{""brace_token"":[],""escaped_control"":[],""literal_newline"":[],""markup_tag"":[],""printf_token"":[],""var_tag"":[]}",
HGHU-TW-002626,角色與劇情,找回你的<hgh_f c=0>力量</hgh_f>與<hgh_f c=0>勇氣</hgh_f>吧！,"{""brace_token"":[],""escaped_control"":[],""literal_newline"":[],""markup_tag"":[""</hgh_f>"",""</hgh_f>"",""<hgh_f c=0>"",""<hgh_f c=0>""],""printf_token"":[],""var_tag"":[]}",
HGHU-TW-002627,角色與劇情,<hgh_f c=0>不——不要</hgh_f>！！<hgh_f c=0>不要</hgh_f>！！,"{""brace_token"":[],""escaped_control"":[],""literal_newline"":[],""markup_tag"":[""</hgh_f>"",""</hgh_f>"",""<hgh_f c=0>"",""<hgh_f c=0>""],""printf_token"":[],""var_tag"":[]}",
HGHU-TW-002628,角色與劇情,別相信她的謊言！,"{""brace_token"":[],""escaped_control"":[],""literal_newline"":[],""markup_tag"":[],""printf_token"":[],""var_tag"":[]}",
HGHU-TW-002629,角色與劇情,<hgh_f c=0>醒醒</hgh_f>！,"{""brace_token"":[],""escaped_control"":[],""literal_newline"":[],""markup_tag"":[""</hgh_f>"",""<hgh_f c=0>""],""printf_token"":[],""var_tag"":[]}",
HGHU-TW-002630,角色與劇情,<hgh_f c=0>醒醒</hgh_f>並且<hgh_f c=0>戰鬥</hgh_f>！！,"{""brace_token"":[],""escaped_control"":[],""literal_newline"":[],""markup_tag"":[""</hgh_f>"",""</hgh_f>"",""<hgh_f c=0>"",""<hgh_f c=0>""],""printf_token"":[],""var_tag"":[]}",
HGHU-TW-002631,角色與劇情,什麼……,"{""brace_token"":[],""escaped_control"":[],""literal_newline"":[],""markup_tag"":[],""printf_token"":[],""var_tag"":[]}",
HGHU-TW-002632,角色與劇情,發生了什麼事？,"{""brace_token"":[],""escaped_control"":[],""literal_newline"":[],""markup_tag"":[],""printf_token"":[],""var_tag"":[]}",
HGHU-TW-002633,角色與劇情,我在哪裡？,"{""brace_token"":[],""escaped_control"":[],""literal_newline"":[],""markup_tag"":[],""printf_token"":[],""var_tag"":[]}",
HGHU-TW-002634,角色與劇情,我們已經呼喚你好幾個小時了！,"{""brace_token"":[],""escaped_control"":[],""literal_newline"":[],""markup_tag"":[],""printf_token"":[],""var_tag"":[]}",
HGHU-TW-002635,角色與劇情,你還好嗎？,"{""brace_token"":[],""escaped_control"":[],""literal_newline"":[],""markup_tag"":[],""printf_token"":[],""var_tag"":[]}",
HGHU-TW-002636,角色與劇情,我還以為你會……,"{""brace_token"":[],""escaped_control"":[],""literal_newline"":[],""markup_tag"":[],""printf_token"":[],""var_tag"":[]}",
HGHU-TW-002637,角色與劇情,趴下！,"{""brace_token"":[],""escaped_control"":[],""literal_newline"":[],""markup_tag"":[],""printf_token"":[],""var_tag"":[]}",
HGHU-TW-002638,角色與劇情,噓……給她一點時間。,"{""brace_token"":[],""escaped_control"":[],""literal_newline"":[],""markup_tag"":[],""printf_token"":[],""var_tag"":[]}",
HGHU-TW-002639,角色與劇情,妳感覺如何？,"{""brace_token"":[],""escaped_control"":[],""literal_newline"":[],""markup_tag"":[],""printf_token"":[],""var_tag"":[]}",
HGHU-TW-002640,角色與劇情,我很好，我想……,"{""brace_token"":[],""escaped_control"":[],""literal_newline"":[],""markup_tag"":[],""printf_token"":[],""var_tag"":[]}",
HGHU-TW-002641,角色與劇情,妳被<hgh_f c=0>黑暗魔法</hgh_f>控制了。,"{""brace_token"":[],""escaped_control"":[],""literal_newline"":[],""markup_tag"":[""</hgh_f>"",""<hgh_f c=0>""],""printf_token"":[],""var_tag"":[]}",
HGHU-TW-002642,角色與劇情,我想，這都是我的錯。,"{""brace_token"":[],""escaped_control"":[],""literal_newline"":[],""markup_tag"":[],""printf_token"":[],""var_tag"":[]}",
HGHU-TW-002643,角色與劇情,不，叔叔……,"{""brace_token"":[],""escaped_control"":[],""literal_newline"":[],""markup_tag"":[],""printf_token"":[],""var_tag"":[]}",
HGHU-TW-002644,角色與劇情,是我的錯。,"{""brace_token"":[],""escaped_control"":[],""literal_newline"":[],""markup_tag"":[],""printf_token"":[],""var_tag"":[]}",
HGHU-TW-002645,角色與劇情,我太渴望成為鎮民期望的那個<hgh_f c=0>英雄</hgh_f>了。,"{""brace_token"":[],""escaped_control"":[],""literal_newline"":[],""markup_tag"":[""</hgh_f>"",""<hgh_f c=0>""],""printf_token"":[],""var_tag"":[]}",
HGHU-TW-002646,角色與劇情,但在過程中，我變得只相信我的<hgh_f c=0>精靈血統</hgh_f>……,"{""brace_token"":[],""escaped_control"":[],""literal_newline"":[],""markup_tag"":[""</hgh_f>"",""<hgh_f c=0>""],""printf_token"":[],""var_tag"":[]}",
HGHU-TW-002647,角色與劇情,……並且看輕了我的<hgh_f c=0>人類血統</hgh_f>。,"{""brace_token"":[],""escaped_control"":[],""literal_newline"":[],""markup_tag"":[""</hgh_f>"",""<hgh_f c=0>""],""printf_token"":[],""var_tag"":[]}",
HGHU-TW-002648,角色與劇情,但今天我學到了一件事。,"{""brace_token"":[],""escaped_control"":[],""literal_newline"":[],""markup_tag"":[],""printf_token"":[],""var_tag"":[]}",
HGHU-TW-002649,角色與劇情,那就是如果沒有我人類朋友們的幫助，我現在一定已經<hgh_f c=0>迷失</hgh_f>了。,"{""brace_token"":[],""escaped_control"":[],""literal_newline"":[],""markup_tag"":[""</hgh_f>"",""<hgh_f c=0>""],""printf_token"":[],""var_tag"":[]}",
HGHU-TW-002650,角色與劇情,<hgh_f c=0>黑暗魔法</hgh_f>以我的恐懼為食，並讓它們反噬我。,"{""brace_token"":[],""escaped_control"":[],""literal_newline"":[],""markup_tag"":[""</hgh_f>"",""<hgh_f c=0>""],""printf_token"":[],""var_tag"":[]}",
HGHU-TW-002651,角色與劇情,我讓你們大家都陷入了危險……,"{""brace_token"":[],""escaped_control"":[],""literal_newline"":[],""markup_tag"":[],""printf_token"":[],""var_tag"":[]}",
HGHU-TW-002652,角色與劇情,對不起。,"{""brace_token"":[],""escaped_control"":[],""literal_newline"":[],""markup_tag"":[],""printf_token"":[],""var_tag"":[]}",
HGHU-TW-002653,角色與劇情,妳能回來我們就很高興了。,"{""brace_token"":[],""escaped_control"":[],""literal_newline"":[],""markup_tag"":[],""printf_token"":[],""var_tag"":[]}",
HGHU-TW-002654,角色與劇情,恕我直言，我開始覺得妳的<hgh_f c=0>人類血統</hgh_f>才是妳<hgh_f c=0>更強大</hgh_f>的一面！,"{""brace_token"":[],""escaped_control"":[],""literal_newline"":[],""markup_tag"":[""</hgh_f>"",""</hgh_f>"",""<hgh_f c=0>"",""<hgh_f c=0>""],""printf_token"":[],""var_tag"":[]}",
HGHU-TW-002655,角色與劇情,嘿——謝謝叔叔。,"{""brace_token"":[],""escaped_control"":[],""literal_newline"":[],""markup_tag"":[],""printf_token"":[],""var_tag"":[]}",
HGHU-TW-002656,角色與劇情,妳能回來真是太好了。,"{""brace_token"":[],""escaped_control"":[],""literal_newline"":[],""markup_tag"":[],""printf_token"":[],""var_tag"":[]}",
HGHU-TW-002657,角色與劇情,我要把你們全毀了！！,"{""brace_token"":[],""escaped_control"":[],""literal_newline"":[],""markup_tag"":[],""printf_token"":[],""var_tag"":[]}",
HGHU-TW-002658,角色與劇情,現在妳知道了吧！,"{""brace_token"":[],""escaped_control"":[],""literal_newline"":[],""markup_tag"":[],""printf_token"":[],""var_tag"":[]}",
HGHU-TW-002659,角色與劇情,我們絕對不會放棄妳的！,"{""brace_token"":[],""escaped_control"":[],""literal_newline"":[],""markup_tag"":[],""printf_token"":[],""var_tag"":[]}",
HGHU-TW-002660,角色與劇情,好！,"{""brace_token"":[],""escaped_control"":[],""literal_newline"":[],""markup_tag"":[],""printf_token"":[],""var_tag"":[]}",
HGHU-TW-002661,角色與劇情,我們沒有時間可以浪費了！,"{""brace_token"":[],""escaped_control"":[],""literal_newline"":[],""markup_tag"":[],""printf_token"":[],""var_tag"":[]}",
HGHU-TW-002662,角色與劇情,我們還得去抓一個<hgh_f c=0>海盜女王</hgh_f>呢！,"{""brace_token"":[],""escaped_control"":[],""literal_newline"":[],""markup_tag"":[""</hgh_f>"",""<hgh_f c=0>""],""printf_token"":[],""var_tag"":[]}",
HGHU-TW-002663,角色與劇情,誰要跟我一起去？,"{""brace_token"":[],""escaped_control"":[],""literal_newline"":[],""markup_tag"":[],""printf_token"":[],""var_tag"":[]}",
HGHU-TW-002664,角色與劇情,啊啊啊啊啊啊啊啊！,"{""brace_token"":[],""escaped_control"":[],""literal_newline"":[],""markup_tag"":[],""printf_token"":[],""var_tag"":[]}",
HGHU-TW-002665,角色與劇情,算我一份！,"{""brace_token"":[],""escaped_control"":[],""literal_newline"":[],""markup_tag"":[],""printf_token"":[],""var_tag"":[]}",
HGHU-TW-002666,角色與劇情,我也是！,"{""brace_token"":[],""escaped_control"":[],""literal_newline"":[],""markup_tag"":[],""printf_token"":[],""var_tag"":[]}",
HGHU-TW-002667,角色與劇情,永遠的朋友！,"{""brace_token"":[],""escaped_control"":[],""literal_newline"":[],""markup_tag"":[],""printf_token"":[],""var_tag"":[]}",
HGHU-TW-002668,角色與劇情,是時候拯救世界了！,"{""brace_token"":[],""escaped_control"":[],""literal_newline"":[],""markup_tag"":[],""printf_token"":[],""var_tag"":[]}",
HGHU-TW-002669,角色與劇情,而這一次……,"{""brace_token"":[],""escaped_control"":[],""literal_newline"":[],""markup_tag"":[],""printf_token"":[],""var_tag"":[]}",
HGHU-TW-002670,角色與劇情,<hgh_f c=0>我們要一起</hgh_f>！,"{""brace_token"":[],""escaped_control"":[],""literal_newline"":[],""markup_tag"":[""</hgh_f>"",""<hgh_f c=0>""],""printf_token"":[],""var_tag"":[]}",
HGHU-TW-002671,角色與劇情,歡迎來到<hgh_f c=0>夢魘領域</hgh_f>！,"{""brace_token"":[],""escaped_control"":[],""literal_newline"":[],""markup_tag"":[""</hgh_f>"",""<hgh_f c=0>""],""printf_token"":[],""var_tag"":[]}",
HGHU-TW-002672,角色與劇情,按下 <IB action=PreviousItem/> 和 <IB action=NextItem/> 來切換英雄！,"{""brace_token"":[],""escaped_control"":[],""literal_newline"":[],""markup_tag"":[""<IB action=NextItem/>"",""<IB action=PreviousItem/>""],""printf_token"":[],""var_tag"":[]}",
HGHU-TW-002673,角色與劇情,試試看吧！,"{""brace_token"":[],""escaped_control"":[],""literal_newline"":[],""markup_tag"":[],""printf_token"":[],""var_tag"":[]}",
HGHU-TW-002674,角色與劇情,史凱、博羅和羅蒂托普斯共用同一個<hgh_f c=0>心血量表</hgh_f>。,"{""brace_token"":[],""escaped_control"":[],""literal_newline"":[],""markup_tag"":[""</hgh_f>"",""<hgh_f c=0>""],""printf_token"":[],""var_tag"":[]}",
HGHU-TW-002675,角色與劇情,務必讓三位英雄都保持健康！,"{""brace_token"":[],""escaped_control"":[],""literal_newline"":[],""markup_tag"":[],""printf_token"":[],""var_tag"":[]}",
HGHU-TW-002676,角色與劇情,<hgh_f c=0>發電機</hgh_f>！,"{""brace_token"":[],""escaped_control"":[],""literal_newline"":[],""markup_tag"":[""</hgh_f>"",""<hgh_f c=0>""],""printf_token"":[],""var_tag"":[]}",
HGHU-TW-002677,角色與劇情,哼。那個愛跳舞的小鬼不會乖乖趴太久的。,"{""brace_token"":[],""escaped_control"":[],""literal_newline"":[],""markup_tag"":[],""printf_token"":[],""var_tag"":[]}",
HGHU-TW-002678,角色與劇情,這次我得徹底解決掉她才行。,"{""brace_token"":[],""escaped_control"":[],""literal_newline"":[],""markup_tag"":[],""printf_token"":[],""var_tag"":[]}",
HGHU-TW-002679,角色與劇情,但首先，我需要那<hgh_f c=0>五個零件</hgh_f>。,"{""brace_token"":[],""escaped_control"":[],""literal_newline"":[],""markup_tag"":[""</hgh_f>"",""<hgh_f c=0>""],""printf_token"":[],""var_tag"":[]}",
HGHU-TW-002680,角色與劇情,如果我沒猜錯的話，<hgh_f c=0>亮片大陸</hgh_f>那群白痴<hgh_f c=0>男爵</hgh_f>那裡，剛好有我需要的零件！,"{""brace_token"":[],""escaped_control"":[],""literal_newline"":[],""markup_tag"":[""</hgh_f>"",""</hgh_f>"",""<hgh_f c=0>"",""<hgh_f c=0>""],""printf_token"":[],""var_tag"":[]}",
HGHU-TW-002681,角色與劇情,那麼，我該先從哪裡找起呢？,"{""brace_token"":[],""escaped_control"":[],""literal_newline"":[],""markup_tag"":[],""printf_token"":[],""var_tag"":[]}",
HGHU-TW-002682,角色與劇情,產生足夠的<hgh_f c=0>能量</hgh_f>來<hgh_f c=0>點亮</hgh_f>整個斯卡托鎮！,"{""brace_token"":[],""escaped_control"":[],""literal_newline"":[],""markup_tag"":[""</hgh_f>"",""</hgh_f>"",""<hgh_f c=0>"",""<hgh_f c=0>""],""printf_token"":[],""var_tag"":[]}",
HGHU-TW-002683,角色與劇情,那些蠢貨根本不是我的對手。,"{""brace_token"":[],""escaped_control"":[],""literal_newline"":[],""markup_tag"":[],""printf_token"":[],""var_tag"":[]}",
HGHU-TW-002684,角色與劇情,現在來仔細看看這個<hgh_f c=0>黑暗魔法</hgh_f>。,"{""brace_token"":[],""escaped_control"":[],""literal_newline"":[],""markup_tag"":[""</hgh_f>"",""<hgh_f c=0>""],""printf_token"":[],""var_tag"":[]}",
HGHU-TW-002685,角色與劇情,嗯……,"{""brace_token"":[],""escaped_control"":[],""literal_newline"":[],""markup_tag"":[],""printf_token"":[],""var_tag"":[]}",
HGHU-TW-002686,角色與劇情,我可以用這個來強化我的海盜裝備和其他能力。,"{""brace_token"":[],""escaped_control"":[],""literal_newline"":[],""markup_tag"":[],""printf_token"":[],""var_tag"":[]}",
HGHU-TW-002687,角色與劇情,我的力量、速度、毅力……,"{""brace_token"":[],""escaped_control"":[],""literal_newline"":[],""markup_tag"":[],""printf_token"":[],""var_tag"":[]}",
HGHU-TW-002688,角色與劇情,我有這麼多令人愉悅的特質，實在無法只選一個！,"{""brace_token"":[],""escaped_control"":[],""literal_newline"":[],""markup_tag"":[],""printf_token"":[],""var_tag"":[]}",
HGHU-TW-002689,角色與劇情,我身上的一切都是如此的完美！,"{""brace_token"":[],""escaped_control"":[],""literal_newline"":[],""markup_tag"":[],""printf_token"":[],""var_tag"":[]}",
HGHU-TW-002690,角色與劇情,（開啟妳的<hgh_f c=0>副畫面</hgh_f>，選擇一個<hgh_f c=0>能力</hgh_f>來升級它！）,"{""brace_token"":[],""escaped_control"":[],""literal_newline"":[],""markup_tag"":[""</hgh_f>"",""</hgh_f>"",""<hgh_f c=0>"",""<hgh_f c=0>""],""printf_token"":[],""var_tag"":[]}",
HGHU-TW-002691,角色與劇情,<hgh_f c=0>海盜襲擊</hgh_f>將會成為過去式！,"{""brace_token"":[],""escaped_control"":[],""literal_newline"":[],""markup_tag"":[""</hgh_f>"",""<hgh_f c=0>""],""printf_token"":[],""var_tag"":[]}",
HGHU-TW-002692,角色與劇情,呵呵呵！我能感覺到<hgh_f c=0>黑暗魔法</hgh_f>正在發揮作用！,"{""brace_token"":[],""escaped_control"":[],""literal_newline"":[],""markup_tag"":[""</hgh_f>"",""<hgh_f c=0>""],""printf_token"":[],""var_tag"":[]}",
HGHU-TW-002693,角色與劇情,那麼，我接下來該去哪裡找呢？,"{""brace_token"":[],""escaped_control"":[],""literal_newline"":[],""markup_tag"":[],""printf_token"":[],""var_tag"":[]}",
HGHU-TW-002694,角色與劇情,上一個區域根本是小兒科。,"{""brace_token"":[],""escaped_control"":[],""literal_newline"":[],""markup_tag"":[],""printf_token"":[],""var_tag"":[]}",
HGHU-TW-002695,角色與劇情,那麼，我們來仔細看看這顆<hgh_f c=0>精靈水晶</hgh_f>吧？,"{""brace_token"":[],""escaped_control"":[],""literal_newline"":[],""markup_tag"":[""</hgh_f>"",""<hgh_f c=0>""],""printf_token"":[],""var_tag"":[]}",
HGHU-TW-002696,角色與劇情,嗯……,"{""brace_token"":[],""escaped_control"":[],""literal_newline"":[],""markup_tag"":[],""printf_token"":[],""var_tag"":[]}",
HGHU-TW-002697,角色與劇情,你說了算，叔叔！,"{""brace_token"":[],""escaped_control"":[],""literal_newline"":[],""markup_tag"":[],""printf_token"":[],""var_tag"":[]}",
HGHU-TW-002698,角色與劇情,它似乎會跟其他形式的<hgh_f c=0>光明魔法</hgh_f>產生共鳴。,"{""brace_token"":[],""escaped_control"":[],""literal_newline"":[],""markup_tag"":[""</hgh_f>"",""<hgh_f c=0>""],""printf_token"":[],""var_tag"":[]}",
HGHU-TW-002699,角色與劇情,有了足夠的數量，我就能精確定位<hgh_f c=0>精靈界</hgh_f>的入口了！,"{""brace_token"":[],""escaped_control"":[],""literal_newline"":[],""markup_tag"":[""</hgh_f>"",""<hgh_f c=0>""],""printf_token"":[],""var_tag"":[]}",
HGHU-TW-002700,角色與劇情,那些充滿魔法的偽善者絕對會<hgh_f c=0>措手不及</hgh_f>的！,"{""brace_token"":[],""escaped_control"":[],""literal_newline"":[],""markup_tag"":[""</hgh_f>"",""<hgh_f c=0>""],""printf_token"":[],""var_tag"":[]}",
HGHU-TW-002701,角色與劇情,呵呵呵！,"{""brace_token"":[],""escaped_control"":[],""literal_newline"":[],""markup_tag"":[],""printf_token"":[],""var_tag"":[]}",
HGHU-TW-002702,角色與劇情,那麼，我接下來該去哪裡呢？,"{""brace_token"":[],""escaped_control"":[],""literal_newline"":[],""markup_tag"":[],""printf_token"":[],""var_tag"":[]}",
HGHU-TW-002703,角色與劇情,就是這個！,"{""brace_token"":[],""escaped_control"":[],""literal_newline"":[],""markup_tag"":[],""printf_token"":[],""var_tag"":[]}",
HGHU-TW-002704,角色與劇情,現在我有了<hgh_f c=0>最後一顆水晶</hgh_f>，我就能<hgh_f c=0>定位</hgh_f><hgh_f c=0>精靈界</hgh_f>了！,"{""brace_token"":[],""escaped_control"":[],""literal_newline"":[],""markup_tag"":[""</hgh_f>"",""</hgh_f>"",""</hgh_f>"",""<hgh_f c=0>"",""<hgh_f c=0>"",""<hgh_f c=0>""],""printf_token"":[],""var_tag"":[]}",
HGHU-TW-002705,角色與劇情,那麼，大家都準備好了嗎？,"{""brace_token"":[],""escaped_control"":[],""literal_newline"":[],""markup_tag"":[],""printf_token"":[],""var_tag"":[]}",
HGHU-TW-002706,角色與劇情,小的們！,"{""brace_token"":[],""escaped_control"":[],""literal_newline"":[],""markup_tag"":[],""printf_token"":[],""var_tag"":[]}",
HGHU-TW-002707,角色與劇情,把它們綁在一起，然後……,"{""brace_token"":[],""escaped_control"":[],""literal_newline"":[],""markup_tag"":[],""printf_token"":[],""var_tag"":[]}",
HGHU-TW-002708,角色與劇情,什麼？,"{""brace_token"":[],""escaped_control"":[],""literal_newline"":[],""markup_tag"":[],""printf_token"":[],""var_tag"":[]}",
HGHU-TW-002709,角色與劇情,你說我們沒有<hgh_f c=0>全部 5 個零件</hgh_f>是什麼意思？,"{""brace_token"":[],""escaped_control"":[],""literal_newline"":[],""markup_tag"":[""</hgh_f>"",""<hgh_f c=0>""],""printf_token"":[],""var_tag"":[]}",
HGHU-TW-002710,角色與劇情,我不是叫你們這些蠢貨提醒我嗎！,"{""brace_token"":[],""escaped_control"":[],""literal_newline"":[],""markup_tag"":[],""printf_token"":[],""var_tag"":[]}",
HGHU-TW-002711,角色與劇情,這<hgh_f c=0>全都是你們的錯</hgh_f>！,"{""brace_token"":[],""escaped_control"":[],""literal_newline"":[],""markup_tag"":[""</hgh_f>"",""<hgh_f c=0>""],""printf_token"":[],""var_tag"":[]}",
HGHU-TW-002712,角色與劇情,唉。,"{""brace_token"":[],""escaped_control"":[],""literal_newline"":[],""markup_tag"":[],""printf_token"":[],""var_tag"":[]}",
HGHU-TW-002713,角色與劇情,啟動吧！,"{""brace_token"":[],""escaped_control"":[],""literal_newline"":[],""markup_tag"":[],""printf_token"":[],""var_tag"":[]}",
HGHU-TW-002714,角色與劇情,就像俗話說的，如果你想把事情做<hgh_f c=0>對</hgh_f>……,"{""brace_token"":[],""escaped_control"":[],""literal_newline"":[],""markup_tag"":[""</hgh_f>"",""<hgh_f c=0>""],""printf_token"":[],""var_tag"":[]}",
HGHU-TW-002715,角色與劇情,你得命令別人幫你做……,"{""brace_token"":[],""escaped_control"":[],""literal_newline"":[],""markup_tag"":[],""printf_token"":[],""var_tag"":[]}",
HGHU-TW-002716,角色與劇情,讓他們<hgh_f c=0>失敗</hgh_f>……,"{""brace_token"":[],""escaped_control"":[],""literal_newline"":[],""markup_tag"":[""</hgh_f>"",""<hgh_f c=0>""],""printf_token"":[],""var_tag"":[]}",
HGHU-TW-002717,角色與劇情,然後再<hgh_f c=0>自己動手</hgh_f>！！,"{""brace_token"":[],""escaped_control"":[],""literal_newline"":[],""markup_tag"":[""</hgh_f>"",""<hgh_f c=0>""],""printf_token"":[],""var_tag"":[]}",
HGHU-TW-002718,角色與劇情,呃。這年頭當個暴君海盜船長真難。,"{""brace_token"":[],""escaped_control"":[],""literal_newline"":[],""markup_tag"":[],""printf_token"":[],""var_tag"":[]}",
HGHU-TW-002719,角色與劇情,現在我要去哪裡找剩下的那<hgh_f c=0>五個零件</hgh_f>呢？,"{""brace_token"":[],""escaped_control"":[],""literal_newline"":[],""markup_tag"":[""</hgh_f>"",""<hgh_f c=0>""],""printf_token"":[],""var_tag"":[]}",
HGHU-TW-002720,角色與劇情,就是這個！,"{""brace_token"":[],""escaped_control"":[],""literal_newline"":[],""markup_tag"":[],""printf_token"":[],""var_tag"":[]}",
HGHU-TW-002721,角色與劇情,都準備好了！,"{""brace_token"":[],""escaped_control"":[],""literal_newline"":[],""markup_tag"":[],""printf_token"":[],""var_tag"":[]}",
HGHU-TW-002722,角色與劇情,現在我已經收集齊<hgh_f c=0>全部 5 個零件</hgh_f>了，我可以使用我的<hgh_f c=0>精靈水晶</hgh_f>來定位精靈界的位置了！,"{""brace_token"":[],""escaped_control"":[],""literal_newline"":[],""markup_tag"":[""</hgh_f>"",""</hgh_f>"",""<hgh_f c=0>"",""<hgh_f c=0>""],""printf_token"":[],""var_tag"":[]}",
HGHU-TW-002723,角色與劇情,小的們！,"{""brace_token"":[],""escaped_control"":[],""literal_newline"":[],""markup_tag"":[],""printf_token"":[],""var_tag"":[]}",
HGHU-TW-002724,角色與劇情,是時候組裝<hgh_f c=0>全新</hgh_f>且<hgh_f c=0>改良版的發電機</hgh_f>了！,"{""brace_token"":[],""escaped_control"":[],""literal_newline"":[],""markup_tag"":[""</hgh_f>"",""</hgh_f>"",""<hgh_f c=0>"",""<hgh_f c=0>""],""printf_token"":[],""var_tag"":[]}",
HGHU-TW-002725,角色與劇情,把那些精靈水晶綁在一起，然後……,"{""brace_token"":[],""escaped_control"":[],""literal_newline"":[],""markup_tag"":[],""printf_token"":[],""var_tag"":[]}",
HGHU-TW-002726,角色與劇情,什麼？,"{""brace_token"":[],""escaped_control"":[],""literal_newline"":[],""markup_tag"":[],""printf_token"":[],""var_tag"":[]}",
HGHU-TW-002727,角色與劇情,你說我們沒有足夠的水晶是什麼意思？！,"{""brace_token"":[],""escaped_control"":[],""literal_newline"":[],""markup_tag"":[],""printf_token"":[],""var_tag"":[]}",
HGHU-TW-002728,角色與劇情,提醒我可是<hgh_f c=0>你的工作</hgh_f>！,"{""brace_token"":[],""escaped_control"":[],""literal_newline"":[],""markup_tag"":[""</hgh_f>"",""<hgh_f c=0>""],""printf_token"":[],""var_tag"":[]}",
HGHU-TW-002729,角色與劇情,我希望它會爆炸！,"{""brace_token"":[],""escaped_control"":[],""literal_newline"":[],""markup_tag"":[],""printf_token"":[],""var_tag"":[]}",
HGHU-TW-002730,角色與劇情,這<hgh_f c=0>全都是你們的錯</hgh_f>！,"{""brace_token"":[],""escaped_control"":[],""literal_newline"":[],""markup_tag"":[""</hgh_f>"",""<hgh_f c=0>""],""printf_token"":[],""var_tag"":[]}",
HGHU-TW-002731,角色與劇情,唉。,"{""brace_token"":[],""escaped_control"":[],""literal_newline"":[],""markup_tag"":[],""printf_token"":[],""var_tag"":[]}",
HGHU-TW-002732,角色與劇情,就像俗話說的，如果你想把事情做<hgh_f c=0>對</hgh_f>……,"{""brace_token"":[],""escaped_control"":[],""literal_newline"":[],""markup_tag"":[""</hgh_f>"",""<hgh_f c=0>""],""printf_token"":[],""var_tag"":[]}",
HGHU-TW-002733,角色與劇情,你得命令別人幫你做……,"{""brace_token"":[],""escaped_control"":[],""literal_newline"":[],""markup_tag"":[],""printf_token"":[],""var_tag"":[]}",
HGHU-TW-002734,角色與劇情,讓他們<hgh_f c=0>失敗</hgh_f>……,"{""brace_token"":[],""escaped_control"":[],""literal_newline"":[],""markup_tag"":[""</hgh_f>"",""<hgh_f c=0>""],""printf_token"":[],""var_tag"":[]}",
HGHU-TW-002735,角色與劇情,然後再<hgh_f c=0>自己動手</hgh_f>！！,"{""brace_token"":[],""escaped_control"":[],""literal_newline"":[],""markup_tag"":[""</hgh_f>"",""<hgh_f c=0>""],""printf_token"":[],""var_tag"":[]}",
HGHU-TW-002736,角色與劇情,呃。這年頭當個暴君海盜船長真難。,"{""brace_token"":[],""escaped_control"":[],""literal_newline"":[],""markup_tag"":[],""printf_token"":[],""var_tag"":[]}",
HGHU-TW-002737,角色與劇情,現在我要去哪裡找剩下的那些<hgh_f c=0>精靈水晶</hgh_f>呢？,"{""brace_token"":[],""escaped_control"":[],""literal_newline"":[],""markup_tag"":[""</hgh_f>"",""<hgh_f c=0>""],""printf_token"":[],""var_tag"":[]}",
HGHU-TW-002738,角色與劇情,好！,"{""brace_token"":[],""escaped_control"":[],""literal_newline"":[],""markup_tag"":[],""printf_token"":[],""var_tag"":[]}",
HGHU-TW-002739,角色與劇情,終於！時機已到！,"{""brace_token"":[],""escaped_control"":[],""literal_newline"":[],""markup_tag"":[],""printf_token"":[],""var_tag"":[]}",
HGHU-TW-002740,角色與劇情,現在我已經擁有了<hgh_f c=0>全部五個零件</hgh_f>和<hgh_f c=0>每一顆精靈水晶</hgh_f>……,"{""brace_token"":[],""escaped_control"":[],""literal_newline"":[],""markup_tag"":[""</hgh_f>"",""</hgh_f>"",""<hgh_f c=0>"",""<hgh_f c=0>""],""printf_token"":[],""var_tag"":[]}",
HGHU-TW-002741,角色與劇情,是時候執行我的計畫了！,"{""brace_token"":[],""escaped_control"":[],""literal_newline"":[],""markup_tag"":[],""printf_token"":[],""var_tag"":[]}",
HGHU-TW-002742,角色與劇情,小的們！,"{""brace_token"":[],""escaped_control"":[],""literal_newline"":[],""markup_tag"":[],""printf_token"":[],""var_tag"":[]}",
HGHU-TW-002743,角色與劇情,這些精靈仙女棒會<hgh_f c=0>精確地</hgh_f>告訴我該在哪裡使用<hgh_f c=0>發電機</hgh_f>。,"{""brace_token"":[],""escaped_control"":[],""literal_newline"":[],""markup_tag"":[""</hgh_f>"",""</hgh_f>"",""<hgh_f c=0>"",""<hgh_f c=0>""],""printf_token"":[],""var_tag"":[]}",
HGHU-TW-002744,角色與劇情,把所有的水晶都綁在一起，然後掛到桅杆上。,"{""brace_token"":[],""escaped_control"":[],""literal_newline"":[],""markup_tag"":[],""printf_token"":[],""var_tag"":[]}",
HGHU-TW-002745,角色與劇情,把船開向<hgh_f c=0>諧波共鳴</hgh_f><hgh_f c=0>最強</hgh_f>的地方。,"{""brace_token"":[],""escaped_control"":[],""literal_newline"":[],""markup_tag"":[""</hgh_f>"",""</hgh_f>"",""<hgh_f c=0>"",""<hgh_f c=0>""],""printf_token"":[],""var_tag"":[]}",
HGHU-TW-002746,角色與劇情,豁出去了！,"{""brace_token"":[],""escaped_control"":[],""literal_newline"":[],""markup_tag"":[],""printf_token"":[],""var_tag"":[]}",
HGHU-TW-002747,角色與劇情,明白了嗎？,"{""brace_token"":[],""escaped_control"":[],""literal_newline"":[],""markup_tag"":[],""printf_token"":[],""var_tag"":[]}",
HGHU-TW-002748,角色與劇情,嗯？,"{""brace_token"":[],""escaped_control"":[],""literal_newline"":[],""markup_tag"":[],""printf_token"":[],""var_tag"":[]}",
HGHU-TW-002749,角色與劇情,你們這些蠢貨還在等什麼？聽從我的命令！,"{""brace_token"":[],""escaped_control"":[],""literal_newline"":[],""markup_tag"":[],""printf_token"":[],""var_tag"":[]}",
HGHU-TW-002750,角色與劇情,讓我看看！,"{""brace_token"":[],""escaped_control"":[],""literal_newline"":[],""markup_tag"":[],""printf_token"":[],""var_tag"":[]}",
HGHU-TW-002751,角色與劇情,人類世界和精靈界之間的屏障在哪裡最薄弱？,"{""brace_token"":[],""escaped_control"":[],""literal_newline"":[],""markup_tag"":[],""printf_token"":[],""var_tag"":[]}",
HGHU-TW-002752,角色與劇情,大家都過來！,"{""brace_token"":[],""escaped_control"":[],""literal_newline"":[],""markup_tag"":[],""printf_token"":[],""var_tag"":[]}",
HGHU-TW-002753,角色與劇情,就是那裡！,"{""brace_token"":[],""escaped_control"":[],""literal_newline"":[],""markup_tag"":[],""printf_token"":[],""var_tag"":[]}",
HGHU-TW-002754,角色與劇情,我們世界之間的屏障在<hgh_f c=0>那一點</hgh_f>是<hgh_f c=0>最薄弱</hgh_f>的。,"{""brace_token"":[],""escaped_control"":[],""literal_newline"":[],""markup_tag"":[""</hgh_f>"",""</hgh_f>"",""<hgh_f c=0>"",""<hgh_f c=0>""],""printf_token"":[],""var_tag"":[]}",
HGHU-TW-002755,角色與劇情,小的們！,"{""brace_token"":[],""escaped_control"":[],""literal_newline"":[],""markup_tag"":[],""printf_token"":[],""var_tag"":[]}",
HGHU-TW-002756,角色與劇情,這座火山將會是一個<hgh_f c=0>合適的熔爐</hgh_f>，用來鍛造我全新且改良版的<hgh_f c=0>發電機</hgh_f>！,"{""brace_token"":[],""escaped_control"":[],""literal_newline"":[],""markup_tag"":[""</hgh_f>"",""</hgh_f>"",""<hgh_f c=0>"",""<hgh_f c=0>""],""printf_token"":[],""var_tag"":[]}",
HGHU-TW-002757,角色與劇情,準備出發！,"{""brace_token"":[],""escaped_control"":[],""literal_newline"":[],""markup_tag"":[],""printf_token"":[],""var_tag"":[]}",
HGHU-TW-002758,角色與劇情,太棒了！,"{""brace_token"":[],""escaped_control"":[],""literal_newline"":[],""markup_tag"":[],""printf_token"":[],""var_tag"":[]}",
HGHU-TW-002759,角色與劇情,有了這個<hgh_f c=0>零件</hgh_f>在手，我就能讓我的<hgh_f c=0>發電機</hgh_f>變得更強大！,"{""brace_token"":[],""escaped_control"":[],""literal_newline"":[],""markup_tag"":[""</hgh_f>"",""</hgh_f>"",""<hgh_f c=0>"",""<hgh_f c=0>""],""printf_token"":[],""var_tag"":[]}",
HGHU-TW-002760,角色與劇情,嗯？這是給我的嗎？,"{""brace_token"":[],""escaped_control"":[],""literal_newline"":[],""markup_tag"":[],""printf_token"":[],""var_tag"":[]}",
HGHU-TW-002761,角色與劇情,幹得好，小的們。,"{""brace_token"":[],""escaped_control"":[],""literal_newline"":[],""markup_tag"":[],""printf_token"":[],""var_tag"":[]}",
HGHU-TW-002762,角色與劇情,我會立刻來測試這頂<hgh_f c=0>海盜帽</hgh_f>。,"{""brace_token"":[],""escaped_control"":[],""literal_newline"":[],""markup_tag"":[""</hgh_f>"",""<hgh_f c=0>""],""printf_token"":[],""var_tag"":[]}",
HGHU-TW-002763,角色與劇情,繼續把那些機關送過來！,"{""brace_token"":[],""escaped_control"":[],""literal_newline"":[],""markup_tag"":[],""printf_token"":[],""var_tag"":[]}",
HGHU-TW-002764,角色與劇情,看起來不錯！,"{""brace_token"":[],""escaped_control"":[],""literal_newline"":[],""markup_tag"":[],""printf_token"":[],""var_tag"":[]}",
HGHU-TW-002765,角色與劇情,太棒了！,"{""brace_token"":[],""escaped_control"":[],""literal_newline"":[],""markup_tag"":[],""printf_token"":[],""var_tag"":[]}",
HGHU-TW-002766,角色與劇情,有了這個<hgh_f c=0>零件</hgh_f>在手，我就能讓我的<hgh_f c=0>發電機</hgh_f>變得更強大！,"{""brace_token"":[],""escaped_control"":[],""literal_newline"":[],""markup_tag"":[""</hgh_f>"",""</hgh_f>"",""<hgh_f c=0>"",""<hgh_f c=0>""],""printf_token"":[],""var_tag"":[]}",
HGHU-TW-002767,角色與劇情,嗯？這是給我的嗎？,"{""brace_token"":[],""escaped_control"":[],""literal_newline"":[],""markup_tag"":[],""printf_token"":[],""var_tag"":[]}",
HGHU-TW-002768,角色與劇情,幹得好，小的們。,"{""brace_token"":[],""escaped_control"":[],""literal_newline"":[],""markup_tag"":[],""printf_token"":[],""var_tag"":[]}",
HGHU-TW-002769,角色與劇情,我會立刻來測試這個<hgh_f c=0>抓鉤</hgh_f>。,"{""brace_token"":[],""escaped_control"":[],""literal_newline"":[],""markup_tag"":[""</hgh_f>"",""<hgh_f c=0>""],""printf_token"":[],""var_tag"":[]}",
HGHU-TW-002770,角色與劇情,繼續把那些機關送過來！,"{""brace_token"":[],""escaped_control"":[],""literal_newline"":[],""markup_tag"":[],""printf_token"":[],""var_tag"":[]}",
HGHU-TW-002771,角色與劇情,太棒了！,"{""brace_token"":[],""escaped_control"":[],""literal_newline"":[],""markup_tag"":[],""printf_token"":[],""var_tag"":[]}",
HGHU-TW-002772,角色與劇情,有了這個<hgh_f c=0>零件</hgh_f>在手，我就能讓我的<hgh_f c=0>發電機</hgh_f>變得更強大！,"{""brace_token"":[],""escaped_control"":[],""literal_newline"":[],""markup_tag"":[""</hgh_f>"",""</hgh_f>"",""<hgh_f c=0>"",""<hgh_f c=0>""],""printf_token"":[],""var_tag"":[]}",
HGHU-TW-002773,角色與劇情,嗯？這是給我的嗎？,"{""brace_token"":[],""escaped_control"":[],""literal_newline"":[],""markup_tag"":[],""printf_token"":[],""var_tag"":[]}",
HGHU-TW-002774,角色與劇情,幹得好，小的們。,"{""brace_token"":[],""escaped_control"":[],""literal_newline"":[],""markup_tag"":[],""printf_token"":[],""var_tag"":[]}",
HGHU-TW-002775,角色與劇情,我會立刻來測試這個<hgh_f c=0>海妖球</hgh_f>。,"{""brace_token"":[],""escaped_control"":[],""literal_newline"":[],""markup_tag"":[""</hgh_f>"",""<hgh_f c=0>""],""printf_token"":[],""var_tag"":[]}",
HGHU-TW-002776,角色與劇情,繼續把那些機關送過來！,"{""brace_token"":[],""escaped_control"":[],""literal_newline"":[],""markup_tag"":[],""printf_token"":[],""var_tag"":[]}",
HGHU-TW-002777,角色與劇情,太棒了！,"{""brace_token"":[],""escaped_control"":[],""literal_newline"":[],""markup_tag"":[],""printf_token"":[],""var_tag"":[]}",
HGHU-TW-002778,角色與劇情,有了這個<hgh_f c=0>零件</hgh_f>在手，我就能讓我的<hgh_f c=0>發電機</hgh_f>變得更強大！,"{""brace_token"":[],""escaped_control"":[],""literal_newline"":[],""markup_tag"":[""</hgh_f>"",""</hgh_f>"",""<hgh_f c=0>"",""<hgh_f c=0>""],""printf_token"":[],""var_tag"":[]}",
HGHU-TW-002779,角色與劇情,呃，那個……,"{""brace_token"":[],""escaped_control"":[],""literal_newline"":[],""markup_tag"":[],""printf_token"":[],""var_tag"":[]}",
HGHU-TW-002780,角色與劇情,嗯？這是給我的嗎？,"{""brace_token"":[],""escaped_control"":[],""literal_newline"":[],""markup_tag"":[],""printf_token"":[],""var_tag"":[]}",
HGHU-TW-002781,角色與劇情,幹得好，小的們。,"{""brace_token"":[],""escaped_control"":[],""literal_newline"":[],""markup_tag"":[],""printf_token"":[],""var_tag"":[]}",
HGHU-TW-002782,角色與劇情,我會立刻來測試這個<hgh_f c=0>炸彈射擊</hgh_f>。,"{""brace_token"":[],""escaped_control"":[],""literal_newline"":[],""markup_tag"":[""</hgh_f>"",""<hgh_f c=0>""],""printf_token"":[],""var_tag"":[]}",
HGHU-TW-002783,角色與劇情,繼續把那些機關送過來！,"{""brace_token"":[],""escaped_control"":[],""literal_newline"":[],""markup_tag"":[],""printf_token"":[],""var_tag"":[]}",
HGHU-TW-002784,角色與劇情,叔叔，發生什麼事了？,"{""brace_token"":[],""escaped_control"":[],""literal_newline"":[],""markup_tag"":[],""printf_token"":[],""var_tag"":[]}",
HGHU-TW-002785,角色與劇情,太棒了！,"{""brace_token"":[],""escaped_control"":[],""literal_newline"":[],""markup_tag"":[],""printf_token"":[],""var_tag"":[]}",
HGHU-TW-002786,角色與劇情,有了這個<hgh_f c=0>零件</hgh_f>在手，我就能讓我的<hgh_f c=0>發電機</hgh_f>變得更強大！,"{""brace_token"":[],""escaped_control"":[],""literal_newline"":[],""markup_tag"":[""</hgh_f>"",""</hgh_f>"",""<hgh_f c=0>"",""<hgh_f c=0>""],""printf_token"":[],""var_tag"":[]}",
HGHU-TW-002787,角色與劇情,嗯？這是給我的嗎？,"{""brace_token"":[],""escaped_control"":[],""literal_newline"":[],""markup_tag"":[],""printf_token"":[],""var_tag"":[]}",
HGHU-TW-002788,角色與劇情,哎呀。這看起來不太妙啊！,"{""brace_token"":[],""escaped_control"":[],""literal_newline"":[],""markup_tag"":[],""printf_token"":[],""var_tag"":[]}",
HGHU-TW-002789,角色與劇情,幹得好，小的們。,"{""brace_token"":[],""escaped_control"":[],""literal_newline"":[],""markup_tag"":[],""printf_token"":[],""var_tag"":[]}",
HGHU-TW-002790,角色與劇情,我會立刻來測試這個<hgh_f c=0>加農砲跳躍</hgh_f>。,"{""brace_token"":[],""escaped_control"":[],""literal_newline"":[],""markup_tag"":[""</hgh_f>"",""<hgh_f c=0>""],""printf_token"":[],""var_tag"":[]}",
HGHU-TW-002791,角色與劇情,繼續把那些機關送過來！,"{""brace_token"":[],""escaped_control"":[],""literal_newline"":[],""markup_tag"":[],""printf_token"":[],""var_tag"":[]}",
HGHU-TW-002792,角色與劇情,啊啊啊！在劇烈運動後泡個放鬆的澡，真是太棒了！,"{""brace_token"":[],""escaped_control"":[],""literal_newline"":[],""markup_tag"":[],""printf_token"":[],""var_tag"":[]}",
HGHU-TW-002793,角色與劇情,小心！它要——,"{""brace_token"":[],""escaped_control"":[],""literal_newline"":[],""markup_tag"":[],""printf_token"":[],""var_tag"":[]}",
HGHU-TW-002794,角色與劇情,我想給你們看看我最新的發明！,"{""brace_token"":[],""escaped_control"":[],""literal_newline"":[],""markup_tag"":[],""printf_token"":[],""var_tag"":[]}",
HGHU-TW-002795,角色與劇情,啊啊啊！距離達成我的目標又近了一步。我幾乎都能「嚐」到勝利的滋味了。,"{""brace_token"":[],""escaped_control"":[],""literal_newline"":[],""markup_tag"":[],""printf_token"":[],""var_tag"":[]}",
HGHU-TW-002796,角色與劇情,啊啊啊！我就是喜歡看到我向他們展示誰才是老大時，他們臉上的表情。,"{""brace_token"":[],""escaped_control"":[],""literal_newline"":[],""markup_tag"":[],""printf_token"":[],""var_tag"":[]}",
HGHU-TW-002797,角色與劇情,對這個窮鄉僻壤發動攻擊，將會成為我竊取所需<hgh_f c=0>零件</hgh_f>的完美誘餌！,"{""brace_token"":[],""escaped_control"":[],""literal_newline"":[],""markup_tag"":[""</hgh_f>"",""<hgh_f c=0>""],""printf_token"":[],""var_tag"":[]}",
HGHU-TW-002798,角色與劇情,呵呵呵！,"{""brace_token"":[],""escaped_control"":[],""literal_newline"":[],""markup_tag"":[],""printf_token"":[],""var_tag"":[]}",
HGHU-TW-002799,角色與劇情,咦？,"{""brace_token"":[],""escaped_control"":[],""literal_newline"":[],""markup_tag"":[],""printf_token"":[],""var_tag"":[]}",
HGHU-TW-002800,角色與劇情,<hgh_f c=0>我的手下們</hgh_f>！,"{""brace_token"":[],""escaped_control"":[],""literal_newline"":[],""markup_tag"":[""</hgh_f>"",""<hgh_f c=0>""],""printf_token"":[],""var_tag"":[]}",
HGHU-TW-002801,角色與劇情,他們怎麼敢不等我就開始！？,"{""brace_token"":[],""escaped_control"":[],""literal_newline"":[],""markup_tag"":[],""printf_token"":[],""var_tag"":[]}",
HGHU-TW-002802,角色與劇情,我得好好懲罰那些討厭的傢伙！,"{""brace_token"":[],""escaped_control"":[],""literal_newline"":[],""markup_tag"":[],""printf_token"":[],""var_tag"":[]}",
HGHU-TW-002803,角色與劇情,你們在這裡啊！,"{""brace_token"":[],""escaped_control"":[],""literal_newline"":[],""markup_tag"":[],""printf_token"":[],""var_tag"":[]}",
HGHU-TW-002804,角色與劇情,沒有我的命令，誰也不准攻擊！聽懂了嗎？,"{""brace_token"":[],""escaped_control"":[],""literal_newline"":[],""markup_tag"":[],""printf_token"":[],""var_tag"":[]}",
HGHU-TW-002805,角色與劇情,沒話說了？,"{""brace_token"":[],""escaped_control"":[],""literal_newline"":[],""markup_tag"":[],""printf_token"":[],""var_tag"":[]}",
HGHU-TW-002806,角色與劇情,現在你們簡直是在討打！,"{""brace_token"":[],""escaped_control"":[],""literal_newline"":[],""markup_tag"":[],""printf_token"":[],""var_tag"":[]}",
HGHU-TW-002807,角色與劇情,你們竟敢再反抗我！,"{""brace_token"":[],""escaped_control"":[],""literal_newline"":[],""markup_tag"":[],""printf_token"":[],""var_tag"":[]}",
HGHU-TW-002808,角色與劇情,你們要聽從<hgh_f c=0>我的命令</hgh_f>去燒殺擄掠！,"{""brace_token"":[],""escaped_control"":[],""literal_newline"":[],""markup_tag"":[""</hgh_f>"",""<hgh_f c=0>""],""printf_token"":[],""var_tag"":[]}",
HGHU-TW-002809,角色與劇情,沒有辦法關掉它！,"{""brace_token"":[],""escaped_control"":[],""literal_newline"":[],""markup_tag"":[],""printf_token"":[],""var_tag"":[]}",
HGHU-TW-002810,角色與劇情,聽懂了嗎？,"{""brace_token"":[],""escaped_control"":[],""literal_newline"":[],""markup_tag"":[],""printf_token"":[],""var_tag"":[]}",
HGHU-TW-002811,角色與劇情,現在，起錨！,"{""brace_token"":[],""escaped_control"":[],""literal_newline"":[],""markup_tag"":[],""printf_token"":[],""var_tag"":[]}",
HGHU-TW-002812,角色與劇情,準備出發！！,"{""brace_token"":[],""escaped_control"":[],""literal_newline"":[],""markup_tag"":[],""printf_token"":[],""var_tag"":[]}",
HGHU-TW-002813,角色與劇情,呵呵呵！,"{""brace_token"":[],""escaped_control"":[],""literal_newline"":[],""markup_tag"":[],""printf_token"":[],""var_tag"":[]}",
HGHU-TW-002814,角色與劇情,而且不准丟下你們的船長！,"{""brace_token"":[],""escaped_control"":[],""literal_newline"":[],""markup_tag"":[],""printf_token"":[],""var_tag"":[]}",
HGHU-TW-002815,角色與劇情,呃，那是什麼味道！,"{""brace_token"":[],""escaped_control"":[],""literal_newline"":[],""markup_tag"":[],""printf_token"":[],""var_tag"":[]}",
HGHU-TW-002816,角色與劇情,新鮮空氣。,"{""brace_token"":[],""escaped_control"":[],""literal_newline"":[],""markup_tag"":[],""printf_token"":[],""var_tag"":[]}",
HGHU-TW-002817,角色與劇情,乘著從附近海蝕洞吹來的風，帶著一絲<hgh_f c=0>書呆子的臭味</hgh_f>。,"{""brace_token"":[],""escaped_control"":[],""literal_newline"":[],""markup_tag"":[""</hgh_f>"",""<hgh_f c=0>""],""printf_token"":[],""var_tag"":[]}",
HGHU-TW-002818,角色與劇情,毫無疑問，肯定是那個自以為是的工匠<hgh_f c=0>科技男爵</hgh_f>搞的鬼。,"{""brace_token"":[],""escaped_control"":[],""literal_newline"":[],""markup_tag"":[""</hgh_f>"",""<hgh_f c=0>""],""printf_token"":[],""var_tag"":[]}",
HGHU-TW-002819,角色與劇情,如果那個長著鱗片的小鬼在這附近活動，那我珍貴的<hgh_f c=0>零件</hgh_f>之一可能就在眼前了。,"{""brace_token"":[],""escaped_control"":[],""literal_newline"":[],""markup_tag"":[""</hgh_f>"",""<hgh_f c=0>""],""printf_token"":[],""var_tag"":[]}",
HGHU-TW-002820,角色與劇情,我會找到他的！,"{""brace_token"":[],""escaped_control"":[],""literal_newline"":[],""markup_tag"":[],""printf_token"":[],""var_tag"":[]}",
HGHU-TW-002821,角色與劇情,然後……,"{""brace_token"":[],""escaped_control"":[],""literal_newline"":[],""markup_tag"":[],""printf_token"":[],""var_tag"":[]}",
HGHU-TW-002822,角色與劇情,我就能拿走我想要的東西！,"{""brace_token"":[],""escaped_control"":[],""literal_newline"":[],""markup_tag"":[],""printf_token"":[],""var_tag"":[]}",
HGHU-TW-002823,角色與劇情,呵呵呵！,"{""brace_token"":[],""escaped_control"":[],""literal_newline"":[],""markup_tag"":[],""printf_token"":[],""var_tag"":[]}",
HGHU-TW-002824,角色與劇情,那個科技白痴竟敢試圖阻撓我的計畫？,"{""brace_token"":[],""escaped_control"":[],""literal_newline"":[],""markup_tag"":[],""printf_token"":[],""var_tag"":[]}",
HGHU-TW-002825,角色與劇情,沒有人能違抗我！,"{""brace_token"":[],""escaped_control"":[],""literal_newline"":[],""markup_tag"":[],""printf_token"":[],""var_tag"":[]}",
HGHU-TW-002826,角色與劇情,我要扭斷他粗脖子！如果他有的話。,"{""brace_token"":[],""escaped_control"":[],""literal_newline"":[],""markup_tag"":[],""printf_token"":[],""var_tag"":[]}",
HGHU-TW-002827,角色與劇情,你！給我滾開！,"{""brace_token"":[],""escaped_control"":[],""literal_newline"":[],""markup_tag"":[],""printf_token"":[],""var_tag"":[]}",
HGHU-TW-002828,角色與劇情,我的生產線才剛恢復正常運作，我絕不容許再有任何干擾！,"{""brace_token"":[],""escaped_control"":[],""literal_newline"":[],""markup_tag"":[],""printf_token"":[],""var_tag"":[]}",
HGHU-TW-002829,角色與劇情,嗚呃呃呃！,"{""brace_token"":[],""escaped_control"":[],""literal_newline"":[],""markup_tag"":[],""printf_token"":[],""var_tag"":[]}",
HGHU-TW-002830,角色與劇情,聽好了，你這個小混蛋。,"{""brace_token"":[],""escaped_control"":[],""literal_newline"":[],""markup_tag"":[],""printf_token"":[],""var_tag"":[]}",
HGHU-TW-002831,角色與劇情,我知道你手上有我需要的零件。,"{""brace_token"":[],""escaped_control"":[],""literal_newline"":[],""markup_tag"":[],""printf_token"":[],""var_tag"":[]}",
HGHU-TW-002832,角色與劇情,識相的話就乖乖交出來！,"{""brace_token"":[],""escaped_control"":[],""literal_newline"":[],""markup_tag"":[],""printf_token"":[],""var_tag"":[]}",
HGHU-TW-002833,角色與劇情,沒有人可以這樣對<hgh_f c=0>科技男爵</hgh_f>說話！<hgh_f c=0>沒有人</hgh_f>！,"{""brace_token"":[],""escaped_control"":[],""literal_newline"":[],""markup_tag"":[""</hgh_f>"",""</hgh_f>"",""<hgh_f c=0>"",""<hgh_f c=0>""],""printf_token"":[],""var_tag"":[]}",
HGHU-TW-002834,角色與劇情,嘖嘖。,"{""brace_token"":[],""escaped_control"":[],""literal_newline"":[],""markup_tag"":[],""printf_token"":[],""var_tag"":[]}",
HGHU-TW-002835,角色與劇情,我們可以選擇輕鬆的方式，或者<hgh_f c=0>從頭切到尾</hgh_f>、<hgh_f c=0>開膛破肚的血腥方式</hgh_f>！,"{""brace_token"":[],""escaped_control"":[],""literal_newline"":[],""markup_tag"":[""</hgh_f>"",""</hgh_f>"",""<hgh_f c=0>"",""<hgh_f c=0>""],""printf_token"":[],""var_tag"":[]}",
HGHU-TW-002836,角色與劇情,嘰——哈哈哈哈哈！,"{""brace_token"":[],""escaped_control"":[],""literal_newline"":[],""markup_tag"":[],""printf_token"":[],""var_tag"":[]}",
HGHU-TW-002837,角色與劇情,我喜歡妳的調調！七海女王，是嗎？,"{""brace_token"":[],""escaped_control"":[],""literal_newline"":[],""markup_tag"":[],""printf_token"":[],""var_tag"":[]}",
HGHU-TW-002838,角色與劇情,是 里絲琦・布茲！,"{""brace_token"":[],""escaped_control"":[],""literal_newline"":[],""markup_tag"":[],""printf_token"":[],""var_tag"":[]}",
HGHU-TW-002839,角色與劇情,這個嘛……,"{""brace_token"":[],""escaped_control"":[],""literal_newline"":[],""markup_tag"":[],""printf_token"":[],""var_tag"":[]}",
HGHU-TW-002840,角色與劇情,事實證明，我的<hgh_f c=0>海之女王</hgh_f>可比妳的<hgh_f c=0>大得多</hgh_f>！,"{""brace_token"":[],""escaped_control"":[],""literal_newline"":[],""markup_tag"":[""</hgh_f>"",""</hgh_f>"",""<hgh_f c=0>"",""<hgh_f c=0>""],""printf_token"":[],""var_tag"":[]}",
HGHU-TW-002841,角色與劇情,不過別只聽我說！,"{""brace_token"":[],""escaped_control"":[],""literal_newline"":[],""markup_tag"":[],""printf_token"":[],""var_tag"":[]}",
HGHU-TW-002842,角色與劇情,<hgh_f c=0>海</hgh_f>是自己去<hgh_f c=0>看唄</hgh_f>！,"{""brace_token"":[],""escaped_control"":[],""literal_newline"":[],""markup_tag"":[""</hgh_f>"",""</hgh_f>"",""<hgh_f c=0>"",""<hgh_f c=0>""],""printf_token"":[],""var_tag"":[]}",
HGHU-TW-002843,角色與劇情,嘎啊啊——哈哈哈！,"{""brace_token"":[],""escaped_control"":[],""literal_newline"":[],""markup_tag"":[],""printf_token"":[],""var_tag"":[]}",
HGHU-TW-002844,角色與劇情,我是 里絲琦・布茲，七海女王！,"{""brace_token"":[],""escaped_control"":[],""literal_newline"":[],""markup_tag"":[],""printf_token"":[],""var_tag"":[]}",
HGHU-TW-002845,角色與劇情,搞清楚你的身分，可憐蟲！否則下次我就把你的皮做成靴子，然後把你那隻大魚朋友掛在牆上！,"{""brace_token"":[],""escaped_control"":[],""literal_newline"":[],""markup_tag"":[],""printf_token"":[],""var_tag"":[]}",
HGHU-TW-002846,角色與劇情,我稱之為……,"{""brace_token"":[],""escaped_control"":[],""literal_newline"":[],""markup_tag"":[],""printf_token"":[],""var_tag"":[]}",
HGHU-TW-002847,角色與劇情,聽懂了嗎？！,"{""brace_token"":[],""escaped_control"":[],""literal_newline"":[],""markup_tag"":[],""printf_token"":[],""var_tag"":[]}",
HGHU-TW-002848,角色與劇情,是的，女士！,"{""brace_token"":[],""escaped_control"":[],""literal_newline"":[],""markup_tag"":[],""printf_token"":[],""var_tag"":[]}",
HGHU-TW-002849,角色與劇情,是「是的，船長」！,"{""brace_token"":[],""escaped_control"":[],""literal_newline"":[],""markup_tag"":[],""printf_token"":[],""var_tag"":[]}",
HGHU-TW-002850,角色與劇情,怎樣？你想要什麼，魚臉？,"{""brace_token"":[],""escaped_control"":[],""literal_newline"":[],""markup_tag"":[],""printf_token"":[],""var_tag"":[]}",
HGHU-TW-002851,角色與劇情,別那樣看著我！,"{""brace_token"":[],""escaped_control"":[],""literal_newline"":[],""markup_tag"":[],""printf_token"":[],""var_tag"":[]}",
HGHU-TW-002852,角色與劇情,七海女王！,"{""brace_token"":[],""escaped_control"":[],""literal_newline"":[],""markup_tag"":[],""printf_token"":[],""var_tag"":[]}",
HGHU-TW-002853,角色與劇情,我是個壞蛋！,"{""brace_token"":[],""escaped_control"":[],""literal_newline"":[],""markup_tag"":[],""printf_token"":[],""var_tag"":[]}",
HGHU-TW-002854,角色與劇情,別以為我是「故魚」幫你的！,"{""brace_token"":[],""escaped_control"":[],""literal_newline"":[],""markup_tag"":[],""printf_token"":[],""var_tag"":[]}",
HGHU-TW-002855,角色與劇情,是特地啦！,"{""brace_token"":[],""escaped_control"":[],""literal_newline"":[],""markup_tag"":[],""printf_token"":[],""var_tag"":[]}",
HGHU-TW-002856,角色與劇情,呃啊！算了！,"{""brace_token"":[],""escaped_control"":[],""literal_newline"":[],""markup_tag"":[],""printf_token"":[],""var_tag"":[]}",
HGHU-TW-002857,角色與劇情,無論如何，妳欠我一次！聽懂了嗎？,"{""brace_token"":[],""escaped_control"":[],""literal_newline"":[],""markup_tag"":[],""printf_token"":[],""var_tag"":[]}",
HGHU-TW-002858,角色與劇情,可惡！我們又被她算計了！,"{""brace_token"":[],""escaped_control"":[],""literal_newline"":[],""markup_tag"":[],""printf_token"":[],""var_tag"":[]}",
HGHU-TW-002859,角色與劇情,就是這裡了。運氣好的話，我會在這裡找到<hgh_f c=0>五個零件</hgh_f>之一。,"{""brace_token"":[],""escaped_control"":[],""literal_newline"":[],""markup_tag"":[""</hgh_f>"",""<hgh_f c=0>""],""printf_token"":[],""var_tag"":[]}",
HGHU-TW-002860,角色與劇情,這裡曾經是座繁華的城市。現在卻成了廢墟。,"{""brace_token"":[],""escaped_control"":[],""literal_newline"":[],""markup_tag"":[],""printf_token"":[],""var_tag"":[]}",
HGHU-TW-002861,角色與劇情,傳說這裡曾住著一個極度以自我為中心的女孩……,"{""brace_token"":[],""escaped_control"":[],""literal_newline"":[],""markup_tag"":[],""printf_token"":[],""var_tag"":[]}",
HGHU-TW-002862,角色與劇情,……她可以靠吸收別人的愛慕為食，這反過來又會讓她的力量增長。,"{""brace_token"":[],""escaped_control"":[],""literal_newline"":[],""markup_tag"":[],""printf_token"":[],""var_tag"":[]}",
HGHU-TW-002863,角色與劇情,甚至只要<hgh_f c=0>想到</hgh_f>她，都會讓她那貪得無厭的自我膨脹。,"{""brace_token"":[],""escaped_control"":[],""literal_newline"":[],""markup_tag"":[""</hgh_f>"",""<hgh_f c=0>""],""printf_token"":[],""var_tag"":[]}",
HGHU-TW-002864,角色與劇情,什麼？你說我現在就在想她？,"{""brace_token"":[],""escaped_control"":[],""literal_newline"":[],""markup_tag"":[],""printf_token"":[],""var_tag"":[]}",
HGHU-TW-002865,角色與劇情,喔，有人想起我了？,"{""brace_token"":[],""escaped_control"":[],""literal_newline"":[],""markup_tag"":[],""printf_token"":[],""var_tag"":[]}",
HGHU-TW-002866,角色與劇情,他們當然會啦！,"{""brace_token"":[],""escaped_control"":[],""literal_newline"":[],""markup_tag"":[],""printf_token"":[],""var_tag"":[]}",
HGHU-TW-002867,角色與劇情,既然我回來了，我就會<hgh_f c=0>永生不死</hgh_f>！,"{""brace_token"":[],""escaped_control"":[],""literal_newline"":[],""markup_tag"":[""</hgh_f>"",""<hgh_f c=0>""],""printf_token"":[],""var_tag"":[]}",
HGHU-TW-002868,角色與劇情,你們這些蠢貨！看看你們做了什麼好事！,"{""brace_token"":[],""escaped_control"":[],""literal_newline"":[],""markup_tag"":[],""printf_token"":[],""var_tag"":[]}",
HGHU-TW-002869,角色與劇情,你們這些可憐、毫無防備的蠢貨！,"{""brace_token"":[],""escaped_control"":[],""literal_newline"":[],""markup_tag"":[],""printf_token"":[],""var_tag"":[]}",
HGHU-TW-002870,角色與劇情,給我聽好！我沒時間跟變化無常的幽靈瞎攪和。,"{""brace_token"":[],""escaped_control"":[],""literal_newline"":[],""markup_tag"":[],""printf_token"":[],""var_tag"":[]}",
HGHU-TW-002871,角色與劇情,嘻嘻嘻。,"{""brace_token"":[],""escaped_control"":[],""literal_newline"":[],""markup_tag"":[],""printf_token"":[],""var_tag"":[]}",
HGHU-TW-002872,角色與劇情,是哪段記憶把我帶回來的？很顯然你們想起了關於我的某些事！,"{""brace_token"":[],""escaped_control"":[],""literal_newline"":[],""markup_tag"":[],""printf_token"":[],""var_tag"":[]}",
HGHU-TW-002873,角色與劇情,是我那充滿感染力的笑聲嗎？,"{""brace_token"":[],""escaped_control"":[],""literal_newline"":[],""markup_tag"":[],""printf_token"":[],""var_tag"":[]}",
HGHU-TW-002874,角色與劇情,還是我那數不清的馬術獎盃之一？,"{""brace_token"":[],""escaped_control"":[],""literal_newline"":[],""markup_tag"":[],""printf_token"":[],""var_tag"":[]}",
HGHU-TW-002875,角色與劇情,我可是經常拿高分的，你知道嗎！,"{""brace_token"":[],""escaped_control"":[],""literal_newline"":[],""markup_tag"":[],""printf_token"":[],""var_tag"":[]}",
HGHU-TW-002876,角色與劇情,我甚至在最佳儀態獎上擊敗了我自己的小馬，而且我根本沒參賽！,"{""brace_token"":[],""escaped_control"":[],""literal_newline"":[],""markup_tag"":[],""printf_token"":[],""var_tag"":[]}",
HGHU-TW-002877,角色與劇情,我清楚妳的把戲。,"{""brace_token"":[],""escaped_control"":[],""literal_newline"":[],""markup_tag"":[],""printf_token"":[],""var_tag"":[]}",
HGHU-TW-002878,角色與劇情,我越是關注妳，妳就會變得越強。,"{""brace_token"":[],""escaped_control"":[],""literal_newline"":[],""markup_tag"":[],""printf_token"":[],""var_tag"":[]}",
HGHU-TW-002879,角色與劇情,我趁你們不注意的時候把設計圖掉包了！,"{""brace_token"":[],""escaped_control"":[],""literal_newline"":[],""markup_tag"":[],""printf_token"":[],""var_tag"":[]}",
HGHU-TW-002880,角色與劇情,對妳還能存在這件事心存感激，然後滾開吧。,"{""brace_token"":[],""escaped_control"":[],""literal_newline"":[],""markup_tag"":[],""printf_token"":[],""var_tag"":[]}",
HGHU-TW-002881,角色與劇情,那樣就不好玩了！,"{""brace_token"":[],""escaped_control"":[],""literal_newline"":[],""markup_tag"":[],""printf_token"":[],""var_tag"":[]}",
HGHU-TW-002882,角色與劇情,我們來創造一些回憶吧！我先來！,"{""brace_token"":[],""escaped_control"":[],""literal_newline"":[],""markup_tag"":[],""printf_token"":[],""var_tag"":[]}",
HGHU-TW-002883,角色與劇情,我想到了一個巨大又軟Ｑ的東西！,"{""brace_token"":[],""escaped_control"":[],""literal_newline"":[],""markup_tag"":[],""printf_token"":[],""var_tag"":[]}",
HGHU-TW-002884,角色與劇情,閃開！我才不玩妳這愚蠢的遊戲！,"{""brace_token"":[],""escaped_control"":[],""literal_newline"":[],""markup_tag"":[],""printf_token"":[],""var_tag"":[]}",
HGHU-TW-002885,角色與劇情,那我們走著瞧！,"{""brace_token"":[],""escaped_control"":[],""literal_newline"":[],""markup_tag"":[],""printf_token"":[],""var_tag"":[]}",
HGHU-TW-002886,角色與劇情,你們一直都是在照著<hgh_f c=0>我的計畫</hgh_f>走！,"{""brace_token"":[],""escaped_control"":[],""literal_newline"":[],""markup_tag"":[""</hgh_f>"",""<hgh_f c=0>""],""printf_token"":[],""var_tag"":[]}",
HGHU-TW-002887,角色與劇情,我<hgh_f c=0>說過</hgh_f>不要去想她的！,"{""brace_token"":[],""escaped_control"":[],""literal_newline"":[],""markup_tag"":[""</hgh_f>"",""<hgh_f c=0>""],""printf_token"":[],""var_tag"":[]}",
HGHU-TW-002888,角色與劇情,現在我們又多了一個喋喋不休的小丑要應付了。,"{""brace_token"":[],""escaped_control"":[],""literal_newline"":[],""markup_tag"":[],""printf_token"":[],""var_tag"":[]}",
HGHU-TW-002889,角色與劇情,哈！我就知道妳會找到我！,"{""brace_token"":[],""escaped_control"":[],""literal_newline"":[],""markup_tag"":[],""printf_token"":[],""var_tag"":[]}",
HGHU-TW-002890,角色與劇情,蛤？妳是什麼意思？,"{""brace_token"":[],""escaped_control"":[],""literal_newline"":[],""markup_tag"":[],""printf_token"":[],""var_tag"":[]}",
HGHU-TW-002891,角色與劇情,給我滾開，妳！,"{""brace_token"":[],""escaped_control"":[],""literal_newline"":[],""markup_tag"":[],""printf_token"":[],""var_tag"":[]}",
HGHU-TW-002892,角色與劇情,這附近埋著一個零件，我一定要得到它！,"{""brace_token"":[],""escaped_control"":[],""literal_newline"":[],""markup_tag"":[],""printf_token"":[],""var_tag"":[]}",
HGHU-TW-002893,角色與劇情,全都給妳！,"{""brace_token"":[],""escaped_control"":[],""literal_newline"":[],""markup_tag"":[],""printf_token"":[],""var_tag"":[]}",
HGHU-TW-002894,角色與劇情,只要妳先跟威爾伯玩玩就行了。,"{""brace_token"":[],""escaped_control"":[],""literal_newline"":[],""markup_tag"":[],""printf_token"":[],""var_tag"":[]}",
HGHU-TW-002895,角色與劇情,可憐的威爾伯。,"{""brace_token"":[],""escaped_control"":[],""literal_newline"":[],""markup_tag"":[],""printf_token"":[],""var_tag"":[]}",
HGHU-TW-002896,角色與劇情,自從那個粗魯討厭的老精靈揍了他一頓之後，他整個人都變形了。,"{""brace_token"":[],""escaped_control"":[],""literal_newline"":[],""markup_tag"":[],""printf_token"":[],""var_tag"":[]}",
HGHU-TW-002897,角色與劇情,她最糟糕了！,"{""brace_token"":[],""escaped_control"":[],""literal_newline"":[],""markup_tag"":[],""printf_token"":[],""var_tag"":[]}",
HGHU-TW-002898,角色與劇情,至少我們在這點上能達成共識。,"{""brace_token"":[],""escaped_control"":[],""literal_newline"":[],""markup_tag"":[],""printf_token"":[],""var_tag"":[]}",
HGHU-TW-002899,角色與劇情,準備好！他來了！,"{""brace_token"":[],""escaped_control"":[],""literal_newline"":[],""markup_tag"":[],""printf_token"":[],""var_tag"":[]}",
HGHU-TW-002900,角色與劇情,我打敗妳的寵物了。現在閃開，讓我去找我的<hgh_f c=0>零件</hgh_f>！,"{""brace_token"":[],""escaped_control"":[],""literal_newline"":[],""markup_tag"":[""</hgh_f>"",""<hgh_f c=0>""],""printf_token"":[],""var_tag"":[]}",
HGHU-TW-002901,角色與劇情,休想！,"{""brace_token"":[],""escaped_control"":[],""literal_newline"":[],""markup_tag"":[],""printf_token"":[],""var_tag"":[]}",
HGHU-TW-002902,角色與劇情,妳和我還要繼續一起創造<hgh_f c=0>回憶</hgh_f>呢！,"{""brace_token"":[],""escaped_control"":[],""literal_newline"":[],""markup_tag"":[""</hgh_f>"",""<hgh_f c=0>""],""printf_token"":[],""var_tag"":[]}",
HGHU-TW-002903,角色與劇情,我們創造的回憶越多，我就會變得越強！,"{""brace_token"":[],""escaped_control"":[],""literal_newline"":[],""markup_tag"":[],""printf_token"":[],""var_tag"":[]}",
HGHU-TW-002904,角色與劇情,哈！你們肯定已經注意到副作用了吧。,"{""brace_token"":[],""escaped_control"":[],""literal_newline"":[],""markup_tag"":[],""printf_token"":[],""var_tag"":[]}",
HGHU-TW-002905,角色與劇情,我是令人難忘的，所以我會<hgh_f c=0>永生不死</hgh_f>！,"{""brace_token"":[],""escaped_control"":[],""literal_newline"":[],""markup_tag"":[""</hgh_f>"",""<hgh_f c=0>""],""printf_token"":[],""var_tag"":[]}",
HGHU-TW-002906,角色與劇情,嘻嘻嘻！,"{""brace_token"":[],""escaped_control"":[],""literal_newline"":[],""markup_tag"":[],""printf_token"":[],""var_tag"":[]}",
HGHU-TW-002907,角色與劇情,那是做什麼？,"{""brace_token"":[],""escaped_control"":[],""literal_newline"":[],""markup_tag"":[],""printf_token"":[],""var_tag"":[]}",
HGHU-TW-002908,角色與劇情,拜託！多回憶一下可愛的我嘛！回去想！,"{""brace_token"":[],""escaped_control"":[],""literal_newline"":[],""markup_tag"":[],""printf_token"":[],""var_tag"":[]}",
HGHU-TW-002909,角色與劇情,那……妳是誰？,"{""brace_token"":[],""escaped_control"":[],""literal_newline"":[],""markup_tag"":[],""printf_token"":[],""var_tag"":[]}",
HGHU-TW-002910,角色與劇情,看看它對那個半精靈小鬼做了什麼！,"{""brace_token"":[],""escaped_control"":[],""literal_newline"":[],""markup_tag"":[],""printf_token"":[],""var_tag"":[]}",
HGHU-TW-002911,角色與劇情,<hgh_f c=0>發電機</hgh_f>！,"{""brace_token"":[],""escaped_control"":[],""literal_newline"":[],""markup_tag"":[""</hgh_f>"",""<hgh_f c=0>""],""printf_token"":[],""var_tag"":[]}",
HGHU-TW-002912,角色與劇情,可惡，我什麼都記不起來了。,"{""brace_token"":[],""escaped_control"":[],""literal_newline"":[],""markup_tag"":[],""printf_token"":[],""var_tag"":[]}",
HGHU-TW-002913,角色與劇情,蛤？什麼——？,"{""brace_token"":[],""escaped_control"":[],""literal_newline"":[],""markup_tag"":[],""printf_token"":[],""var_tag"":[]}",
HGHU-TW-002914,角色與劇情,我覺得我應該把妳銬起來！,"{""brace_token"":[],""escaped_control"":[],""literal_newline"":[],""markup_tag"":[],""printf_token"":[],""var_tag"":[]}",
HGHU-TW-002915,角色與劇情,不過……,"{""brace_token"":[],""escaped_control"":[],""literal_newline"":[],""markup_tag"":[],""printf_token"":[],""var_tag"":[]}",
HGHU-TW-002916,角色與劇情,我好像記不起來為什麼了。,"{""brace_token"":[],""escaped_control"":[],""literal_newline"":[],""markup_tag"":[],""printf_token"":[],""var_tag"":[]}",
HGHU-TW-002917,角色與劇情,他怎麼了？,"{""brace_token"":[],""escaped_control"":[],""literal_newline"":[],""markup_tag"":[],""printf_token"":[],""var_tag"":[]}",
HGHU-TW-002918,角色與劇情,呃。我受夠這個吵鬧的油坑了。,"{""brace_token"":[],""escaped_control"":[],""literal_newline"":[],""markup_tag"":[],""printf_token"":[],""var_tag"":[]}",
HGHU-TW-002919,角色與劇情,報告！,"{""brace_token"":[],""escaped_control"":[],""literal_newline"":[],""markup_tag"":[],""printf_token"":[],""var_tag"":[]}",
HGHU-TW-002920,角色與劇情,竊盜案？,"{""brace_token"":[],""escaped_control"":[],""literal_newline"":[],""markup_tag"":[],""printf_token"":[],""var_tag"":[]}",
HGHU-TW-002921,角色與劇情,看來，兒童池裡又多了一條鯊魚，是嗎？,"{""brace_token"":[],""escaped_control"":[],""literal_newline"":[],""markup_tag"":[],""printf_token"":[],""var_tag"":[]}",
HGHU-TW-002922,角色與劇情,對我來說真是太巧了！,"{""brace_token"":[],""escaped_control"":[],""literal_newline"":[],""markup_tag"":[],""printf_token"":[],""var_tag"":[]}",
HGHU-TW-002923,角色與劇情,偷魔毯來做飛行西裝褲？多麼平庸啊。,"{""brace_token"":[],""escaped_control"":[],""literal_newline"":[],""markup_tag"":[],""printf_token"":[],""var_tag"":[]}",
HGHU-TW-002924,角色與劇情,這種考慮不周的荒謬點子，只可能是某個豬頭男想出來的。,"{""brace_token"":[],""escaped_control"":[],""literal_newline"":[],""markup_tag"":[],""printf_token"":[],""var_tag"":[]}",
HGHU-TW-002925,角色與劇情,如果<hgh_f c=0>彈藥男爵</hgh_f>的船還在上面盤旋，妳可以打賭他們肯定像懦夫一樣躲在雲層裡。,"{""brace_token"":[],""escaped_control"":[],""literal_newline"":[],""markup_tag"":[""</hgh_f>"",""<hgh_f c=0>""],""printf_token"":[],""var_tag"":[]}",
HGHU-TW-002926,角色與劇情,嗯。,"{""brace_token"":[],""escaped_control"":[],""literal_newline"":[],""markup_tag"":[],""printf_token"":[],""var_tag"":[]}",
HGHU-TW-002927,角色與劇情,它讓她變得好可怕！,"{""brace_token"":[],""escaped_control"":[],""literal_newline"":[],""markup_tag"":[],""printf_token"":[],""var_tag"":[]}",
HGHU-TW-002928,角色與劇情,他們肯定有我需要的<hgh_f c=0>零件</hgh_f>！,"{""brace_token"":[],""escaped_control"":[],""literal_newline"":[],""markup_tag"":[""</hgh_f>"",""<hgh_f c=0>""],""printf_token"":[],""var_tag"":[]}",
HGHU-TW-002929,角色與劇情,很好，我想我該安排個時間跟那個幼稚的<hgh_f c=0>彈藥男爵</hgh_f>玩玩了。,"{""brace_token"":[],""escaped_control"":[],""literal_newline"":[],""markup_tag"":[""</hgh_f>"",""<hgh_f c=0>""],""printf_token"":[],""var_tag"":[]}",
HGHU-TW-002930,角色與劇情,站住！什麼人？,"{""brace_token"":[],""escaped_control"":[],""literal_newline"":[],""markup_tag"":[],""printf_token"":[],""var_tag"":[]}",
HGHU-TW-002931,角色與劇情,任何人都不准越過這裡！這是<hgh_f c=0>彈藥男爵</hgh_f>的命令！,"{""brace_token"":[],""escaped_control"":[],""literal_newline"":[],""markup_tag"":[""</hgh_f>"",""<hgh_f c=0>""],""printf_token"":[],""var_tag"":[]}",
HGHU-TW-002932,角色與劇情,她是去參加派對的路上嗎？,"{""brace_token"":[],""escaped_control"":[],""literal_newline"":[],""markup_tag"":[],""printf_token"":[],""var_tag"":[]}",
HGHU-TW-002933,角色與劇情,對吧？誰會穿成那樣啊？,"{""brace_token"":[],""escaped_control"":[],""literal_newline"":[],""markup_tag"":[],""printf_token"":[],""var_tag"":[]}",
HGHU-TW-002934,角色與劇情,她看起來好噁心！,"{""brace_token"":[],""escaped_control"":[],""literal_newline"":[],""markup_tag"":[],""printf_token"":[],""var_tag"":[]}",
HGHU-TW-002935,角色與劇情,原來是你們兩個。,"{""brace_token"":[],""escaped_control"":[],""literal_newline"":[],""markup_tag"":[],""printf_token"":[],""var_tag"":[]}",
HGHU-TW-002936,角色與劇情,我永遠都搞不懂，你們為什麼要跟著那個<hgh_f c=0>彈藥男爵</hgh_f>。,"{""brace_token"":[],""escaped_control"":[],""literal_newline"":[],""markup_tag"":[""</hgh_f>"",""<hgh_f c=0>""],""printf_token"":[],""var_tag"":[]}",
HGHU-TW-002937,角色與劇情,那塊只會吹牛的凝固五花肉，根本不是<hgh_f c=0>真正</hgh_f>船長的對手！,"{""brace_token"":[],""escaped_control"":[],""literal_newline"":[],""markup_tag"":[""</hgh_f>"",""<hgh_f c=0>""],""printf_token"":[],""var_tag"":[]}",
HGHU-TW-002938,角色與劇情,我是 里絲琦・布茲，統治陸地、海洋與天空的霸主！,"{""brace_token"":[],""escaped_control"":[],""literal_newline"":[],""markup_tag"":[],""printf_token"":[],""var_tag"":[]}",
HGHU-TW-002939,角色與劇情,閃開，否則準備被登船吧！,"{""brace_token"":[],""escaped_control"":[],""literal_newline"":[],""markup_tag"":[],""printf_token"":[],""var_tag"":[]}",
HGHU-TW-002940,角色與劇情,我對這段對話感到<hgh_f c=0>無聊透頂</hgh_f>了！,"{""brace_token"":[],""escaped_control"":[],""literal_newline"":[],""markup_tag"":[""</hgh_f>"",""<hgh_f c=0>""],""printf_token"":[],""var_tag"":[]}",
HGHU-TW-002941,角色與劇情,沒錯，我們轟了她！,"{""brace_token"":[],""escaped_control"":[],""literal_newline"":[],""markup_tag"":[],""printf_token"":[],""var_tag"":[]}",
HGHU-TW-002942,角色與劇情,我喜歡。,"{""brace_token"":[],""escaped_control"":[],""literal_newline"":[],""markup_tag"":[],""printf_token"":[],""var_tag"":[]}",
HGHU-TW-002943,角色與劇情,那兩個人解決了！,"{""brace_token"":[],""escaped_control"":[],""literal_newline"":[],""markup_tag"":[],""printf_token"":[],""var_tag"":[]}",
HGHU-TW-002944,角色與劇情,可惡！我還在醫務室裡休養呢！,"{""brace_token"":[],""escaped_control"":[],""literal_newline"":[],""markup_tag"":[],""printf_token"":[],""var_tag"":[]}",
HGHU-TW-002945,角色與劇情,哇，我們這裡有什麼？,"{""brace_token"":[],""escaped_control"":[],""literal_newline"":[],""markup_tag"":[],""printf_token"":[],""var_tag"":[]}",
HGHU-TW-002946,角色與劇情,我不知道我眼前看到的是什麼，但我真的很喜歡！,"{""brace_token"":[],""escaped_control"":[],""literal_newline"":[],""markup_tag"":[],""printf_token"":[],""var_tag"":[]}",
HGHU-TW-002947,角色與劇情,退下，你這隻打滾的豬頭男！把我要的零件給我，免得挨揍！,"{""brace_token"":[],""escaped_control"":[],""literal_newline"":[],""markup_tag"":[],""printf_token"":[],""var_tag"":[]}",
HGHU-TW-002948,角色與劇情,妳這個惡魔！妳<hgh_f c=0>反轉</hgh_f>了她的魔法！,"{""brace_token"":[],""escaped_control"":[],""literal_newline"":[],""markup_tag"":[""</hgh_f>"",""<hgh_f c=0>""],""printf_token"":[],""var_tag"":[]}",
HGHU-TW-002949,角色與劇情,嗶——！轟隆——！！噠噠噠！,"{""brace_token"":[],""escaped_control"":[],""literal_newline"":[],""markup_tag"":[],""printf_token"":[],""var_tag"":[]}",
HGHU-TW-002950,角色與劇情,妳想打一回合嗎？好啊，有何不可？,"{""brace_token"":[],""escaped_control"":[],""literal_newline"":[],""markup_tag"":[],""printf_token"":[],""var_tag"":[]}",
HGHU-TW-002951,角色與劇情,讓我看看妳有什麼本事，公主！,"{""brace_token"":[],""escaped_control"":[],""literal_newline"":[],""markup_tag"":[],""printf_token"":[],""var_tag"":[]}",
HGHU-TW-002952,角色與劇情,得了吧。,"{""brace_token"":[],""escaped_control"":[],""literal_newline"":[],""markup_tag"":[],""printf_token"":[],""var_tag"":[]}",
HGHU-TW-002953,角色與劇情,部隊！集合！,"{""brace_token"":[],""escaped_control"":[],""literal_newline"":[],""markup_tag"":[],""printf_token"":[],""var_tag"":[]}",
HGHU-TW-002954,角色與劇情,這些注入魔毯魔力的原型機相當不穩定……,"{""brace_token"":[],""escaped_control"":[],""literal_newline"":[],""markup_tag"":[],""printf_token"":[],""var_tag"":[]}",
HGHU-TW-002955,角色與劇情,有了這台機器……,"{""brace_token"":[],""escaped_control"":[],""literal_newline"":[],""markup_tag"":[],""printf_token"":[],""var_tag"":[]}",
HGHU-TW-002956,角色與劇情,但用來捏死妳這隻蟲子已經<hgh_f c=0>綽綽有餘</hgh_f>了！,"{""brace_token"":[],""escaped_control"":[],""literal_newline"":[],""markup_tag"":[""</hgh_f>"",""<hgh_f c=0>""],""printf_token"":[],""var_tag"":[]}",
HGHU-TW-002957,角色與劇情,部署零號小隊制服！,"{""brace_token"":[],""escaped_control"":[],""literal_newline"":[],""markup_tag"":[],""printf_token"":[],""var_tag"":[]}",
HGHU-TW-002958,角色與劇情,沒錯，它們沒通過安全檢查。將就著用吧！不准抱怨！,"{""brace_token"":[],""escaped_control"":[],""literal_newline"":[],""markup_tag"":[],""printf_token"":[],""var_tag"":[]}",
HGHU-TW-002959,角色與劇情,業餘的。,"{""brace_token"":[],""escaped_control"":[],""literal_newline"":[],""markup_tag"":[],""printf_token"":[],""var_tag"":[]}",
HGHU-TW-002960,角色與劇情,你根本不是我的對手。,"{""brace_token"":[],""escaped_control"":[],""literal_newline"":[],""markup_tag"":[],""printf_token"":[],""var_tag"":[]}",
HGHU-TW-002961,角色與劇情,把這垃圾帶走。,"{""brace_token"":[],""escaped_control"":[],""literal_newline"":[],""markup_tag"":[],""printf_token"":[],""var_tag"":[]}",
HGHU-TW-002962,角色與劇情,下次，我可不會對你這麼客氣了。,"{""brace_token"":[],""escaped_control"":[],""literal_newline"":[],""markup_tag"":[],""printf_token"":[],""var_tag"":[]}",
HGHU-TW-002963,角色與劇情,我可以把任何我想變的東西從<hgh_f c=0>善良</hgh_f>變成<hgh_f c=0>邪惡</hgh_f>！,"{""brace_token"":[],""escaped_control"":[],""literal_newline"":[],""markup_tag"":[""</hgh_f>"",""</hgh_f>"",""<hgh_f c=0>"",""<hgh_f c=0>""],""printf_token"":[],""var_tag"":[]}",
HGHU-TW-002964,角色與劇情,其中一個<hgh_f c=0>零件</hgh_f>一定在附近的某個地方。,"{""brace_token"":[],""escaped_control"":[],""literal_newline"":[],""markup_tag"":[""</hgh_f>"",""<hgh_f c=0>""],""printf_token"":[],""var_tag"":[]}",
HGHU-TW-002965,角色與劇情,你們散開去找。,"{""brace_token"":[],""escaped_control"":[],""literal_newline"":[],""markup_tag"":[],""printf_token"":[],""var_tag"":[]}",
HGHU-TW-002966,角色與劇情,怎麼回事？我感覺到有人在猶豫？,"{""brace_token"":[],""escaped_control"":[],""literal_newline"":[],""markup_tag"":[],""printf_token"":[],""var_tag"":[]}",
HGHU-TW-002967,角色與劇情,我會讓你們這些懦夫看看可怕的東西，保證連啃食你們屍體的蠕蟲都會做惡夢！,"{""brace_token"":[],""escaped_control"":[],""literal_newline"":[],""markup_tag"":[],""printf_token"":[],""var_tag"":[]}",
HGHU-TW-002968,角色與劇情,現在立刻行動！！,"{""brace_token"":[],""escaped_control"":[],""literal_newline"":[],""markup_tag"":[],""printf_token"":[],""var_tag"":[]}",
HGHU-TW-002969,角色與劇情,哦哦哦！,"{""brace_token"":[],""escaped_control"":[],""literal_newline"":[],""markup_tag"":[],""printf_token"":[],""var_tag"":[]}",
HGHU-TW-002970,角色與劇情,那邊那個！穿雨衣的幽靈！,"{""brace_token"":[],""escaped_control"":[],""literal_newline"":[],""markup_tag"":[],""printf_token"":[],""var_tag"":[]}",
HGHU-TW-002971,角色與劇情,我是來索取我機器需要的<hgh_f c=0>零件</hgh_f>的！,"{""brace_token"":[],""escaped_control"":[],""literal_newline"":[],""markup_tag"":[""</hgh_f>"",""<hgh_f c=0>""],""printf_token"":[],""var_tag"":[]}",
HGHU-TW-002972,角色與劇情,服從我的命令，免得受皮肉之苦。,"{""brace_token"":[],""escaped_control"":[],""literal_newline"":[],""markup_tag"":[],""printf_token"":[],""var_tag"":[]}",
HGHU-TW-002973,角色與劇情,泥——嘻嘻！,"{""brace_token"":[],""escaped_control"":[],""literal_newline"":[],""markup_tag"":[],""printf_token"":[],""var_tag"":[]}",
HGHU-TW-002974,角色與劇情,邪惡的海盜 里絲琦・布茲！,"{""brace_token"":[],""escaped_control"":[],""literal_newline"":[],""markup_tag"":[],""printf_token"":[],""var_tag"":[]}",
HGHU-TW-002975,角色與劇情,一個<hgh_f c=0>被黑暗魔法</hgh_f><hgh_f c=0>附身</hgh_f>的生物。,"{""brace_token"":[],""escaped_control"":[],""literal_newline"":[],""markup_tag"":[""</hgh_f>"",""</hgh_f>"",""<hgh_f c=0>"",""<hgh_f c=0>""],""printf_token"":[],""var_tag"":[]}",
HGHU-TW-002976,角色與劇情,我沒打算幫妳。,"{""brace_token"":[],""escaped_control"":[],""literal_newline"":[],""markup_tag"":[],""printf_token"":[],""var_tag"":[]}",
HGHU-TW-002977,角色與劇情,不，我<hgh_f c=0>一直渴望</hgh_f>有機會讓我的<hgh_f c=0>邪惡</hgh_f>與<hgh_f c=0>妳的</hgh_f>較量一番！,"{""brace_token"":[],""escaped_control"":[],""literal_newline"":[],""markup_tag"":[""</hgh_f>"",""</hgh_f>"",""</hgh_f>"",""<hgh_f c=0>"",""<hgh_f c=0>"",""<hgh_f c=0>""],""printf_token"":[],""var_tag"":[]}",
HGHU-TW-002978,角色與劇情,現在！就在這裡！在這個充滿<hgh_f c=0>痛苦</hgh_f>的劇場……,"{""brace_token"":[],""escaped_control"":[],""literal_newline"":[],""markup_tag"":[""</hgh_f>"",""<hgh_f c=0>""],""printf_token"":[],""var_tag"":[]}",
HGHU-TW-002979,角色與劇情,我們終於將要——,"{""brace_token"":[],""escaped_control"":[],""literal_newline"":[],""markup_tag"":[],""printf_token"":[],""var_tag"":[]}",
HGHU-TW-002980,角色與劇情,還有我！魷魚男爵！,"{""brace_token"":[],""escaped_control"":[],""literal_newline"":[],""markup_tag"":[],""printf_token"":[],""var_tag"":[]}",
HGHU-TW-002981,角色與劇情,只要再做一些修改，我就能控制<hgh_f c=0>整個亮片大陸</hgh_f>了！,"{""brace_token"":[],""escaped_control"":[],""literal_newline"":[],""markup_tag"":[""</hgh_f>"",""<hgh_f c=0>""],""printf_token"":[],""var_tag"":[]}",
HGHU-TW-002982,角色與劇情,蠢貨！你太早出場了！如果你連最簡單的指示都不遵守，我們永遠演不好這齣戲！,"{""brace_token"":[],""escaped_control"":[],""literal_newline"":[],""markup_tag"":[],""printf_token"":[],""var_tag"":[]}",
HGHU-TW-002983,角色與劇情,呃……,"{""brace_token"":[],""escaped_control"":[],""literal_newline"":[],""markup_tag"":[],""printf_token"":[],""var_tag"":[]}",
HGHU-TW-002984,角色與劇情,嗯……,"{""brace_token"":[],""escaped_control"":[],""literal_newline"":[],""markup_tag"":[],""printf_token"":[],""var_tag"":[]}",
HGHU-TW-002985,角色與劇情,真正的冒險在<hgh_f c=0>書裡</hgh_f>才找得到！,"{""brace_token"":[],""escaped_control"":[],""literal_newline"":[],""markup_tag"":[""</hgh_f>"",""<hgh_f c=0>""],""printf_token"":[],""var_tag"":[]}",
HGHU-TW-002986,角色與劇情,你們兩個真是浪費我的時間。,"{""brace_token"":[],""escaped_control"":[],""literal_newline"":[],""markup_tag"":[],""printf_token"":[],""var_tag"":[]}",
HGHU-TW-002987,角色與劇情,你們真是個恥辱。,"{""brace_token"":[],""escaped_control"":[],""literal_newline"":[],""markup_tag"":[],""printf_token"":[],""var_tag"":[]}",
HGHU-TW-002988,角色與劇情,去好好反省一下你們的人生吧。,"{""brace_token"":[],""escaped_control"":[],""literal_newline"":[],""markup_tag"":[],""printf_token"":[],""var_tag"":[]}",
HGHU-TW-002989,角色與劇情,妳給了我很多思考的空間。,"{""brace_token"":[],""escaped_control"":[],""literal_newline"":[],""markup_tag"":[],""printf_token"":[],""var_tag"":[]}",
HGHU-TW-002990,角色與劇情,這個<hgh_f c=0>零件</hgh_f>歸妳了。,"{""brace_token"":[],""escaped_control"":[],""literal_newline"":[],""markup_tag"":[""</hgh_f>"",""<hgh_f c=0>""],""printf_token"":[],""var_tag"":[]}",
HGHU-TW-002991,角色與劇情,我要躲到台下去！,"{""brace_token"":[],""escaped_control"":[],""literal_newline"":[],""markup_tag"":[],""printf_token"":[],""var_tag"":[]}",
HGHU-TW-002992,角色與劇情,啊啊啊！我要用他自己的墨汁煮熟那隻魷魚！,"{""brace_token"":[],""escaped_control"":[],""literal_newline"":[],""markup_tag"":[],""printf_token"":[],""var_tag"":[]}",
HGHU-TW-002993,角色與劇情,幹得好，小伙子們！,"{""brace_token"":[],""escaped_control"":[],""literal_newline"":[],""markup_tag"":[],""printf_token"":[],""var_tag"":[]}",
HGHU-TW-002994,角色與劇情,這座新的<hgh_f c=0>叮咯鬼工廠</hgh_f>完全符合我的夢想，甚至更好！,"{""brace_token"":[],""escaped_control"":[],""literal_newline"":[],""markup_tag"":[""</hgh_f>"",""<hgh_f c=0>""],""printf_token"":[],""var_tag"":[]}",
HGHU-TW-002995,角色與劇情,這次我要直接從源頭偷走魔法！,"{""brace_token"":[],""escaped_control"":[],""literal_newline"":[],""markup_tag"":[],""printf_token"":[],""var_tag"":[]}",
HGHU-TW-002996,角色與劇情,以我對那個半精靈小鬼的了解，她很快就會找到這裡的。,"{""brace_token"":[],""escaped_control"":[],""literal_newline"":[],""markup_tag"":[],""printf_token"":[],""var_tag"":[]}",
HGHU-TW-002997,角色與劇情,是時候<hgh_f c=0>測試我的防禦了</hgh_f>！,"{""brace_token"":[],""escaped_control"":[],""literal_newline"":[],""markup_tag"":[""</hgh_f>"",""<hgh_f c=0>""],""printf_token"":[],""var_tag"":[]}",
HGHU-TW-002998,角色與劇情,<hgh_f c=0>小的們</hgh_f>！<hgh_f c=0>讓我看看你們的能耐</hgh_f>！,"{""brace_token"":[],""escaped_control"":[],""literal_newline"":[],""markup_tag"":[""</hgh_f>"",""</hgh_f>"",""<hgh_f c=0>"",""<hgh_f c=0>""],""printf_token"":[],""var_tag"":[]}",
HGHU-TW-002999,角色與劇情,唉。我又一次被妳純粹的天才所掩蓋。我真是個傻瓜！,"{""brace_token"":[],""escaped_control"":[],""literal_newline"":[],""markup_tag"":[],""printf_token"":[],""var_tag"":[]}",
HGHU-TW-003000,角色與劇情,你們做得很好！,"{""brace_token"":[],""escaped_control"":[],""literal_newline"":[],""markup_tag"":[],""printf_token"":[],""var_tag"":[]}",
HGHU-TW-003001,角色與劇情,現在……準備啟動發電機！,"{""brace_token"":[],""escaped_control"":[],""literal_newline"":[],""markup_tag"":[],""printf_token"":[],""var_tag"":[]}",
HGHU-TW-003002,角色與劇情,好好享受解開妳那位精靈朋友混亂魔法的樂趣吧！,"{""brace_token"":[],""escaped_control"":[],""literal_newline"":[],""markup_tag"":[],""printf_token"":[],""var_tag"":[]}",
HGHU-TW-003003,角色與劇情,是時候把精靈界<hgh_f c=0>徹底撕開</hgh_f>了！,"{""brace_token"":[],""escaped_control"":[],""literal_newline"":[],""markup_tag"":[""</hgh_f>"",""<hgh_f c=0>""],""printf_token"":[],""var_tag"":[]}",
HGHU-TW-003004,角色與劇情,呵呵呵！,"{""brace_token"":[],""escaped_control"":[],""literal_newline"":[],""markup_tag"":[],""printf_token"":[],""var_tag"":[]}",
HGHU-TW-003005,角色與劇情,站住，里絲琦！,"{""brace_token"":[],""escaped_control"":[],""literal_newline"":[],""markup_tag"":[],""printf_token"":[],""var_tag"":[]}",
HGHU-TW-003006,角色與劇情,精靈小鬼。來得正是時候！,"{""brace_token"":[],""escaped_control"":[],""literal_newline"":[],""markup_tag"":[],""printf_token"":[],""var_tag"":[]}",
HGHU-TW-003007,角色與劇情,我要去解開這台機器的<hgh_f c=0>全部潛能</hgh_f>了！,"{""brace_token"":[],""escaped_control"":[],""literal_newline"":[],""markup_tag"":[""</hgh_f>"",""<hgh_f c=0>""],""printf_token"":[],""var_tag"":[]}",
HGHU-TW-003008,角色與劇情,告訴我。妳是怎麼反轉魔法倒置過程的效果的？,"{""brace_token"":[],""escaped_control"":[],""literal_newline"":[],""markup_tag"":[],""printf_token"":[],""var_tag"":[]}",
HGHU-TW-003009,角色與劇情,我沒有！但我的<hgh_f c=0>朋友們</hgh_f>做到了！,"{""brace_token"":[],""escaped_control"":[],""literal_newline"":[],""markup_tag"":[""</hgh_f>"",""<hgh_f c=0>""],""printf_token"":[],""var_tag"":[]}",
HGHU-TW-003010,角色與劇情,他們相信我，這就足以提醒我<hgh_f c=0>我到底是誰</hgh_f>了！,"{""brace_token"":[],""escaped_control"":[],""literal_newline"":[],""markup_tag"":[""</hgh_f>"",""<hgh_f c=0>""],""printf_token"":[],""var_tag"":[]}",
HGHU-TW-003011,角色與劇情,哼！我早該先解決妳那些<hgh_f c=0>朋友</hgh_f>的！,"{""brace_token"":[],""escaped_control"":[],""literal_newline"":[],""markup_tag"":[""</hgh_f>"",""<hgh_f c=0>""],""printf_token"":[],""var_tag"":[]}",
HGHU-TW-003012,角色與劇情,無所謂。,"{""brace_token"":[],""escaped_control"":[],""literal_newline"":[],""markup_tag"":[],""printf_token"":[],""var_tag"":[]}",
HGHU-TW-003013,角色與劇情,妳即將見證我<hgh_f c=0>最偉大發明</hgh_f>的誕生！,"{""brace_token"":[],""escaped_control"":[],""literal_newline"":[],""markup_tag"":[""</hgh_f>"",""<hgh_f c=0>""],""printf_token"":[],""var_tag"":[]}",
HGHU-TW-003014,角色與劇情,由結晶化的精靈魔法，以及從亮片大陸最邪惡的反派那裡偷來的<hgh_f c=0>特殊零件</hgh_f>提供動力……,"{""brace_token"":[],""escaped_control"":[],""literal_newline"":[],""markup_tag"":[""</hgh_f>"",""<hgh_f c=0>""],""printf_token"":[],""var_tag"":[]}",
HGHU-TW-003015,角色與劇情,它能夠<hgh_f c=0>撕開</hgh_f>一個傳送門……,"{""brace_token"":[],""escaped_control"":[],""literal_newline"":[],""markup_tag"":[""</hgh_f>"",""<hgh_f c=0>""],""printf_token"":[],""var_tag"":[]}",
HGHU-TW-003016,角色與劇情,連接<hgh_f c=0>人類</hgh_f>世界和<hgh_f c=0>精靈</hgh_f>世界！,"{""brace_token"":[],""escaped_control"":[],""literal_newline"":[],""markup_tag"":[""</hgh_f>"",""</hgh_f>"",""<hgh_f c=0>"",""<hgh_f c=0>""],""printf_token"":[],""var_tag"":[]}",
HGHU-TW-003017,角色與劇情,不，妳不能這麼做！,"{""brace_token"":[],""escaped_control"":[],""literal_newline"":[],""markup_tag"":[],""printf_token"":[],""var_tag"":[]}",
HGHU-TW-003018,角色與劇情,當機器達到全功率時，<hgh_f c=0>精靈的力量</hgh_f>將會從<hgh_f c=0>善良</hgh_f>轉變為<hgh_f c=0>邪惡</hgh_f>！,"{""brace_token"":[],""escaped_control"":[],""literal_newline"":[],""markup_tag"":[""</hgh_f>"",""</hgh_f>"",""</hgh_f>"",""<hgh_f c=0>"",""<hgh_f c=0>"",""<hgh_f c=0>""],""printf_token"":[],""var_tag"":[]}",
HGHU-TW-003019,角色與劇情,一整個邪惡的領域！任我差遣！,"{""brace_token"":[],""escaped_control"":[],""literal_newline"":[],""markup_tag"":[],""printf_token"":[],""var_tag"":[]}",
HGHU-TW-003020,角色與劇情,呵呵呵呵呵！！！,"{""brace_token"":[],""escaped_control"":[],""literal_newline"":[],""markup_tag"":[],""printf_token"":[],""var_tag"":[]}",
HGHU-TW-003021,角色與劇情,我不會讓妳得逞的！,"{""brace_token"":[],""escaped_control"":[],""literal_newline"":[],""markup_tag"":[],""printf_token"":[],""var_tag"":[]}",
HGHU-TW-003022,角色與劇情,準備好！,"{""brace_token"":[],""escaped_control"":[],""literal_newline"":[],""markup_tag"":[],""printf_token"":[],""var_tag"":[]}",
HGHU-TW-003023,角色與劇情,呵呵呵！,"{""brace_token"":[],""escaped_control"":[],""literal_newline"":[],""markup_tag"":[],""printf_token"":[],""var_tag"":[]}",
HGHU-TW-003024,角色與劇情,我要使出全力了！,"{""brace_token"":[],""escaped_control"":[],""literal_newline"":[],""markup_tag"":[],""printf_token"":[],""var_tag"":[]}",
HGHU-TW-003025,角色與劇情,解決她了！,"{""brace_token"":[],""escaped_control"":[],""literal_newline"":[],""markup_tag"":[],""printf_token"":[],""var_tag"":[]}",
HGHU-TW-003026,角色與劇情,我終於消滅了那個愛管閒事的小鬼！,"{""brace_token"":[],""escaped_control"":[],""literal_newline"":[],""markup_tag"":[],""printf_token"":[],""var_tag"":[]}",
HGHU-TW-003027,角色與劇情,現在，我要坐上統治<hgh_f c=0>整個亮片大陸</hgh_f>的寶座了！,"{""brace_token"":[],""escaped_control"":[],""literal_newline"":[],""markup_tag"":[""</hgh_f>"",""<hgh_f c=0>""],""printf_token"":[],""var_tag"":[]}",
HGHU-TW-003028,角色與劇情,小的們！,"{""brace_token"":[],""escaped_control"":[],""literal_newline"":[],""markup_tag"":[],""printf_token"":[],""var_tag"":[]}",
HGHU-TW-003029,角色與劇情,好令人興奮啊，叔叔！,"{""brace_token"":[],""escaped_control"":[],""literal_newline"":[],""markup_tag"":[],""printf_token"":[],""var_tag"":[]}",
HGHU-TW-003030,角色與劇情,啟動全新改良版的<hgh_f c=0>發電機</hgh_f>！,"{""brace_token"":[],""escaped_control"":[],""literal_newline"":[],""markup_tag"":[""</hgh_f>"",""<hgh_f c=0>""],""printf_token"":[],""var_tag"":[]}",
HGHU-TW-003031,角色與劇情,<hgh_f c=0>把精靈界撕裂</hgh_f>！,"{""brace_token"":[],""escaped_control"":[],""literal_newline"":[],""markup_tag"":[""</hgh_f>"",""<hgh_f c=0>""],""printf_token"":[],""var_tag"":[]}",
HGHU-TW-003032,角色與劇情,不！你們這些蠢貨！你們解除安全鎖了嗎？,"{""brace_token"":[],""escaped_control"":[],""literal_newline"":[],""markup_tag"":[],""printf_token"":[],""var_tag"":[]}",
HGHU-TW-003033,角色與劇情,那你們關閉節流閥了嗎？,"{""brace_token"":[],""escaped_control"":[],""literal_newline"":[],""markup_tag"":[],""printf_token"":[],""var_tag"":[]}",
HGHU-TW-003034,角色與劇情,別告訴我你們忘了啟動魔法幫浦？,"{""brace_token"":[],""escaped_control"":[],""literal_newline"":[],""markup_tag"":[],""printf_token"":[],""var_tag"":[]}",
HGHU-TW-003035,角色與劇情,拜拜！,"{""brace_token"":[],""escaped_control"":[],""literal_newline"":[],""markup_tag"":[],""printf_token"":[],""var_tag"":[]}",
HGHU-TW-003036,角色與劇情,<hgh_f c=0>無能的蠢貨</hgh_f>！,"{""brace_token"":[],""escaped_control"":[],""literal_newline"":[],""markup_tag"":[""</hgh_f>"",""<hgh_f c=0>""],""printf_token"":[],""var_tag"":[]}",
HGHU-TW-003037,角色與劇情,這原本應該是我征服亮片大陸最輝煌的時刻！,"{""brace_token"":[],""escaped_control"":[],""literal_newline"":[],""markup_tag"":[],""printf_token"":[],""var_tag"":[]}",
HGHU-TW-003038,角色與劇情,我整座工廠都要爆炸了！,"{""brace_token"":[],""escaped_control"":[],""literal_newline"":[],""markup_tag"":[],""printf_token"":[],""var_tag"":[]}",
HGHU-TW-003039,角色與劇情,這全都是妳的錯！,"{""brace_token"":[],""escaped_control"":[],""literal_newline"":[],""markup_tag"":[],""printf_token"":[],""var_tag"":[]}",
HGHU-TW-003040,角色與劇情,我明明就差一點了！,"{""brace_token"":[],""escaped_control"":[],""literal_newline"":[],""markup_tag"":[],""printf_token"":[],""var_tag"":[]}",
HGHU-TW-003041,角色與劇情,下次……我絕不手下留情！,"{""brace_token"":[],""escaped_control"":[],""literal_newline"":[],""markup_tag"":[],""printf_token"":[],""var_tag"":[]}",
HGHU-TW-003042,角色與劇情,下次！,"{""brace_token"":[],""escaped_control"":[],""literal_newline"":[],""markup_tag"":[],""printf_token"":[],""var_tag"":[]}",
HGHU-TW-003043,角色與劇情,你想要儲存遊戲進度嗎？,"{""brace_token"":[],""escaped_control"":[],""literal_newline"":[],""markup_tag"":[],""printf_token"":[],""var_tag"":[]}",
HGHU-TW-003044,角色與劇情,儲存中……,"{""brace_token"":[],""escaped_control"":[],""literal_newline"":[],""markup_tag"":[],""printf_token"":[],""var_tag"":[]}",
HGHU-TW-003045,角色與劇情,遊戲已儲存。,"{""brace_token"":[],""escaped_control"":[],""literal_newline"":[],""markup_tag"":[],""printf_token"":[],""var_tag"":[]}",
HGHU-TW-003046,角色與劇情,儲存失敗。,"{""brace_token"":[],""escaped_control"":[],""literal_newline"":[],""markup_tag"":[],""printf_token"":[],""var_tag"":[]}",
HGHU-TW-003047,角色與劇情,喔，你需要提示是嗎？,"{""brace_token"":[],""escaped_control"":[],""literal_newline"":[],""markup_tag"":[],""printf_token"":[],""var_tag"":[]}",
HGHU-TW-003048,角色與劇情,小伙子們，準備好啟航了嗎？,"{""brace_token"":[],""escaped_control"":[],""literal_newline"":[],""markup_tag"":[],""printf_token"":[],""var_tag"":[]}",
HGHU-TW-003049,角色與劇情,<hgh_f c=0>斯卡托鎮</hgh_f>的街道可能還藏著秘密。,"{""brace_token"":[],""escaped_control"":[],""literal_newline"":[],""markup_tag"":[""</hgh_f>"",""<hgh_f c=0>""],""printf_token"":[],""var_tag"":[]}",
HGHU-TW-003050,角色與劇情,<hgh_f c=0>斯卡托鎮</hgh_f>有些區域在水面下。也許有辦法……,"{""brace_token"":[],""escaped_control"":[],""literal_newline"":[],""markup_tag"":[""</hgh_f>"",""<hgh_f c=0>""],""printf_token"":[],""var_tag"":[]}",
HGHU-TW-003051,角色與劇情,咯咯笑！,"{""brace_token"":[],""escaped_control"":[],""literal_newline"":[],""markup_tag"":[],""printf_token"":[],""var_tag"":[]}",
HGHU-TW-003052,角色與劇情,火勢還沒蔓延到<hgh_f c=0>斯卡托鎮</hgh_f>的<hgh_f c=0>屋頂</hgh_f>吧？,"{""brace_token"":[],""escaped_control"":[],""literal_newline"":[],""markup_tag"":[""</hgh_f>"",""</hgh_f>"",""<hgh_f c=0>"",""<hgh_f c=0>""],""printf_token"":[],""var_tag"":[]}",
HGHU-TW-003053,角色與劇情,<hgh_f c=0>美人魚瀑布</hgh_f>區域確實有很多<hgh_f c=0>水</hgh_f>。妳永遠猜不到水面下藏著什麼。,"{""brace_token"":[],""escaped_control"":[],""literal_newline"":[],""markup_tag"":[""</hgh_f>"",""</hgh_f>"",""<hgh_f c=0>"",""<hgh_f c=0>""],""printf_token"":[],""var_tag"":[]}",
HGHU-TW-003054,角色與劇情,<hgh_f c=0>美人魚瀑布</hgh_f>附近的石塊……它們看起來滿脆弱的。,"{""brace_token"":[],""escaped_control"":[],""literal_newline"":[],""markup_tag"":[""</hgh_f>"",""<hgh_f c=0>""],""printf_token"":[],""var_tag"":[]}",
HGHU-TW-003055,角色與劇情,<hgh_f c=0>美人魚瀑布</hgh_f>可能還藏著秘密……,"{""brace_token"":[],""escaped_control"":[],""literal_newline"":[],""markup_tag"":[""</hgh_f>"",""<hgh_f c=0>""],""printf_token"":[],""var_tag"":[]}",
HGHU-TW-003056,角色與劇情,那座<hgh_f c=0>美人魚工廠</hgh_f>藏著一個神祕的洞穴。我需要想辦法上去那裡。,"{""brace_token"":[],""escaped_control"":[],""literal_newline"":[],""markup_tag"":[""</hgh_f>"",""<hgh_f c=0>""],""printf_token"":[],""var_tag"":[]}",
HGHU-TW-003057,角色與劇情,啊啊啊啊啊啊……,"{""brace_token"":[],""escaped_control"":[],""literal_newline"":[],""markup_tag"":[],""printf_token"":[],""var_tag"":[]}",
HGHU-TW-003058,角色與劇情,可以利用各種方法來摧毀<hgh_f c=0>石塊</hgh_f>。,"{""brace_token"":[],""escaped_control"":[],""literal_newline"":[],""markup_tag"":[""</hgh_f>"",""<hgh_f c=0>""],""printf_token"":[],""var_tag"":[]}",
HGHU-TW-003059,角色與劇情,<hgh_f c=0>沙丘</hgh_f>高處可能藏著祕密。嗯……,"{""brace_token"":[],""escaped_control"":[],""literal_newline"":[],""markup_tag"":[""</hgh_f>"",""<hgh_f c=0>""],""printf_token"":[],""var_tag"":[]}",
HGHU-TW-003060,角色與劇情,<hgh_f c=0>沙漠</hgh_f>可能還藏著祕密……,"{""brace_token"":[],""escaped_control"":[],""literal_newline"":[],""markup_tag"":[""</hgh_f>"",""<hgh_f c=0>""],""printf_token"":[],""var_tag"":[]}",
HGHU-TW-003061,角色與劇情,<hgh_f c=0>沙漠高塔</hgh_f>非常可疑！,"{""brace_token"":[],""escaped_control"":[],""literal_newline"":[],""markup_tag"":[""</hgh_f>"",""<hgh_f c=0>""],""printf_token"":[],""var_tag"":[]}",
HGHU-TW-003062,角色與劇情,我不喜歡<hgh_f c=0>沙漠高塔</hgh_f>裡那些<hgh_f c=0>石龍頭</hgh_f>的樣子。,"{""brace_token"":[],""escaped_control"":[],""literal_newline"":[],""markup_tag"":[""</hgh_f>"",""</hgh_f>"",""<hgh_f c=0>"",""<hgh_f c=0>""],""printf_token"":[],""var_tag"":[]}",
HGHU-TW-003063,角色與劇情,又是一次完美的搶劫。,"{""brace_token"":[],""escaped_control"":[],""literal_newline"":[],""markup_tag"":[],""printf_token"":[],""var_tag"":[]}",
HGHU-TW-003064,角色與劇情,它能做什麼？,"{""brace_token"":[],""escaped_control"":[],""literal_newline"":[],""markup_tag"":[],""printf_token"":[],""var_tag"":[]}",
HGHU-TW-003065,角色與劇情,也許有辦法在<hgh_f c=0>沙漠</hgh_f>底下<hgh_f c=0>游泳</hgh_f>。,"{""brace_token"":[],""escaped_control"":[],""literal_newline"":[],""markup_tag"":[""</hgh_f>"",""</hgh_f>"",""<hgh_f c=0>"",""<hgh_f c=0>""],""printf_token"":[],""var_tag"":[]}",
HGHU-TW-003066,角色與劇情,<hgh_f c=0>沙漠高塔</hgh_f>可能還藏著祕密……,"{""brace_token"":[],""escaped_control"":[],""literal_newline"":[],""markup_tag"":[""</hgh_f>"",""<hgh_f c=0>""],""printf_token"":[],""var_tag"":[]}",
HGHU-TW-003067,角色與劇情,那些蠢貨完全落入我的圈套！,"{""brace_token"":[],""escaped_control"":[],""literal_newline"":[],""markup_tag"":[],""printf_token"":[],""var_tag"":[]}",
HGHU-TW-003068,角色與劇情,<hgh_f c=0>沙漠天橋</hgh_f>……只要有合適的工具，我就能去它下面探索。,"{""brace_token"":[],""escaped_control"":[],""literal_newline"":[],""markup_tag"":[""</hgh_f>"",""<hgh_f c=0>""],""printf_token"":[],""var_tag"":[]}",
HGHU-TW-003069,角色與劇情,<hgh_f c=0>沙漠天橋</hgh_f>……我在那裡還有未完成的事。,"{""brace_token"":[],""escaped_control"":[],""literal_newline"":[],""markup_tag"":[""</hgh_f>"",""<hgh_f c=0>""],""printf_token"":[],""var_tag"":[]}",
HGHU-TW-003070,角色與劇情,<hgh_f c=0>魔毯賽道</hgh_f>。會不會藏了什麼東西？,"{""brace_token"":[],""escaped_control"":[],""literal_newline"":[],""markup_tag"":[""</hgh_f>"",""<hgh_f c=0>""],""printf_token"":[],""var_tag"":[]}",
HGHU-TW-003071,角色與劇情,想像一下……,"{""brace_token"":[],""escaped_control"":[],""literal_newline"":[],""markup_tag"":[],""printf_token"":[],""var_tag"":[]}",
HGHU-TW-003072,角色與劇情,<hgh_f c=0>彈藥男爵</hgh_f>的那些小型<hgh_f c=0>飛船</hgh_f>或許值得去看看。,"{""brace_token"":[],""escaped_control"":[],""literal_newline"":[],""markup_tag"":[""</hgh_f>"",""</hgh_f>"",""<hgh_f c=0>"",""<hgh_f c=0>""],""printf_token"":[],""var_tag"":[]}",
HGHU-TW-003073,角色與劇情,彈藥男爵的<hgh_f c=0>貨艙</hgh_f>非常大。裡面一定藏了什麼東西！,"{""brace_token"":[],""escaped_control"":[],""literal_newline"":[],""markup_tag"":[""</hgh_f>"",""<hgh_f c=0>""],""printf_token"":[],""var_tag"":[]}",
HGHU-TW-003074,角色與劇情,一台可以<hgh_f c=0>反轉</hgh_f>魔法的機器！,"{""brace_token"":[],""escaped_control"":[],""literal_newline"":[],""markup_tag"":[""</hgh_f>"",""<hgh_f c=0>""],""printf_token"":[],""var_tag"":[]}",
HGHU-TW-003075,角色與劇情,<hgh_f c=0>貨艙</hgh_f>可能還藏著祕密……,"{""brace_token"":[],""escaped_control"":[],""literal_newline"":[],""markup_tag"":[""</hgh_f>"",""<hgh_f c=0>""],""printf_token"":[],""var_tag"":[]}",
HGHU-TW-003076,角色與劇情,<hgh_f c=0>逆著瀑布往上游</hgh_f>是不可能的。一定有其他辦法。,"{""brace_token"":[],""escaped_control"":[],""literal_newline"":[],""markup_tag"":[""</hgh_f>"",""<hgh_f c=0>""],""printf_token"":[],""var_tag"":[]}",
HGHU-TW-003077,角色與劇情,我應該再去<hgh_f c=0>催眠男爵的城堡</hgh_f>拜訪一下。,"{""brace_token"":[],""escaped_control"":[],""literal_newline"":[],""markup_tag"":[""</hgh_f>"",""<hgh_f c=0>""],""printf_token"":[],""var_tag"":[]}",
HGHU-TW-003078,角色與劇情,<hgh_f c=0>城堡屋頂</hgh_f>在呼喚我。,"{""brace_token"":[],""escaped_control"":[],""literal_newline"":[],""markup_tag"":[""</hgh_f>"",""<hgh_f c=0>""],""printf_token"":[],""var_tag"":[]}",
HGHU-TW-003079,角色與劇情,<hgh_f c=0>城堡</hgh_f>可能還藏著祕密……,"{""brace_token"":[],""escaped_control"":[],""literal_newline"":[],""markup_tag"":[""</hgh_f>"",""<hgh_f c=0>""],""printf_token"":[],""var_tag"":[]}",
HGHU-TW-003080,角色與劇情,任何我想要的東西，<hgh_f c=0>只要我想拿</hgh_f>就是<hgh_f c=0>我的</hgh_f>。,"{""brace_token"":[],""escaped_control"":[],""literal_newline"":[],""markup_tag"":[""</hgh_f>"",""</hgh_f>"",""<hgh_f c=0>"",""<hgh_f c=0>""],""printf_token"":[],""var_tag"":[]}",
HGHU-TW-003081,角色與劇情,<hgh_f c=0>墓園橋</hgh_f>或許值得去看看。,"{""brace_token"":[],""escaped_control"":[],""literal_newline"":[],""markup_tag"":[""</hgh_f>"",""<hgh_f c=0>""],""printf_token"":[],""var_tag"":[]}",
HGHU-TW-003082,角色與劇情,我可以用我的<hgh_f c=0>海盜帽</hgh_f>來跨越一些寬闊的縫隙。嗯。,"{""brace_token"":[],""escaped_control"":[],""literal_newline"":[],""markup_tag"":[""</hgh_f>"",""<hgh_f c=0>""],""printf_token"":[],""var_tag"":[]}",
HGHU-TW-003083,角色與劇情,如果我使用<hgh_f c=0>黑暗魔法</hgh_f>來<hgh_f c=0>強化</hgh_f>我的<hgh_f c=0>加農砲跳躍</hgh_f>……嗯。,"{""brace_token"":[],""escaped_control"":[],""literal_newline"":[],""markup_tag"":[""</hgh_f>"",""</hgh_f>"",""</hgh_f>"",""<hgh_f c=0>"",""<hgh_f c=0>"",""<hgh_f c=0>""],""printf_token"":[],""var_tag"":[]}",
HGHU-TW-003084,角色與劇情,我只需要<hgh_f c=0>偽善者的魔法</hgh_f>。而沒有比那個該死的<hgh_f c=0>精靈界</hgh_f>更好的來源了！,"{""brace_token"":[],""escaped_control"":[],""literal_newline"":[],""markup_tag"":[""</hgh_f>"",""</hgh_f>"",""<hgh_f c=0>"",""<hgh_f c=0>""],""printf_token"":[],""var_tag"":[]}",
HGHU-TW-003085,角色與劇情,我打賭我可以在吊著<hgh_f c=0>抓鉤</hgh_f>的時候<hgh_f c=0>開火</hgh_f>。,"{""brace_token"":[],""escaped_control"":[],""literal_newline"":[],""markup_tag"":[""</hgh_f>"",""</hgh_f>"",""<hgh_f c=0>"",""<hgh_f c=0>""],""printf_token"":[],""var_tag"":[]}",
HGHU-TW-003086,角色與劇情,如果我把帽子的<hgh_f c=0>滑翔能力</hgh_f>和<hgh_f c=0>加農砲跳躍</hgh_f>結合，我就能跨越很長的距離！,"{""brace_token"":[],""escaped_control"":[],""literal_newline"":[],""markup_tag"":[""</hgh_f>"",""</hgh_f>"",""<hgh_f c=0>"",""<hgh_f c=0>""],""printf_token"":[],""var_tag"":[]}",
HGHU-TW-003087,角色與劇情,我會把她們的力量變成<hgh_f c=0>我自己的</hgh_f>！,"{""brace_token"":[],""escaped_control"":[],""literal_newline"":[],""markup_tag"":[""</hgh_f>"",""<hgh_f c=0>""],""printf_token"":[],""var_tag"":[]}",
HGHU-TW-003088,角色與劇情,如果我用<hgh_f c=0>黑暗魔法</hgh_f><hgh_f c=0>強化</hgh_f>我的<hgh_f c=0>手槍</hgh_f>，我就能輕鬆解決敵人！,"{""brace_token"":[],""escaped_control"":[],""literal_newline"":[],""markup_tag"":[""</hgh_f>"",""</hgh_f>"",""</hgh_f>"",""<hgh_f c=0>"",""<hgh_f c=0>"",""<hgh_f c=0>""],""printf_token"":[],""var_tag"":[]}",
HGHU-TW-003089,角色與劇情,如果我<hgh_f c=0>強化</hgh_f>我手槍的<hgh_f c=0>射速</hgh_f>，我就完全沒問題了！,"{""brace_token"":[],""escaped_control"":[],""literal_newline"":[],""markup_tag"":[""</hgh_f>"",""</hgh_f>"",""<hgh_f c=0>"",""<hgh_f c=0>""],""printf_token"":[],""var_tag"":[]}",
HGHU-TW-003090,角色與劇情,也許我該消耗一些<hgh_f c=0>黑暗魔法</hgh_f>來<hgh_f c=0>提升我的生命值</hgh_f>。,"{""brace_token"":[],""escaped_control"":[],""literal_newline"":[],""markup_tag"":[""</hgh_f>"",""</hgh_f>"",""<hgh_f c=0>"",""<hgh_f c=0>""],""printf_token"":[],""var_tag"":[]}",
HGHU-TW-003091,角色與劇情,然後我就能統治<hgh_f c=0>整個亮片大陸</hgh_f>！,"{""brace_token"":[],""escaped_control"":[],""literal_newline"":[],""markup_tag"":[""</hgh_f>"",""<hgh_f c=0>""],""printf_token"":[],""var_tag"":[]}",
HGHU-TW-003092,角色與劇情,也許我可以用我的<hgh_f c=0>黑暗魔法</hgh_f>來<hgh_f c=0>增加我的彈藥儲存量</hgh_f>。,"{""brace_token"":[],""escaped_control"":[],""literal_newline"":[],""markup_tag"":[""</hgh_f>"",""</hgh_f>"",""<hgh_f c=0>"",""<hgh_f c=0>""],""printf_token"":[],""var_tag"":[]}",
HGHU-TW-003093,角色與劇情,也許我的<hgh_f c=0>叮咯鬼們</hgh_f>可以幫忙解開某些<hgh_f c=0>謎題</hgh_f>。,"{""brace_token"":[],""escaped_control"":[],""literal_newline"":[],""markup_tag"":[""</hgh_f>"",""</hgh_f>"",""<hgh_f c=0>"",""<hgh_f c=0>""],""printf_token"":[],""var_tag"":[]}",
HGHU-TW-003094,角色與劇情,我的<hgh_f c=0>叮咯鬼們</hgh_f>可以攻擊敵人，或是啟動某些<hgh_f c=0>開關</hgh_f>。嗯……,"{""brace_token"":[],""escaped_control"":[],""literal_newline"":[],""markup_tag"":[""</hgh_f>"",""</hgh_f>"",""<hgh_f c=0>"",""<hgh_f c=0>""],""printf_token"":[],""var_tag"":[]}",
HGHU-TW-003095,角色與劇情,如果我能<hgh_f c=0>一次派出更多手下</hgh_f>，我就無敵了！,"{""brace_token"":[],""escaped_control"":[],""literal_newline"":[],""markup_tag"":[""</hgh_f>"",""<hgh_f c=0>""],""printf_token"":[],""var_tag"":[]}",
HGHU-TW-003096,角色與劇情,我打賭我可以在水下進行<hgh_f c=0>加農砲跳躍</hgh_f>。,"{""brace_token"":[],""escaped_control"":[],""literal_newline"":[],""markup_tag"":[""</hgh_f>"",""<hgh_f c=0>""],""printf_token"":[],""var_tag"":[]}",
HGHU-TW-003097,角色與劇情,仔細看好了。,"{""brace_token"":[],""escaped_control"":[],""literal_newline"":[],""markup_tag"":[],""printf_token"":[],""var_tag"":[]}",
HGHU-TW-003098,角色與劇情,我的<hgh_f c=0>加農砲跳躍</hgh_f>發射出的<hgh_f c=0>加農砲彈</hgh_f>具有<hgh_f c=0>破壞性</hgh_f>！,"{""brace_token"":[],""escaped_control"":[],""literal_newline"":[],""markup_tag"":[""</hgh_f>"",""</hgh_f>"",""</hgh_f>"",""<hgh_f c=0>"",""<hgh_f c=0>"",""<hgh_f c=0>""],""printf_token"":[],""var_tag"":[]}",
HGHU-TW-003099,角色與劇情,我的<hgh_f c=0>加農砲跳躍</hgh_f>發射出的<hgh_f c=0>加農砲彈</hgh_f>也許在<hgh_f c=0>水下</hgh_f>也能發揮作用。,"{""brace_token"":[],""escaped_control"":[],""literal_newline"":[],""markup_tag"":[""</hgh_f>"",""</hgh_f>"",""</hgh_f>"",""<hgh_f c=0>"",""<hgh_f c=0>"",""<hgh_f c=0>""],""printf_token"":[],""var_tag"":[]}",
HGHU-TW-003100,角色與劇情,沒錯。,"{""brace_token"":[],""escaped_control"":[],""literal_newline"":[],""markup_tag"":[],""printf_token"":[],""var_tag"":[]}",
HGHU-TW-003101,角色與劇情,我打賭我在<hgh_f c=0>水下</hgh_f>探索時也能使用<hgh_f c=0>抓鉤</hgh_f>！,"{""brace_token"":[],""escaped_control"":[],""literal_newline"":[],""markup_tag"":[""</hgh_f>"",""</hgh_f>"",""<hgh_f c=0>"",""<hgh_f c=0>""],""printf_token"":[],""var_tag"":[]}",
HGHU-TW-003102,角色與劇情,我在<hgh_f c=0>水下</hgh_f>探索時也能使用<hgh_f c=0>炸彈射擊</hgh_f>嗎？是時候測試這個理論了！,"{""brace_token"":[],""escaped_control"":[],""literal_newline"":[],""markup_tag"":[""</hgh_f>"",""</hgh_f>"",""<hgh_f c=0>"",""<hgh_f c=0>""],""printf_token"":[],""var_tag"":[]}",
HGHU-TW-003103,角色與劇情,泡熱水澡泡太久，皮膚會變皺的。,"{""brace_token"":[],""escaped_control"":[],""literal_newline"":[],""markup_tag"":[],""printf_token"":[],""var_tag"":[]}",
HGHU-TW-003104,角色與劇情,以它現在的狀態，這台機器太弱了，無法完成這麼大規模的任務。,"{""brace_token"":[],""escaped_control"":[],""literal_newline"":[],""markup_tag"":[],""printf_token"":[],""var_tag"":[]}",
HGHU-TW-003105,角色與劇情,泡個熱水澡能讓人放鬆，思緒也會更清晰。,"{""brace_token"":[],""escaped_control"":[],""literal_newline"":[],""markup_tag"":[],""printf_token"":[],""var_tag"":[]}",
HGHU-TW-003106,角色與劇情,啊啊啊！沒有人是我的對手。,"{""brace_token"":[],""escaped_control"":[],""literal_newline"":[],""markup_tag"":[],""printf_token"":[],""var_tag"":[]}",
HGHU-TW-003107,角色與劇情,我們需要<hgh_f c=0>五個零件</hgh_f>才能完成這項工作。,"{""brace_token"":[],""escaped_control"":[],""literal_newline"":[],""markup_tag"":[""</hgh_f>"",""<hgh_f c=0>""],""printf_token"":[],""var_tag"":[]}",
HGHU-TW-003108,角色與劇情,啊啊啊！真不敢相信有<hgh_f c=0>任何人</hgh_f>竟敢反抗我。,"{""brace_token"":[],""escaped_control"":[],""literal_newline"":[],""markup_tag"":[""</hgh_f>"",""<hgh_f c=0>""],""printf_token"":[],""var_tag"":[]}",
HGHU-TW-003109,角色與劇情,啊啊啊！沐浴油、燭光，還有一個充滿弱者的世界等著我去征服。,"{""brace_token"":[],""escaped_control"":[],""literal_newline"":[],""markup_tag"":[],""printf_token"":[],""var_tag"":[]}",
HGHU-TW-003110,角色與劇情,啊啊啊！又完成了一次襲擊回來了。,"{""brace_token"":[],""escaped_control"":[],""literal_newline"":[],""markup_tag"":[],""printf_token"":[],""var_tag"":[]}",
HGHU-TW-003111,角色與劇情,啊啊啊！有了舒服的熱水澡和一群阿諛奉承的蠢貨，誰還需要什麼王座啊。,"{""brace_token"":[],""escaped_control"":[],""literal_newline"":[],""markup_tag"":[],""printf_token"":[],""var_tag"":[]}",
HGHU-TW-003112,角色與劇情,啊啊啊！我相信你們這群小伙子把一切都打理得井井有條吧？,"{""brace_token"":[],""escaped_control"":[],""literal_newline"":[],""markup_tag"":[],""printf_token"":[],""var_tag"":[]}",
HGHU-TW-003113,角色與劇情,如果我有了它們，我就能<hgh_f c=0>升級</hgh_f>這台機器……,"{""brace_token"":[],""escaped_control"":[],""literal_newline"":[],""markup_tag"":[""</hgh_f>"",""<hgh_f c=0>""],""printf_token"":[],""var_tag"":[]}",
HGHU-TW-003114,角色與劇情,啊啊啊！你們這群小伙子記得把禁閉室刮乾淨了嗎？,"{""brace_token"":[],""escaped_control"":[],""literal_newline"":[],""markup_tag"":[],""printf_token"":[],""var_tag"":[]}",
HGHU-TW-003115,角色與劇情,啊啊啊！我當然希望一切都保持原樣，小伙子們。媽媽不在的時候，不准碰她的東西！,"{""brace_token"":[],""escaped_control"":[],""literal_newline"":[],""markup_tag"":[],""printf_token"":[],""var_tag"":[]}",
HGHU-TW-003116,角色與劇情,<hgh_f c=0>撕開</hgh_f>通往精靈界的通道……,"{""brace_token"":[],""escaped_control"":[],""literal_newline"":[],""markup_tag"":[""</hgh_f>"",""<hgh_f c=0>""],""printf_token"":[],""var_tag"":[]}",
HGHU-TW-003117,角色與劇情,<hgh_f c=0>腐化</hgh_f>它的魔法……,"{""brace_token"":[],""escaped_control"":[],""literal_newline"":[],""markup_tag"":[""</hgh_f>"",""<hgh_f c=0>""],""printf_token"":[],""var_tag"":[]}",
HGHU-TW-003118,角色與劇情,然後<hgh_f c=0>統治一切</hgh_f>！,"{""brace_token"":[],""escaped_control"":[],""literal_newline"":[],""markup_tag"":[""</hgh_f>"",""<hgh_f c=0>""],""printf_token"":[],""var_tag"":[]}",
HGHU-TW-003119,角色與劇情,哈哈哈，呵呵呵！！,"{""brace_token"":[],""escaped_control"":[],""literal_newline"":[],""markup_tag"":[],""printf_token"":[],""var_tag"":[]}",
HGHU-TW-003120,角色與劇情,當我按下這個開關，對立的<hgh_f c=0>光明魔法</hgh_f>和<hgh_f c=0>黑暗魔法</hgh_f>就會產生反應……,"{""brace_token"":[],""escaped_control"":[],""literal_newline"":[],""markup_tag"":[""</hgh_f>"",""</hgh_f>"",""<hgh_f c=0>"",""<hgh_f c=0>""],""printf_token"":[],""var_tag"":[]}",
HGHU-TW-003121,角色與劇情,你為什麼記不得了？,"{""brace_token"":[],""escaped_control"":[],""literal_newline"":[],""markup_tag"":[],""printf_token"":[],""var_tag"":[]}",
HGHU-TW-003122,角色與劇情,我們要去哪裡嗎……？,"{""brace_token"":[],""escaped_control"":[],""literal_newline"":[],""markup_tag"":[],""printf_token"":[],""var_tag"":[]}",
HGHU-TW-003123,角色與劇情,史凱！,"{""brace_token"":[],""escaped_control"":[],""literal_newline"":[],""markup_tag"":[],""printf_token"":[],""var_tag"":[]}",
HGHU-TW-003124,角色與劇情,我是誰？,"{""brace_token"":[],""escaped_control"":[],""literal_newline"":[],""markup_tag"":[],""printf_token"":[],""var_tag"":[]}",
HGHU-TW-003125,角色與劇情,史凱，<hgh_f c=0>振作點</hgh_f>！,"{""brace_token"":[],""escaped_control"":[],""literal_newline"":[],""markup_tag"":[""</hgh_f>"",""<hgh_f c=0>""],""printf_token"":[],""var_tag"":[]}",
HGHU-TW-003126,角色與劇情,我？可是<hgh_f c=0>怎麼做</hgh_f>？,"{""brace_token"":[],""escaped_control"":[],""literal_newline"":[],""markup_tag"":[""</hgh_f>"",""<hgh_f c=0>""],""printf_token"":[],""var_tag"":[]}",
HGHU-TW-003127,角色與劇情,我需要你載我去<hgh_f c=0>塔索鎮</hgh_f>！,"{""brace_token"":[],""escaped_control"":[],""literal_newline"":[],""markup_tag"":[""</hgh_f>"",""<hgh_f c=0>""],""printf_token"":[],""var_tag"":[]}",
HGHU-TW-003128,角色與劇情,塔索……鎮？,"{""brace_token"":[],""escaped_control"":[],""literal_newline"":[],""markup_tag"":[],""printf_token"":[],""var_tag"":[]}",
HGHU-TW-003129,角色與劇情,算了！就像你平常那樣，叫我上鳥背吧！,"{""brace_token"":[],""escaped_control"":[],""literal_newline"":[],""markup_tag"":[],""printf_token"":[],""var_tag"":[]}",
HGHU-TW-003130,角色與劇情,史凱，你確定這是市長給我的地點嗎？,"{""brace_token"":[],""escaped_control"":[],""literal_newline"":[],""markup_tag"":[],""printf_token"":[],""var_tag"":[]}",
HGHU-TW-003131,角色與劇情,市長……？,"{""brace_token"":[],""escaped_control"":[],""literal_newline"":[],""markup_tag"":[],""printf_token"":[],""var_tag"":[]}",
HGHU-TW-003132,角色與劇情,如果這裡是<hgh_f c=0>塔索鎮</hgh_f>，那它以前肯定風光過。,"{""brace_token"":[],""escaped_control"":[],""literal_newline"":[],""markup_tag"":[""</hgh_f>"",""<hgh_f c=0>""],""printf_token"":[],""var_tag"":[]}",
HGHU-TW-003133,角色與劇情,它被摧毀了！,"{""brace_token"":[],""escaped_control"":[],""literal_newline"":[],""markup_tag"":[],""printf_token"":[],""var_tag"":[]}",
HGHU-TW-003134,角色與劇情,我會盡我所能幫助妳。傾聽我的聲音，並像以前一樣跟隨妳的<hgh_f c=0>心</hgh_f>。,"{""brace_token"":[],""escaped_control"":[],""literal_newline"":[],""markup_tag"":[""</hgh_f>"",""<hgh_f c=0>""],""printf_token"":[],""var_tag"":[]}",
HGHU-TW-003135,角色與劇情,幾個世紀前。,"{""brace_token"":[],""escaped_control"":[],""literal_newline"":[],""markup_tag"":[],""printf_token"":[],""var_tag"":[]}",
HGHU-TW-003136,角色與劇情,誰在說話？,"{""brace_token"":[],""escaped_control"":[],""literal_newline"":[],""markup_tag"":[],""printf_token"":[],""var_tag"":[]}",
HGHU-TW-003137,角色與劇情,又是你。你到底在這裡做什麼？,"{""brace_token"":[],""escaped_control"":[],""literal_newline"":[],""markup_tag"":[],""printf_token"":[],""var_tag"":[]}",
HGHU-TW-003138,角色與劇情,哼。做我的工作。,"{""brace_token"":[],""escaped_control"":[],""literal_newline"":[],""markup_tag"":[],""printf_token"":[],""var_tag"":[]}",
HGHU-TW-003139,角色與劇情,斯卡托鎮的大家都<hgh_f c=0>失憶</hgh_f>了！,"{""brace_token"":[],""escaped_control"":[],""literal_newline"":[],""markup_tag"":[""</hgh_f>"",""<hgh_f c=0>""],""printf_token"":[],""var_tag"":[]}",
HGHU-TW-003140,角色與劇情,很明顯，這就是為什麼市長派我來這裡調查的原因。,"{""brace_token"":[],""escaped_control"":[],""literal_newline"":[],""markup_tag"":[],""printf_token"":[],""var_tag"":[]}",
HGHU-TW-003141,角色與劇情,只有這樣，<hgh_f c=0>我們這兩個世界</hgh_f>……,"{""brace_token"":[],""escaped_control"":[],""literal_newline"":[],""markup_tag"":[""</hgh_f>"",""<hgh_f c=0>""],""printf_token"":[],""var_tag"":[]}",
HGHU-TW-003142,角色與劇情,畢竟，我<hgh_f c=0>可是</hgh_f>鎮上的精靈！,"{""brace_token"":[],""escaped_control"":[],""literal_newline"":[],""markup_tag"":[""</hgh_f>"",""<hgh_f c=0>""],""printf_token"":[],""var_tag"":[]}",
HGHU-TW-003143,角色與劇情,或許我們合作的話，可以——,"{""brace_token"":[],""escaped_control"":[],""literal_newline"":[],""markup_tag"":[],""printf_token"":[],""var_tag"":[]}",
HGHU-TW-003144,角色與劇情,真可悲。,"{""brace_token"":[],""escaped_control"":[],""literal_newline"":[],""markup_tag"":[],""printf_token"":[],""var_tag"":[]}",
HGHU-TW-003145,角色與劇情,如果你這麼想拿回你的工作，為什麼不去找市長哭訴呢？,"{""brace_token"":[],""escaped_control"":[],""literal_newline"":[],""markup_tag"":[],""printf_token"":[],""var_tag"":[]}",
HGHU-TW-003146,角色與劇情,我不能……他也忘了一切。,"{""brace_token"":[],""escaped_control"":[],""literal_newline"":[],""markup_tag"":[],""printf_token"":[],""var_tag"":[]}",
HGHU-TW-003147,角色與劇情,嘖嘖嘖。,"{""brace_token"":[],""escaped_control"":[],""literal_newline"":[],""markup_tag"":[],""printf_token"":[],""var_tag"":[]}",
HGHU-TW-003148,角色與劇情,那就幫大家一個忙。,"{""brace_token"":[],""escaped_control"":[],""literal_newline"":[],""markup_tag"":[],""printf_token"":[],""var_tag"":[]}",
HGHU-TW-003149,角色與劇情,帶上你那個腦袋空空的朋友，回去做個過氣的人吧！,"{""brace_token"":[],""escaped_control"":[],""literal_newline"":[],""markup_tag"":[],""printf_token"":[],""var_tag"":[]}",
HGHU-TW-003150,角色與劇情,……才能得救。,"{""brace_token"":[],""escaped_control"":[],""literal_newline"":[],""markup_tag"":[],""printf_token"":[],""var_tag"":[]}",
HGHU-TW-003151,角色與劇情,嗯。她肯定在策劃什麼，我一定要查清楚！,"{""brace_token"":[],""escaped_control"":[],""literal_newline"":[],""markup_tag"":[],""printf_token"":[],""var_tag"":[]}",
HGHU-TW-003152,角色與劇情,史凱，你待在這裡，我到處看看。,"{""brace_token"":[],""escaped_control"":[],""literal_newline"":[],""markup_tag"":[],""printf_token"":[],""var_tag"":[]}",
HGHU-TW-003153,角色與劇情,等等……別走！,"{""brace_token"":[],""escaped_control"":[],""literal_newline"":[],""markup_tag"":[],""printf_token"":[],""var_tag"":[]}",
HGHU-TW-003154,角色與劇情,站住，霍莉·林格賓！,"{""brace_token"":[],""escaped_control"":[],""literal_newline"":[],""markup_tag"":[],""printf_token"":[],""var_tag"":[]}",
HGHU-TW-003155,角色與劇情,給我滾開！你沒看到我很忙嗎！？,"{""brace_token"":[],""escaped_control"":[],""literal_newline"":[],""markup_tag"":[],""printf_token"":[],""var_tag"":[]}",
HGHU-TW-003156,角色與劇情,我不知道斯卡托鎮的大家是怎麼失憶的……,"{""brace_token"":[],""escaped_control"":[],""literal_newline"":[],""markup_tag"":[],""printf_token"":[],""var_tag"":[]}",
HGHU-TW-003157,角色與劇情,但我猜這一切都是你在搞鬼！,"{""brace_token"":[],""escaped_control"":[],""literal_newline"":[],""markup_tag"":[],""printf_token"":[],""var_tag"":[]}",
HGHU-TW-003158,角色與劇情,廢話！,"{""brace_token"":[],""escaped_control"":[],""literal_newline"":[],""markup_tag"":[],""printf_token"":[],""var_tag"":[]}",
HGHU-TW-003159,角色與劇情,我最不想要的就是你那愚蠢的精靈工作！,"{""brace_token"":[],""escaped_control"":[],""literal_newline"":[],""markup_tag"":[],""printf_token"":[],""var_tag"":[]}",
HGHU-TW-003160,角色與劇情,所以<hgh_f c=0>果然</hgh_f>是你！,"{""brace_token"":[],""escaped_control"":[],""literal_newline"":[],""markup_tag"":[""</hgh_f>"",""<hgh_f c=0>""],""printf_token"":[],""var_tag"":[]}",
HGHU-TW-003161,角色與劇情,那我<hgh_f c=0>媽媽</hgh_f>呢？她和妳在一起嗎？,"{""brace_token"":[],""escaped_control"":[],""literal_newline"":[],""markup_tag"":[""</hgh_f>"",""<hgh_f c=0>""],""printf_token"":[],""var_tag"":[]}",
HGHU-TW-003162,角色與劇情,哼。好吧，我跟你說實話。,"{""brace_token"":[],""escaped_control"":[],""literal_newline"":[],""markup_tag"":[],""printf_token"":[],""var_tag"":[]}",
HGHU-TW-003163,角色與劇情,你看，我根本就不是什麼<hgh_f c=0>半精靈</hgh_f>。,"{""brace_token"":[],""escaped_control"":[],""literal_newline"":[],""markup_tag"":[""</hgh_f>"",""<hgh_f c=0>""],""printf_token"":[],""var_tag"":[]}",
HGHU-TW-003164,角色與劇情,好吧，那麼……,"{""brace_token"":[],""escaped_control"":[],""literal_newline"":[],""markup_tag"":[],""printf_token"":[],""var_tag"":[]}",
HGHU-TW-003165,角色與劇情,你到底是什麼？,"{""brace_token"":[],""escaped_control"":[],""literal_newline"":[],""markup_tag"":[],""printf_token"":[],""var_tag"":[]}",
HGHU-TW-003166,角色與劇情,我是一段<hgh_f c=0>記憶</hgh_f>！,"{""brace_token"":[],""escaped_control"":[],""literal_newline"":[],""markup_tag"":[""</hgh_f>"",""<hgh_f c=0>""],""printf_token"":[],""var_tag"":[]}",
HGHU-TW-003167,角色與劇情,有史以來<hgh_f c=0>最重要的人</hgh_f>的記憶！,"{""brace_token"":[],""escaped_control"":[],""literal_newline"":[],""markup_tag"":[""</hgh_f>"",""<hgh_f c=0>""],""printf_token"":[],""var_tag"":[]}",
HGHU-TW-003168,角色與劇情,<hgh_f c=0>什麼</hgh_f>？！,"{""brace_token"":[],""escaped_control"":[],""literal_newline"":[],""markup_tag"":[""</hgh_f>"",""<hgh_f c=0>""],""printf_token"":[],""var_tag"":[]}",
HGHU-TW-003169,角色與劇情,不可能！記憶不可能變成<hgh_f c=0>真人</hgh_f>！,"{""brace_token"":[],""escaped_control"":[],""literal_newline"":[],""markup_tag"":[""</hgh_f>"",""<hgh_f c=0>""],""printf_token"":[],""var_tag"":[]}",
HGHU-TW-003170,角色與劇情,拜託。當你像我一樣是個<hgh_f c=0>真正的傳奇</hgh_f>時，你可以成為<hgh_f c=0>任何你想要的樣子</hgh_f>！,"{""brace_token"":[],""escaped_control"":[],""literal_newline"":[],""markup_tag"":[""</hgh_f>"",""</hgh_f>"",""<hgh_f c=0>"",""<hgh_f c=0>""],""printf_token"":[],""var_tag"":[]}",
HGHU-TW-003171,角色與劇情,很久以前，我是塔索鎮最聰明、最美麗、最耀眼的明星！,"{""brace_token"":[],""escaped_control"":[],""literal_newline"":[],""markup_tag"":[],""printf_token"":[],""var_tag"":[]}",
HGHU-TW-003172,角色與劇情,我以極優等成績畢業，還是返校節女王，並且連續<hgh_f c=0>三年</hgh_f>當選塔索鎮小姐。,"{""brace_token"":[],""escaped_control"":[],""literal_newline"":[],""markup_tag"":[""</hgh_f>"",""<hgh_f c=0>""],""printf_token"":[],""var_tag"":[]}",
HGHU-TW-003173,角色與劇情,好吧……,"{""brace_token"":[],""escaped_control"":[],""literal_newline"":[],""markup_tag"":[],""printf_token"":[],""var_tag"":[]}",
HGHU-TW-003174,角色與劇情,我備受<hgh_f c=0>愛戴</hgh_f>與<hgh_f c=0>讚頌</hgh_f>，那些貢品、畫作、雕像和書籍——<hgh_f c=0>全都是關於我</hgh_f>的！,"{""brace_token"":[],""escaped_control"":[],""literal_newline"":[],""markup_tag"":[""</hgh_f>"",""</hgh_f>"",""</hgh_f>"",""<hgh_f c=0>"",""<hgh_f c=0>"",""<hgh_f c=0>""],""printf_token"":[],""var_tag"":[]}",
HGHU-TW-003175,角色與劇情,唉……有時候連我自己都不知道我是怎麼變得<hgh_f c=0>這麼了不起</hgh_f>的。,"{""brace_token"":[],""escaped_control"":[],""literal_newline"":[],""markup_tag"":[""</hgh_f>"",""<hgh_f c=0>""],""printf_token"":[],""var_tag"":[]}",
HGHU-TW-003176,角色與劇情,但後來這座愚蠢的小鎮被一場持續了幾百年的愚蠢沙塵暴給<hgh_f c=0>摧毀</hgh_f>了。有夠瞎的！！,"{""brace_token"":[],""escaped_control"":[],""literal_newline"":[],""markup_tag"":[""</hgh_f>"",""<hgh_f c=0>""],""printf_token"":[],""var_tag"":[]}",
HGHU-TW-003177,角色與劇情,關於我的記憶幾乎快要<hgh_f c=0>消失</hgh_f>了！,"{""brace_token"":[],""escaped_control"":[],""literal_newline"":[],""markup_tag"":[""</hgh_f>"",""<hgh_f c=0>""],""printf_token"":[],""var_tag"":[]}",
HGHU-TW-003178,角色與劇情,唉。,"{""brace_token"":[],""escaped_control"":[],""literal_newline"":[],""markup_tag"":[],""printf_token"":[],""var_tag"":[]}",
HGHU-TW-003179,角色與劇情,幸好我遇到了<hgh_f c=0>威爾伯</hgh_f>。,"{""brace_token"":[],""escaped_control"":[],""literal_newline"":[],""markup_tag"":[""</hgh_f>"",""<hgh_f c=0>""],""printf_token"":[],""var_tag"":[]}",
HGHU-TW-003180,角色與劇情,我快聽不見妳的聲音了！,"{""brace_token"":[],""escaped_control"":[],""literal_newline"":[],""markup_tag"":[],""printf_token"":[],""var_tag"":[]}",
HGHU-TW-003181,角色與劇情,<hgh_f c=0>威爾伯</hgh_f>！,"{""brace_token"":[],""escaped_control"":[],""literal_newline"":[],""markup_tag"":[""</hgh_f>"",""<hgh_f c=0>""],""printf_token"":[],""var_tag"":[]}",
HGHU-TW-003182,角色與劇情,來吧乖狗狗！吃飯時間到囉！,"{""brace_token"":[],""escaped_control"":[],""literal_newline"":[],""markup_tag"":[],""printf_token"":[],""var_tag"":[]}",
HGHU-TW-003183,角色與劇情,哇！,"{""brace_token"":[],""escaped_control"":[],""literal_newline"":[],""markup_tag"":[],""printf_token"":[],""var_tag"":[]}",
HGHU-TW-003184,角色與劇情,又是那條<hgh_f c=0>巨大的蟲子</hgh_f>！,"{""brace_token"":[],""escaped_control"":[],""literal_newline"":[],""markup_tag"":[""</hgh_f>"",""<hgh_f c=0>""],""printf_token"":[],""var_tag"":[]}",
HGHU-TW-003185,角色與劇情,威爾伯是一種稀有的巨大蜈蚣綱生物，專以<hgh_f c=0>神經傳導物質為食</hgh_f>！很酷吧？,"{""brace_token"":[],""escaped_control"":[],""literal_newline"":[],""markup_tag"":[""</hgh_f>"",""<hgh_f c=0>""],""printf_token"":[],""var_tag"":[]}",
HGHU-TW-003186,角色與劇情,總之，我意識到為了成為<hgh_f c=0>最強烈的記憶</hgh_f>，我只需要把<hgh_f c=0>所有其他</hgh_f>的記憶餵給他，把它們通通消滅掉就行了！,"{""brace_token"":[],""escaped_control"":[],""literal_newline"":[],""markup_tag"":[""</hgh_f>"",""</hgh_f>"",""<hgh_f c=0>"",""<hgh_f c=0>""],""printf_token"":[],""var_tag"":[]}",
HGHU-TW-003187,角色與劇情,跟你的<hgh_f c=0>朋友們</hgh_f>說再見吧！他們快要變成<hgh_f c=0>蟲子的食物</hgh_f>了！,"{""brace_token"":[],""escaped_control"":[],""literal_newline"":[],""markup_tag"":[""</hgh_f>"",""</hgh_f>"",""<hgh_f c=0>"",""<hgh_f c=0>""],""printf_token"":[],""var_tag"":[]}",
HGHU-TW-003188,角色與劇情,她也處於<hgh_f c=0>危險</hgh_f>之中嗎？請告訴我！,"{""brace_token"":[],""escaped_control"":[],""literal_newline"":[],""markup_tag"":[""</hgh_f>"",""<hgh_f c=0>""],""printf_token"":[],""var_tag"":[]}",
HGHU-TW-003189,角色與劇情,去吧，吃掉他們！,"{""brace_token"":[],""escaped_control"":[],""literal_newline"":[],""markup_tag"":[],""printf_token"":[],""var_tag"":[]}",
HGHU-TW-003190,角色與劇情,不要！！！,"{""brace_token"":[],""escaped_control"":[],""literal_newline"":[],""markup_tag"":[],""printf_token"":[],""var_tag"":[]}",
HGHU-TW-003191,角色與劇情,你這個<hgh_f c=0>怪物</hgh_f>！！,"{""brace_token"":[],""escaped_control"":[],""literal_newline"":[],""markup_tag"":[""</hgh_f>"",""<hgh_f c=0>""],""printf_token"":[],""var_tag"":[]}",
HGHU-TW-003192,角色與劇情,唉呀！,"{""brace_token"":[],""escaped_control"":[],""literal_newline"":[],""markup_tag"":[],""printf_token"":[],""var_tag"":[]}",
HGHU-TW-003193,角色與劇情,既然我似乎無法穿透你愚蠢的<hgh_f c=0>精靈腦袋</hgh_f>，那我只好動用一些<hgh_f c=0>粗暴</hgh_f>的手段了。,"{""brace_token"":[],""escaped_control"":[],""literal_newline"":[],""markup_tag"":[""</hgh_f>"",""</hgh_f>"",""<hgh_f c=0>"",""<hgh_f c=0>""],""printf_token"":[],""var_tag"":[]}",
HGHU-TW-003194,角色與劇情,威爾伯！！,"{""brace_token"":[],""escaped_control"":[],""literal_newline"":[],""markup_tag"":[],""printf_token"":[],""var_tag"":[]}",
HGHU-TW-003195,角色與劇情,碾碎她！,"{""brace_token"":[],""escaped_control"":[],""literal_newline"":[],""markup_tag"":[],""printf_token"":[],""var_tag"":[]}",
HGHU-TW-003196,角色與劇情,你這笨蛋！看看你做了什麼好事！,"{""brace_token"":[],""escaped_control"":[],""literal_newline"":[],""markup_tag"":[],""printf_token"":[],""var_tag"":[]}",
HGHU-TW-003197,角色與劇情,所有那些<hgh_f c=0>記憶</hgh_f>！,"{""brace_token"":[],""escaped_control"":[],""literal_newline"":[],""markup_tag"":[""</hgh_f>"",""<hgh_f c=0>""],""printf_token"":[],""var_tag"":[]}",
HGHU-TW-003198,角色與劇情,他們現在自由了。這才是他們<hgh_f c=0>本該有</hgh_f>的樣子！,"{""brace_token"":[],""escaped_control"":[],""literal_newline"":[],""markup_tag"":[""</hgh_f>"",""<hgh_f c=0>""],""printf_token"":[],""var_tag"":[]}",
HGHU-TW-003199,角色與劇情,但是每個記憶都應該是關於<hgh_f c=0>我</hgh_f>的！<hgh_f c=0>我</hgh_f>的！！,"{""brace_token"":[],""escaped_control"":[],""literal_newline"":[],""markup_tag"":[""</hgh_f>"",""</hgh_f>"",""<hgh_f c=0>"",""<hgh_f c=0>""],""printf_token"":[],""var_tag"":[]}",
HGHU-TW-003200,角色與劇情,嗯，我敢說<hgh_f c=0>其中一些</hgh_f>是的。只是不可能<hgh_f c=0>全部</hgh_f>都是。,"{""brace_token"":[],""escaped_control"":[],""literal_newline"":[],""markup_tag"":[""</hgh_f>"",""</hgh_f>"",""<hgh_f c=0>"",""<hgh_f c=0>""],""printf_token"":[],""var_tag"":[]}",
HGHU-TW-003201,角色與劇情,拜託，我必須知道！,"{""brace_token"":[],""escaped_control"":[],""literal_newline"":[],""markup_tag"":[],""printf_token"":[],""var_tag"":[]}",
HGHU-TW-003202,角色與劇情,你竟敢這麼說！我是令人難忘的！我會讓你看看的！,"{""brace_token"":[],""escaped_control"":[],""literal_newline"":[],""markup_tag"":[],""printf_token"":[],""var_tag"":[]}",
HGHU-TW-003203,角色與劇情,太太太太太不公平了！！！,"{""brace_token"":[],""escaped_control"":[],""literal_newline"":[],""markup_tag"":[],""printf_token"":[],""var_tag"":[]}",
HGHU-TW-003204,角色與劇情,呃！,"{""brace_token"":[],""escaped_control"":[],""literal_newline"":[],""markup_tag"":[],""printf_token"":[],""var_tag"":[]}",
HGHU-TW-003205,角色與劇情,真是個討厭鬼……,"{""brace_token"":[],""escaped_control"":[],""literal_newline"":[],""markup_tag"":[],""printf_token"":[],""var_tag"":[]}",
HGHU-TW-003206,角色與劇情,別丟下我！,"{""brace_token"":[],""escaped_control"":[],""literal_newline"":[],""markup_tag"":[],""printf_token"":[],""var_tag"":[]}",
HGHU-TW-003207,角色與劇情,大家都恢復正常了！,"{""brace_token"":[],""escaped_control"":[],""literal_newline"":[],""markup_tag"":[],""printf_token"":[],""var_tag"":[]}",
HGHU-TW-003208,角色與劇情,所以<hgh_f c=0>Holly</hgh_f>才是這一切的幕後黑手。,"{""brace_token"":[],""escaped_control"":[],""literal_newline"":[],""markup_tag"":[""</hgh_f>"",""<hgh_f c=0>""],""printf_token"":[],""var_tag"":[]}",
HGHU-TW-003209,角色與劇情,我一直懷疑她是個<hgh_f c=0>記憶吸血鬼</hgh_f>！,"{""brace_token"":[],""escaped_control"":[],""literal_newline"":[],""markup_tag"":[""</hgh_f>"",""<hgh_f c=0>""],""printf_token"":[],""var_tag"":[]}",
HGHU-TW-003210,角色與劇情,嗯……<hgh_f c=0>可憐的 Holly</hgh_f>。過了這麼久她還是不明白。,"{""brace_token"":[],""escaped_control"":[],""literal_newline"":[],""markup_tag"":[""</hgh_f>"",""<hgh_f c=0>""],""printf_token"":[],""var_tag"":[]}",
HGHU-TW-003211,角色與劇情,我們<hgh_f c=0>真正的遺產</hgh_f>並不是寫在歷史書上的東西，而是留存在那些我們曾經感動過的人的<hgh_f c=0>心中</hgh_f>。,"{""brace_token"":[],""escaped_control"":[],""literal_newline"":[],""markup_tag"":[""</hgh_f>"",""</hgh_f>"",""<hgh_f c=0>"",""<hgh_f c=0>""],""printf_token"":[],""var_tag"":[]}",
HGHU-TW-003212,角色與劇情,說得好，心軟的傢伙。,"{""brace_token"":[],""escaped_control"":[],""literal_newline"":[],""markup_tag"":[],""printf_token"":[],""var_tag"":[]}",
HGHU-TW-003213,角色與劇情,我才不心軟！我只是一隻腳踏進棺材了而已，就這樣！,"{""brace_token"":[],""escaped_control"":[],""literal_newline"":[],""markup_tag"":[],""printf_token"":[],""var_tag"":[]}",
HGHU-TW-003214,角色與劇情,我還是不知道該怎麼向市長解釋這一切。,"{""brace_token"":[],""escaped_control"":[],""literal_newline"":[],""markup_tag"":[],""printf_token"":[],""var_tag"":[]}",
HGHU-TW-003215,角色與劇情,算了吧，他大概會把這一切都忘得一乾二淨。,"{""brace_token"":[],""escaped_control"":[],""literal_newline"":[],""markup_tag"":[],""printf_token"":[],""var_tag"":[]}",
HGHU-TW-003216,角色與劇情,走吧。我們得去確認大家都平安無事。,"{""brace_token"":[],""escaped_control"":[],""literal_newline"":[],""markup_tag"":[],""printf_token"":[],""var_tag"":[]}",
HGHU-TW-003217,角色與劇情,好了。事情解決了，我終於可以回去工作了！,"{""brace_token"":[],""escaped_control"":[],""literal_newline"":[],""markup_tag"":[],""printf_token"":[],""var_tag"":[]}",
HGHU-TW-003218,角色與劇情,剛剛說到哪了？,"{""brace_token"":[],""escaped_control"":[],""literal_newline"":[],""markup_tag"":[],""printf_token"":[],""var_tag"":[]}",
HGHU-TW-003219,角色與劇情,對了。根據藍圖，我需要對立的<hgh_f c=0>碎片</hgh_f>，在磁極上方創造正負能量的平衡……,"{""brace_token"":[],""escaped_control"":[],""literal_newline"":[],""markup_tag"":[""</hgh_f>"",""<hgh_f c=0>""],""printf_token"":[],""var_tag"":[]}",
HGHU-TW-003220,角色與劇情,碎片？是指<hgh_f c=0>黑暗魔法</hgh_f>和<hgh_f c=0>光明魔法</hgh_f>嗎？,"{""brace_token"":[],""escaped_control"":[],""literal_newline"":[],""markup_tag"":[""</hgh_f>"",""</hgh_f>"",""<hgh_f c=0>"",""<hgh_f c=0>""],""printf_token"":[],""var_tag"":[]}",
HGHU-TW-003221,角色與劇情,指示寫得很清楚！,"{""brace_token"":[],""escaped_control"":[],""literal_newline"":[],""markup_tag"":[],""printf_token"":[],""var_tag"":[]}",
HGHU-TW-003222,角色與劇情,嗯……我不喜歡跟<hgh_f c=0>黑暗魔法</hgh_f>扯上關係，叔叔。,"{""brace_token"":[],""escaped_control"":[],""literal_newline"":[],""markup_tag"":[""</hgh_f>"",""<hgh_f c=0>""],""printf_token"":[],""var_tag"":[]}",
HGHU-TW-003223,角色與劇情,只要保持適當的平衡，黑暗和光明魔法就不會構成威脅。,"{""brace_token"":[],""escaped_control"":[],""literal_newline"":[],""markup_tag"":[],""printf_token"":[],""var_tag"":[]}",
HGHU-TW-003224,角色與劇情,但為了以防萬一，我們會格外小心的。,"{""brace_token"":[],""escaped_control"":[],""literal_newline"":[],""markup_tag"":[],""printf_token"":[],""var_tag"":[]}",
HGHU-TW-003225,角色與劇情,好嗎？,"{""brace_token"":[],""escaped_control"":[],""literal_newline"":[],""markup_tag"":[],""printf_token"":[],""var_tag"":[]}",
HGHU-TW-003226,角色與劇情,我想也是吧，叔叔。,"{""brace_token"":[],""escaped_control"":[],""literal_newline"":[],""markup_tag"":[],""printf_token"":[],""var_tag"":[]}",
HGHU-TW-003227,角色與劇情,那我要去哪裡找<hgh_f c=0>黑暗碎片</hgh_f>呢？,"{""brace_token"":[],""escaped_control"":[],""literal_newline"":[],""markup_tag"":[""</hgh_f>"",""<hgh_f c=0>""],""printf_token"":[],""var_tag"":[]}",
HGHU-TW-003228,角色與劇情,哦，嗨，年輕的小姐。,"{""brace_token"":[],""escaped_control"":[],""literal_newline"":[],""markup_tag"":[],""printf_token"":[],""var_tag"":[]}",
HGHU-TW-003229,角色與劇情,我是水滴魚奶奶。,"{""brace_token"":[],""escaped_control"":[],""literal_newline"":[],""markup_tag"":[],""printf_token"":[],""var_tag"":[]}",
HGHU-TW-003230,角色與劇情,我本來想請你坐一下，但我現在有點手忙腳亂的。,"{""brace_token"":[],""escaped_control"":[],""literal_newline"":[],""markup_tag"":[],""printf_token"":[],""var_tag"":[]}",
HGHU-TW-003231,角色與劇情,你看，我的孫子們都跑去玩了。,"{""brace_token"":[],""escaped_control"":[],""literal_newline"":[],""markup_tag"":[],""printf_token"":[],""var_tag"":[]}",
HGHU-TW-003232,角色與劇情,要盯著這些小搗蛋，簡直比在乾燥的麥片裡抓蛇還難。,"{""brace_token"":[],""escaped_control"":[],""literal_newline"":[],""markup_tag"":[],""printf_token"":[],""var_tag"":[]}",
HGHU-TW-003233,角色與劇情,他們就在這附近某個地方。,"{""brace_token"":[],""escaped_control"":[],""literal_newline"":[],""markup_tag"":[],""printf_token"":[],""var_tag"":[]}",
HGHU-TW-003234,角色與劇情,哎呀呀！,"{""brace_token"":[],""escaped_control"":[],""literal_newline"":[],""markup_tag"":[],""printf_token"":[],""var_tag"":[]}",
HGHU-TW-003235,角色與劇情,你能抽出一點時間幫幫我這個老太婆嗎？,"{""brace_token"":[],""escaped_control"":[],""literal_newline"":[],""markup_tag"":[],""printf_token"":[],""var_tag"":[]}",
HGHU-TW-003236,角色與劇情,那太好了。,"{""brace_token"":[],""escaped_control"":[],""literal_newline"":[],""markup_tag"":[],""printf_token"":[],""var_tag"":[]}",
HGHU-TW-003237,角色與劇情,來，我有個東西要給你。,"{""brace_token"":[],""escaped_control"":[],""literal_newline"":[],""markup_tag"":[],""printf_token"":[],""var_tag"":[]}",
HGHU-TW-003238,角色與劇情,這能幫你<hgh_f c=0>切開</hgh_f>那些長滿草的東西。,"{""brace_token"":[],""escaped_control"":[],""literal_newline"":[],""markup_tag"":[""</hgh_f>"",""<hgh_f c=0>""],""printf_token"":[],""var_tag"":[]}",
HGHU-TW-003239,角色與劇情,總共有 <hgh_f c=0>5 個水滴魚小孩</hgh_f>。,"{""brace_token"":[],""escaped_control"":[],""literal_newline"":[],""markup_tag"":[""</hgh_f>"",""<hgh_f c=0>""],""printf_token"":[],""var_tag"":[]}",
HGHU-TW-003240,角色與劇情,請告訴他們，是時候該回奶奶家了。,"{""brace_token"":[],""escaped_control"":[],""literal_newline"":[],""markup_tag"":[],""printf_token"":[],""var_tag"":[]}",
HGHU-TW-003241,角色與劇情,剛才那個夢也太扯了吧！,"{""brace_token"":[],""escaped_control"":[],""literal_newline"":[],""markup_tag"":[],""printf_token"":[],""var_tag"":[]}",
HGHU-TW-003242,角色與劇情,那太好了。,"{""brace_token"":[],""escaped_control"":[],""literal_newline"":[],""markup_tag"":[],""printf_token"":[],""var_tag"":[]}",
HGHU-TW-003243,角色與劇情,來，我有個東西要給你。,"{""brace_token"":[],""escaped_control"":[],""literal_newline"":[],""markup_tag"":[],""printf_token"":[],""var_tag"":[]}",
HGHU-TW-003244,角色與劇情,總共有 <hgh_f c=0>5 個水滴魚小孩</hgh_f>。,"{""brace_token"":[],""escaped_control"":[],""literal_newline"":[],""markup_tag"":[""</hgh_f>"",""<hgh_f c=0>""],""printf_token"":[],""var_tag"":[]}",
HGHU-TW-003245,角色與劇情,請告訴他們，是時候該回奶奶家了。,"{""brace_token"":[],""escaped_control"":[],""literal_newline"":[],""markup_tag"":[],""printf_token"":[],""var_tag"":[]}",
HGHU-TW-003246,角色與劇情,從現在起不能再躺在床上看<hgh_f c=0>漫畫書</hgh_f>了！,"{""brace_token"":[],""escaped_control"":[],""literal_newline"":[],""markup_tag"":[""</hgh_f>"",""<hgh_f c=0>""],""printf_token"":[],""var_tag"":[]}",
HGHU-TW-003247,角色與劇情,請把 <hgh_f c=0>5 個水滴魚小孩</hgh_f>全都帶回來。,"{""brace_token"":[],""escaped_control"":[],""literal_newline"":[],""markup_tag"":[""</hgh_f>"",""<hgh_f c=0>""],""printf_token"":[],""var_tag"":[]}",
HGHU-TW-003248,角色與劇情,他們喜歡在那些<hgh_f c=0>長滿草的東西</hgh_f>裡游來游去。,"{""brace_token"":[],""escaped_control"":[],""literal_newline"":[],""markup_tag"":[""</hgh_f>"",""<hgh_f c=0>""],""printf_token"":[],""var_tag"":[]}",
HGHU-TW-003249,角色與劇情,你說什麼？你找到我的孫子們了？,"{""brace_token"":[],""escaped_control"":[],""literal_newline"":[],""markup_tag"":[],""printf_token"":[],""var_tag"":[]}",
HGHU-TW-003250,角色與劇情,哎呀，那可不行，你還少找了幾個。打開<hgh_f c=0>子畫面</hgh_f>看看你找到了幾個，好嗎？,"{""brace_token"":[],""escaped_control"":[],""literal_newline"":[],""markup_tag"":[""</hgh_f>"",""<hgh_f c=0>""],""printf_token"":[],""var_tag"":[]}",
HGHU-TW-003251,角色與劇情,而且那一整桶的餅乾麵團冰淇淋大概也幫了倒忙。,"{""brace_token"":[],""escaped_control"":[],""literal_newline"":[],""markup_tag"":[],""printf_token"":[],""var_tag"":[]}",
HGHU-TW-003252,角色與劇情,還沒找齊嗎？記得去那些長滿草的東西後面找找看。,"{""brace_token"":[],""escaped_control"":[],""literal_newline"":[],""markup_tag"":[],""printf_token"":[],""var_tag"":[]}",
HGHU-TW-003253,角色與劇情,哎呀，我的天啊，你找到他們了。,"{""brace_token"":[],""escaped_control"":[],""literal_newline"":[],""markup_tag"":[],""printf_token"":[],""var_tag"":[]}",
HGHU-TW-003254,角色與劇情,這真是讓我開心得要飛上天了。,"{""brace_token"":[],""escaped_control"":[],""literal_newline"":[],""markup_tag"":[],""printf_token"":[],""var_tag"":[]}",
HGHU-TW-003255,角色與劇情,我想給你一些回報。讓我看看我這奇怪的包包裡有什麼。,"{""brace_token"":[],""escaped_control"":[],""literal_newline"":[],""markup_tag"":[],""printf_token"":[],""var_tag"":[]}",
HGHU-TW-003256,角色與劇情,那是一張不知道做什麼用的門票。,"{""brace_token"":[],""escaped_control"":[],""literal_newline"":[],""markup_tag"":[],""printf_token"":[],""var_tag"":[]}",
HGHU-TW-003257,角色與劇情,算了！,"{""brace_token"":[],""escaped_control"":[],""literal_newline"":[],""markup_tag"":[],""printf_token"":[],""var_tag"":[]}",
HGHU-TW-003258,角色與劇情,這是郵差送來的，郵資已付，所以大概是年輕人會喜歡的東西吧。,"{""brace_token"":[],""escaped_control"":[],""literal_newline"":[],""markup_tag"":[],""printf_token"":[],""var_tag"":[]}",
HGHU-TW-003259,角色與劇情,你快去忙吧。,"{""brace_token"":[],""escaped_control"":[],""literal_newline"":[],""markup_tag"":[],""printf_token"":[],""var_tag"":[]}",
HGHU-TW-003260,角色與劇情,我確定這些都是我親生的孫子。不過如果不是的話，你也找得很接近了，這才是最重要的。,"{""brace_token"":[],""escaped_control"":[],""literal_newline"":[],""markup_tag"":[],""printf_token"":[],""var_tag"":[]}",
HGHU-TW-003261,角色與劇情,我剛去過水療中心。那是什麼鬼地方？,"{""brace_token"":[],""escaped_control"":[],""literal_newline"":[],""markup_tag"":[],""printf_token"":[],""var_tag"":[]}",
HGHU-TW-003262,角色與劇情,一個讓人沉溺在奢華中，讓身體變得軟弱的地方嗎？,"{""brace_token"":[],""escaped_control"":[],""literal_newline"":[],""markup_tag"":[],""printf_token"":[],""var_tag"":[]}",
HGHU-TW-003263,角色與劇情,既然都起床了，去找<hgh_f c=0>叔叔</hgh_f>吧！,"{""brace_token"":[],""escaped_control"":[],""literal_newline"":[],""markup_tag"":[""</hgh_f>"",""<hgh_f c=0>""],""printf_token"":[],""var_tag"":[]}",
HGHU-TW-003264,角色與劇情,這不適合我。,"{""brace_token"":[],""escaped_control"":[],""literal_newline"":[],""markup_tag"":[],""printf_token"":[],""var_tag"":[]}",
HGHU-TW-003265,角色與劇情,絕對不適合。,"{""brace_token"":[],""escaped_control"":[],""literal_newline"":[],""markup_tag"":[],""printf_token"":[],""var_tag"":[]}",
HGHU-TW-003266,角色與劇情,力量必須透過嚴格的飲食和刻苦的鍛鍊來獲得！,"{""brace_token"":[],""escaped_control"":[],""literal_newline"":[],""markup_tag"":[],""printf_token"":[],""var_tag"":[]}",
HGHU-TW-003267,角色與劇情,我渴望<hgh_f c=0>蛋白質</hgh_f>！,"{""brace_token"":[],""escaped_control"":[],""literal_newline"":[],""markup_tag"":[""</hgh_f>"",""<hgh_f c=0>""],""printf_token"":[],""var_tag"":[]}",
HGHU-TW-003268,角色與劇情,只有<hgh_f c=0>怪物</hgh_f>的<hgh_f c=0>蛋</hgh_f>才能解我的渴！,"{""brace_token"":[],""escaped_control"":[],""literal_newline"":[],""markup_tag"":[""</hgh_f>"",""</hgh_f>"",""<hgh_f c=0>"",""<hgh_f c=0>""],""printf_token"":[],""var_tag"":[]}",
HGHU-TW-003269,角色與劇情,當你找到<hgh_f c=0>怪物蛋</hgh_f>時，把它帶給我，讓我吃掉它！,"{""brace_token"":[],""escaped_control"":[],""literal_newline"":[],""markup_tag"":[""</hgh_f>"",""<hgh_f c=0>""],""printf_token"":[],""var_tag"":[]}",
HGHU-TW-003270,角色與劇情,他可能在他的<hgh_f c=0>工作室</hgh_f>裡，深陷在一堆小玩意和奇技淫巧中。,"{""brace_token"":[],""escaped_control"":[],""literal_newline"":[],""markup_tag"":[""</hgh_f>"",""<hgh_f c=0>""],""printf_token"":[],""var_tag"":[]}",
HGHU-TW-003271,角色與劇情,噢！,"{""brace_token"":[],""escaped_control"":[],""literal_newline"":[],""markup_tag"":[],""printf_token"":[],""var_tag"":[]}",
HGHU-TW-003272,角色與劇情,那顆<hgh_f c=0>怪物蛋</hgh_f>是給我的嗎？,"{""brace_token"":[],""escaped_control"":[],""literal_newline"":[],""markup_tag"":[""</hgh_f>"",""<hgh_f c=0>""],""printf_token"":[],""var_tag"":[]}",
HGHU-TW-003273,角色與劇情,就這麼辦吧。,"{""brace_token"":[],""escaped_control"":[],""literal_newline"":[],""markup_tag"":[],""printf_token"":[],""var_tag"":[]}",
HGHU-TW-003274,角色與劇情,太棒了。,"{""brace_token"":[],""escaped_control"":[],""literal_newline"":[],""markup_tag"":[],""printf_token"":[],""var_tag"":[]}",
HGHU-TW-003275,角色與劇情,堡壘是一磚一瓦建起來的。,"{""brace_token"":[],""escaped_control"":[],""literal_newline"":[],""markup_tag"":[],""printf_token"":[],""var_tag"":[]}",
HGHU-TW-003276,角色與劇情,你的身體也是一樣。永遠別忘了這一點。,"{""brace_token"":[],""escaped_control"":[],""literal_newline"":[],""markup_tag"":[],""printf_token"":[],""var_tag"":[]}",
HGHU-TW-003277,角色與劇情,拿去。這是對你努力的獎賞。,"{""brace_token"":[],""escaped_control"":[],""literal_newline"":[],""markup_tag"":[],""printf_token"":[],""var_tag"":[]}",
HGHU-TW-003278,角色與劇情,我不需要那個東西。,"{""brace_token"":[],""escaped_control"":[],""literal_newline"":[],""markup_tag"":[],""printf_token"":[],""var_tag"":[]}",
HGHU-TW-003279,角色與劇情,我能感覺到<hgh_f c=0>怪物蛋</hgh_f>的原始力量在體內流動。,"{""brace_token"":[],""escaped_control"":[],""literal_newline"":[],""markup_tag"":[""</hgh_f>"",""<hgh_f c=0>""],""printf_token"":[],""var_tag"":[]}",
HGHU-TW-003280,角色與劇情,嘿，小甜心。最近怎麼樣？,"{""brace_token"":[],""escaped_control"":[],""literal_newline"":[],""markup_tag"":[],""printf_token"":[],""var_tag"":[]}",
HGHU-TW-003281,角色與劇情,別那樣叫我。,"{""brace_token"":[],""escaped_control"":[],""literal_newline"":[],""markup_tag"":[],""printf_token"":[],""var_tag"":[]}",
HGHU-TW-003282,角色與劇情,好喔！,"{""brace_token"":[],""escaped_control"":[],""literal_newline"":[],""markup_tag"":[],""printf_token"":[],""var_tag"":[]}",
HGHU-TW-003283,角色與劇情,聽我說。我一直想和我的兄弟們去看那場大型比賽，但那兩個傢伙窮得要命！,"{""brace_token"":[],""escaped_control"":[],""literal_newline"":[],""markup_tag"":[],""printf_token"":[],""var_tag"":[]}",
HGHU-TW-003284,角色與劇情,大型比賽？,"{""brace_token"":[],""escaped_control"":[],""literal_newline"":[],""markup_tag"":[],""printf_token"":[],""var_tag"":[]}",
HGHU-TW-003285,角色與劇情,在<hgh_f c=0>甲殼角</hgh_f>的<hgh_f c=0>賽車場</hgh_f>！,"{""brace_token"":[],""escaped_control"":[],""literal_newline"":[],""markup_tag"":[""</hgh_f>"",""</hgh_f>"",""<hgh_f c=0>"",""<hgh_f c=0>""],""printf_token"":[],""var_tag"":[]}",
HGHU-TW-003286,角色與劇情,幫我弄到<hgh_f c=0>兩張門票</hgh_f>去看那場大賽，作為回報……,"{""brace_token"":[],""escaped_control"":[],""literal_newline"":[],""markup_tag"":[""</hgh_f>"",""<hgh_f c=0>""],""printf_token"":[],""var_tag"":[]}",
HGHU-TW-003287,角色與劇情,我會給你一些好東西！,"{""brace_token"":[],""escaped_control"":[],""literal_newline"":[],""markup_tag"":[],""printf_token"":[],""var_tag"":[]}",
HGHU-TW-003288,角色與劇情,Rotty……,"{""brace_token"":[],""escaped_control"":[],""literal_newline"":[],""markup_tag"":[],""printf_token"":[],""var_tag"":[]}",
HGHU-TW-003289,角色與劇情,你為什麼老是要這麼難搞？,"{""brace_token"":[],""escaped_control"":[],""literal_newline"":[],""markup_tag"":[],""printf_token"":[],""var_tag"":[]}",
HGHU-TW-003290,角色與劇情,幫我弄到<hgh_f c=0>兩張門票</hgh_f>去看那場大賽，我就給你……某個東西之類的！,"{""brace_token"":[],""escaped_control"":[],""literal_newline"":[],""markup_tag"":[""</hgh_f>"",""<hgh_f c=0>""],""printf_token"":[],""var_tag"":[]}",
HGHU-TW-003291,角色與劇情,喔耶！,"{""brace_token"":[],""escaped_control"":[],""literal_newline"":[],""markup_tag"":[],""printf_token"":[],""var_tag"":[]}",
HGHU-TW-003292,角色與劇情,<hgh_f c=0>比賽門票</hgh_f>！,"{""brace_token"":[],""escaped_control"":[],""literal_newline"":[],""markup_tag"":[""</hgh_f>"",""<hgh_f c=0>""],""printf_token"":[],""var_tag"":[]}",
HGHU-TW-003293,角色與劇情,你拿到兩張了嗎？,"{""brace_token"":[],""escaped_control"":[],""literal_newline"":[],""markup_tag"":[],""printf_token"":[],""var_tag"":[]}",
HGHU-TW-003294,角色與劇情,呃……那不是<hgh_f c=0>兩張門票</hgh_f>。檢查一下你的<hgh_f c=0>子畫面</hgh_f>吧，小笨蛋。,"{""brace_token"":[],""escaped_control"":[],""literal_newline"":[],""markup_tag"":[""</hgh_f>"",""</hgh_f>"",""<hgh_f c=0>"",""<hgh_f c=0>""],""printf_token"":[],""var_tag"":[]}",
HGHU-TW-003295,角色與劇情,愛捉弄人。,"{""brace_token"":[],""escaped_control"":[],""literal_newline"":[],""markup_tag"":[],""printf_token"":[],""var_tag"":[]}",
HGHU-TW-003296,角色與劇情,真是個好朋友！,"{""brace_token"":[],""escaped_control"":[],""literal_newline"":[],""markup_tag"":[],""printf_token"":[],""var_tag"":[]}",
HGHU-TW-003297,角色與劇情,說好的，給你！,"{""brace_token"":[],""escaped_control"":[],""literal_newline"":[],""markup_tag"":[],""printf_token"":[],""var_tag"":[]}",
HGHU-TW-003298,角色與劇情,喔哇！這正是<hgh_f c=0>叔叔</hgh_f>在找的東西！,"{""brace_token"":[],""escaped_control"":[],""literal_newline"":[],""markup_tag"":[""</hgh_f>"",""<hgh_f c=0>""],""printf_token"":[],""var_tag"":[]}",
HGHU-TW-003299,角色與劇情,話說回來，你拿著一塊<hgh_f c=0>黑暗魔法</hgh_f>的碎片做什麼？,"{""brace_token"":[],""escaped_control"":[],""literal_newline"":[],""markup_tag"":[""</hgh_f>"",""<hgh_f c=0>""],""printf_token"":[],""var_tag"":[]}",
HGHU-TW-003300,角色與劇情,別問。,"{""brace_token"":[],""escaped_control"":[],""literal_newline"":[],""markup_tag"":[],""printf_token"":[],""var_tag"":[]}",
HGHU-TW-003301,角色與劇情,話說，你怎麼不加入我們呢？,"{""brace_token"":[],""escaped_control"":[],""literal_newline"":[],""markup_tag"":[],""printf_token"":[],""var_tag"":[]}",
HGHU-TW-003302,角色與劇情,你可以在賽車場和 阿布納、坡 還有我碰面！,"{""brace_token"":[],""escaped_control"":[],""literal_newline"":[],""markup_tag"":[],""printf_token"":[],""var_tag"":[]}",
HGHU-TW-003303,角色與劇情,不了，謝謝，羅蒂托普斯。今天已經夠忙了。,"{""brace_token"":[],""escaped_control"":[],""literal_newline"":[],""markup_tag"":[],""printf_token"":[],""var_tag"":[]}",
HGHU-TW-003304,角色與劇情,拜託！趁活著的時候要好好享受生活，對吧？,"{""brace_token"":[],""escaped_control"":[],""literal_newline"":[],""markup_tag"":[],""printf_token"":[],""var_tag"":[]}",
HGHU-TW-003305,角色與劇情,我會考慮的。,"{""brace_token"":[],""escaped_control"":[],""literal_newline"":[],""markup_tag"":[],""printf_token"":[],""var_tag"":[]}",
HGHU-TW-003306,角色與劇情,早安，叔叔！,"{""brace_token"":[],""escaped_control"":[],""literal_newline"":[],""markup_tag"":[],""printf_token"":[],""var_tag"":[]}",
HGHU-TW-003307,角色與劇情,現在我得把這塊<hgh_f c=0>碎片</hgh_f>拿給叔叔！,"{""brace_token"":[],""escaped_control"":[],""literal_newline"":[],""markup_tag"":[""</hgh_f>"",""<hgh_f c=0>""],""printf_token"":[],""var_tag"":[]}",
HGHU-TW-003308,角色與劇情,我等不及要看那場大型比賽了！,"{""brace_token"":[],""escaped_control"":[],""literal_newline"":[],""markup_tag"":[],""printf_token"":[],""var_tag"":[]}",
HGHU-TW-003309,角色與劇情,找到<hgh_f c=0>黑暗碎片</hgh_f>了嗎？,"{""brace_token"":[],""escaped_control"":[],""literal_newline"":[],""markup_tag"":[""</hgh_f>"",""<hgh_f c=0>""],""printf_token"":[],""var_tag"":[]}",
HGHU-TW-003310,角色與劇情,嗯哼……,"{""brace_token"":[],""escaped_control"":[],""literal_newline"":[],""markup_tag"":[],""printf_token"":[],""var_tag"":[]}",
HGHU-TW-003311,角色與劇情,找到<hgh_f c=0> </hgh_f>黑暗碎片了嗎？,"{""brace_token"":[],""escaped_control"":[],""literal_newline"":[],""markup_tag"":[""</hgh_f>"",""<hgh_f c=0>""],""printf_token"":[],""var_tag"":[]}",
HGHU-TW-003312,角色與劇情,你這麼快就回來了！而且還帶著<hgh_f c=0>黑暗碎片</hgh_f>！,"{""brace_token"":[],""escaped_control"":[],""literal_newline"":[],""markup_tag"":[""</hgh_f>"",""<hgh_f c=0>""],""printf_token"":[],""var_tag"":[]}",
HGHU-TW-003313,角色與劇情,你不會還在擔心吧？,"{""brace_token"":[],""escaped_control"":[],""literal_newline"":[],""markup_tag"":[],""printf_token"":[],""var_tag"":[]}",
HGHU-TW-003314,角色與劇情,對了，我昨晚做了一個<hgh_f c=0>史上最怪</hgh_f>的夢！,"{""brace_token"":[],""escaped_control"":[],""literal_newline"":[],""markup_tag"":[""</hgh_f>"",""<hgh_f c=0>""],""printf_token"":[],""var_tag"":[]}",
HGHU-TW-003315,角色與劇情,只要魔法保持適當的平衡，就真的沒什麼好擔心的！,"{""brace_token"":[],""escaped_control"":[],""literal_newline"":[],""markup_tag"":[],""printf_token"":[],""var_tag"":[]}",
HGHU-TW-003316,角色與劇情,碎片放上面，看到了嗎？,"{""brace_token"":[],""escaped_control"":[],""literal_newline"":[],""markup_tag"":[],""printf_token"":[],""var_tag"":[]}",
HGHU-TW-003317,角色與劇情,就像這樣。再兩個零件，我們的煩惱就解決了！,"{""brace_token"":[],""escaped_control"":[],""literal_newline"":[],""markup_tag"":[],""printf_token"":[],""var_tag"":[]}",
HGHU-TW-003318,角色與劇情,咦？現在是怎樣！,"{""brace_token"":[],""escaped_control"":[],""literal_newline"":[],""markup_tag"":[],""printf_token"":[],""var_tag"":[]}",
HGHU-TW-003319,角色與劇情,妳可以把它全講給我聽！,"{""brace_token"":[],""escaped_control"":[],""literal_newline"":[],""markup_tag"":[],""printf_token"":[],""var_tag"":[]}",
HGHU-TW-003320,角色與劇情,這傢伙是誰？,"{""brace_token"":[],""escaped_control"":[],""literal_newline"":[],""markup_tag"":[],""printf_token"":[],""var_tag"":[]}",
HGHU-TW-003321,角色與劇情,你能保守祕密嗎？,"{""brace_token"":[],""escaped_control"":[],""literal_newline"":[],""markup_tag"":[],""printf_token"":[],""var_tag"":[]}",
HGHU-TW-003322,角色與劇情,不能……,"{""brace_token"":[],""escaped_control"":[],""literal_newline"":[],""markup_tag"":[],""printf_token"":[],""var_tag"":[]}",
HGHU-TW-003323,角色與劇情,（悄悄話）……（悄悄話）……,"{""brace_token"":[],""escaped_control"":[],""literal_newline"":[],""markup_tag"":[],""printf_token"":[],""var_tag"":[]}",
HGHU-TW-003324,角色與劇情,一場<hgh_f c=0>搶劫</hgh_f>！？,"{""brace_token"":[],""escaped_control"":[],""literal_newline"":[],""markup_tag"":[""</hgh_f>"",""<hgh_f c=0>""],""printf_token"":[],""var_tag"":[]}",
HGHU-TW-003325,角色與劇情,噓！！！,"{""brace_token"":[],""escaped_control"":[],""literal_newline"":[],""markup_tag"":[],""printf_token"":[],""var_tag"":[]}",
HGHU-TW-003326,角色與劇情,我當時正在車底下工作，所以他們沒看到我！,"{""brace_token"":[],""escaped_control"":[],""literal_newline"":[],""markup_tag"":[],""printf_token"":[],""var_tag"":[]}",
HGHU-TW-003327,角色與劇情,但首先……,"{""brace_token"":[],""escaped_control"":[],""literal_newline"":[],""markup_tag"":[],""printf_token"":[],""var_tag"":[]}",
HGHU-TW-003328,角色與劇情,但我把一切都聽得一清二楚！,"{""brace_token"":[],""escaped_control"":[],""literal_newline"":[],""markup_tag"":[],""printf_token"":[],""var_tag"":[]}",
HGHU-TW-003329,角色與劇情,事情會發生在<hgh_f c=0>甲殼角</hgh_f>，在今天的<hgh_f c=0>大型比賽</hgh_f>期間！,"{""brace_token"":[],""escaped_control"":[],""literal_newline"":[],""markup_tag"":[""</hgh_f>"",""</hgh_f>"",""<hgh_f c=0>"",""<hgh_f c=0>""],""printf_token"":[],""var_tag"":[]}",
HGHU-TW-003330,角色與劇情,要是他們發現是誰告的密，我就死定了！,"{""brace_token"":[],""escaped_control"":[],""literal_newline"":[],""markup_tag"":[],""printf_token"":[],""var_tag"":[]}",
HGHU-TW-003331,角色與劇情,我從來沒來過這裡！,"{""brace_token"":[],""escaped_control"":[],""literal_newline"":[],""markup_tag"":[],""printf_token"":[],""var_tag"":[]}",
HGHU-TW-003332,角色與劇情,甲殼角？那裡是一年一度魔毯大賽的舉辦地！,"{""brace_token"":[],""escaped_control"":[],""literal_newline"":[],""markup_tag"":[],""printf_token"":[],""var_tag"":[]}",
HGHU-TW-003333,角色與劇情,如果在比賽中動手腳，可能會讓成百上千名無辜觀眾陷入危險！,"{""brace_token"":[],""escaped_control"":[],""literal_newline"":[],""markup_tag"":[],""printf_token"":[],""var_tag"":[]}",
HGHU-TW-003334,角色與劇情,給。這是去<hgh_f c=0>甲殼角</hgh_f>的地圖！,"{""brace_token"":[],""escaped_control"":[],""literal_newline"":[],""markup_tag"":[""</hgh_f>"",""<hgh_f c=0>""],""printf_token"":[],""var_tag"":[]}",
HGHU-TW-003335,角色與劇情,幫妳的米米克叔叔一個忙，好嗎？,"{""brace_token"":[],""escaped_control"":[],""literal_newline"":[],""markup_tag"":[],""printf_token"":[],""var_tag"":[]}",
HGHU-TW-003336,角色與劇情,謝謝，叔叔。,"{""brace_token"":[],""escaped_control"":[],""literal_newline"":[],""markup_tag"":[],""printf_token"":[],""var_tag"":[]}",
HGHU-TW-003337,角色與劇情,祝你的機器一切順利。,"{""brace_token"":[],""escaped_control"":[],""literal_newline"":[],""markup_tag"":[],""printf_token"":[],""var_tag"":[]}",
HGHU-TW-003338,角色與劇情,我要去賽車場了！,"{""brace_token"":[],""escaped_control"":[],""literal_newline"":[],""markup_tag"":[],""printf_token"":[],""var_tag"":[]}",
HGHU-TW-003339,角色與劇情,你最好快點前往<hgh_f c=0>甲殼角</hgh_f>！,"{""brace_token"":[],""escaped_control"":[],""literal_newline"":[],""markup_tag"":[""</hgh_f>"",""<hgh_f c=0>""],""printf_token"":[],""var_tag"":[]}",
HGHU-TW-003340,角色與劇情,當然。這和你的新發明有關嗎？,"{""brace_token"":[],""escaped_control"":[],""literal_newline"":[],""markup_tag"":[],""printf_token"":[],""var_tag"":[]}",
HGHU-TW-003341,角色與劇情,史凱！我需要快點前往<hgh_f c=0>甲殼角</hgh_f>！,"{""brace_token"":[],""escaped_control"":[],""literal_newline"":[],""markup_tag"":[""</hgh_f>"",""<hgh_f c=0>""],""printf_token"":[],""var_tag"":[]}",
HGHU-TW-003342,角色與劇情,魔毯大賽？去做什麼？,"{""brace_token"":[],""escaped_control"":[],""literal_newline"":[],""markup_tag"":[],""printf_token"":[],""var_tag"":[]}",
HGHU-TW-003343,角色與劇情,路上再跟你解釋！,"{""brace_token"":[],""escaped_control"":[],""literal_newline"":[],""markup_tag"":[],""printf_token"":[],""var_tag"":[]}",
HGHU-TW-003344,角色與劇情,誰能告訴我這到底是怎麼回事？,"{""brace_token"":[],""escaped_control"":[],""literal_newline"":[],""markup_tag"":[],""printf_token"":[],""var_tag"":[]}",
HGHU-TW-003345,角色與劇情,還有<hgh_f c=0>她</hgh_f>在這裡做什麼？,"{""brace_token"":[],""escaped_control"":[],""literal_newline"":[],""markup_tag"":[""</hgh_f>"",""<hgh_f c=0>""],""printf_token"":[],""var_tag"":[]}",
HGHU-TW-003346,角色與劇情,妳看了就知道！,"{""brace_token"":[],""escaped_control"":[],""literal_newline"":[],""markup_tag"":[],""printf_token"":[],""var_tag"":[]}",
HGHU-TW-003347,角色與劇情,嘿，感激點吧，她把門票分給我們了！,"{""brace_token"":[],""escaped_control"":[],""literal_newline"":[],""markup_tag"":[],""printf_token"":[],""var_tag"":[]}",
HGHU-TW-003348,角色與劇情,現在大家都聽好……,"{""brace_token"":[],""escaped_control"":[],""literal_newline"":[],""markup_tag"":[],""printf_token"":[],""var_tag"":[]}",
HGHU-TW-003349,角色與劇情,斯卡托鎮的那位神祕人相信在<hgh_f c=0>今天的大賽</hgh_f>期間會發生一場大規模的搶劫。,"{""brace_token"":[],""escaped_control"":[],""literal_newline"":[],""markup_tag"":[""</hgh_f>"",""<hgh_f c=0>""],""printf_token"":[],""var_tag"":[]}",
HGHU-TW-003350,角色與劇情,有人在打<hgh_f c=0>魔毯</hgh_f>的主意，而每個人都有嫌疑！,"{""brace_token"":[],""escaped_control"":[],""literal_newline"":[],""markup_tag"":[""</hgh_f>"",""<hgh_f c=0>""],""printf_token"":[],""var_tag"":[]}",
HGHU-TW-003351,角色與劇情,我要去臥底，偽裝成其中一名飛行員。,"{""brace_token"":[],""escaped_control"":[],""literal_newline"":[],""markup_tag"":[],""printf_token"":[],""var_tag"":[]}",
HGHU-TW-003352,角色與劇情,史凱 和 博羅，你們兩個在看台上監視。,"{""brace_token"":[],""escaped_control"":[],""literal_newline"":[],""markup_tag"":[],""printf_token"":[],""var_tag"":[]}",
HGHU-TW-003353,角色與劇情,至於 羅蒂托普斯……,"{""brace_token"":[],""escaped_control"":[],""literal_newline"":[],""markup_tag"":[],""printf_token"":[],""var_tag"":[]}",
HGHU-TW-003354,角色與劇情,我要和<hgh_f c=0>後勤維修人員</hgh_f>一起工作！,"{""brace_token"":[],""escaped_control"":[],""literal_newline"":[],""markup_tag"":[""</hgh_f>"",""<hgh_f c=0>""],""printf_token"":[],""var_tag"":[]}",
HGHU-TW-003355,角色與劇情,我預訂了一個機械零件。今天應該會到。,"{""brace_token"":[],""escaped_control"":[],""literal_newline"":[],""markup_tag"":[],""printf_token"":[],""var_tag"":[]}",
HGHU-TW-003356,角色與劇情,看看這個！我是個殭屍維修女孩！,"{""brace_token"":[],""escaped_control"":[],""literal_newline"":[],""markup_tag"":[],""printf_token"":[],""var_tag"":[]}",
HGHU-TW-003357,角色與劇情,我確定粉絲們一定會愛死她的。,"{""brace_token"":[],""escaped_control"":[],""literal_newline"":[],""markup_tag"":[],""printf_token"":[],""var_tag"":[]}",
HGHU-TW-003358,角色與劇情,除非她先吃了他們……,"{""brace_token"":[],""escaped_control"":[],""literal_newline"":[],""markup_tag"":[],""printf_token"":[],""var_tag"":[]}",
HGHU-TW-003359,角色與劇情,你們兩個安靜！,"{""brace_token"":[],""escaped_control"":[],""literal_newline"":[],""markup_tag"":[],""printf_token"":[],""var_tag"":[]}",
HGHU-TW-003360,角色與劇情,聽起來輪到你上場了。,"{""brace_token"":[],""escaped_control"":[],""literal_newline"":[],""markup_tag"":[],""printf_token"":[],""var_tag"":[]}",
HGHU-TW-003361,角色與劇情,我們上吧！,"{""brace_token"":[],""escaped_control"":[],""literal_newline"":[],""markup_tag"":[],""printf_token"":[],""var_tag"":[]}",
HGHU-TW-003362,角色與劇情,祝大家好運！,"{""brace_token"":[],""escaped_control"":[],""literal_newline"":[],""markup_tag"":[],""printf_token"":[],""var_tag"":[]}",
HGHU-TW-003363,角色與劇情,我派妳的朋友<hgh_f c=0>博羅</hgh_f>去<hgh_f c=0>道具店</hgh_f>拿……,"{""brace_token"":[],""escaped_control"":[],""literal_newline"":[],""markup_tag"":[""</hgh_f>"",""</hgh_f>"",""<hgh_f c=0>"",""<hgh_f c=0>""],""printf_token"":[],""var_tag"":[]}",
HGHU-TW-003364,角色與劇情,又來了一張<hgh_f c=0>飛毯</hgh_f>了，Vinegar！,"{""brace_token"":[],""escaped_control"":[],""literal_newline"":[],""markup_tag"":[""</hgh_f>"",""<hgh_f c=0>""],""printf_token"":[],""var_tag"":[]}",
HGHU-TW-003365,角色與劇情,準備好抓住它，Twitch！,"{""brace_token"":[],""escaped_control"":[],""literal_newline"":[],""markup_tag"":[],""printf_token"":[],""var_tag"":[]}",
HGHU-TW-003366,角色與劇情,Twitch！,"{""brace_token"":[],""escaped_control"":[],""literal_newline"":[],""markup_tag"":[],""printf_token"":[],""var_tag"":[]}",
HGHU-TW-003367,角色與劇情,Vinegar！,"{""brace_token"":[],""escaped_control"":[],""literal_newline"":[],""markup_tag"":[],""printf_token"":[],""var_tag"":[]}",
HGHU-TW-003368,角色與劇情,原來<hgh_f c=0>你們兩個</hgh_f>就是小偷！,"{""brace_token"":[],""escaped_control"":[],""literal_newline"":[],""markup_tag"":[""</hgh_f>"",""<hgh_f c=0>""],""printf_token"":[],""var_tag"":[]}",
HGHU-TW-003369,角色與劇情,……但他還沒回來。,"{""brace_token"":[],""escaped_control"":[],""literal_newline"":[],""markup_tag"":[],""printf_token"":[],""var_tag"":[]}",
HGHU-TW-003370,角色與劇情,嘿，我們是奉上級命令！,"{""brace_token"":[],""escaped_control"":[],""literal_newline"":[],""markup_tag"":[],""printf_token"":[],""var_tag"":[]}",
HGHU-TW-003371,角色與劇情,沒錯！把那張<hgh_f c=0>魔毯</hgh_f>交出來，女孩！,"{""brace_token"":[],""escaped_control"":[],""literal_newline"":[],""markup_tag"":[""</hgh_f>"",""<hgh_f c=0>""],""printf_token"":[],""var_tag"":[]}",
HGHU-TW-003372,角色與劇情,休想！,"{""brace_token"":[],""escaped_control"":[],""literal_newline"":[],""markup_tag"":[],""printf_token"":[],""var_tag"":[]}",
HGHU-TW-003373,角色與劇情,好吧！隨你的便！,"{""brace_token"":[],""escaped_control"":[],""literal_newline"":[],""markup_tag"":[],""printf_token"":[],""var_tag"":[]}",
HGHU-TW-003374,角色與劇情,解決掉那兩個傢伙了！,"{""brace_token"":[],""escaped_control"":[],""literal_newline"":[],""markup_tag"":[],""printf_token"":[],""var_tag"":[]}",
HGHU-TW-003375,角色與劇情,現在要去找出她們把那些魔毯帶去<hgh_f c=0>哪裡</hgh_f>了！,"{""brace_token"":[],""escaped_control"":[],""literal_newline"":[],""markup_tag"":[""</hgh_f>"",""<hgh_f c=0>""],""printf_token"":[],""var_tag"":[]}",
HGHU-TW-003376,角色與劇情,那是一個多小時前的事了！,"{""brace_token"":[],""escaped_control"":[],""literal_newline"":[],""markup_tag"":[],""printf_token"":[],""var_tag"":[]}",
HGHU-TW-003377,角色與劇情,<hgh_f c=0>彈藥男爵</hgh_f>！,"{""brace_token"":[],""escaped_control"":[],""literal_newline"":[],""markup_tag"":[""</hgh_f>"",""<hgh_f c=0>""],""printf_token"":[],""var_tag"":[]}",
HGHU-TW-003378,角色與劇情,我就知道<hgh_f c=0>一定</hgh_f>是你！,"{""brace_token"":[],""escaped_control"":[],""literal_newline"":[],""markup_tag"":[""</hgh_f>"",""<hgh_f c=0>""],""printf_token"":[],""var_tag"":[]}",
HGHU-TW-003379,角色與劇情,可惡！,"{""brace_token"":[],""escaped_control"":[],""literal_newline"":[],""markup_tag"":[],""printf_token"":[],""var_tag"":[]}",
HGHU-TW-003380,角色與劇情,那艘飛船花了好幾十億的群眾募資！,"{""brace_token"":[],""escaped_control"":[],""literal_newline"":[],""markup_tag"":[],""printf_token"":[],""var_tag"":[]}",
HGHU-TW-003381,角色與劇情,那孩子總是心不在焉的。,"{""brace_token"":[],""escaped_control"":[],""literal_newline"":[],""markup_tag"":[],""printf_token"":[],""var_tag"":[]}",
HGHU-TW-003382,角色與劇情,真不知羞恥！,"{""brace_token"":[],""escaped_control"":[],""literal_newline"":[],""markup_tag"":[],""printf_token"":[],""var_tag"":[]}",
HGHU-TW-003383,角色與劇情,你以為作弊就能贏得比賽嗎！,"{""brace_token"":[],""escaped_control"":[],""literal_newline"":[],""markup_tag"":[],""printf_token"":[],""var_tag"":[]}",
HGHU-TW-003384,角色與劇情,比賽？,"{""brace_token"":[],""escaped_control"":[],""literal_newline"":[],""markup_tag"":[],""printf_token"":[],""var_tag"":[]}",
HGHU-TW-003385,角色與劇情,哈！,"{""brace_token"":[],""escaped_control"":[],""literal_newline"":[],""markup_tag"":[],""printf_token"":[],""var_tag"":[]}",
HGHU-TW-003386,角色與劇情,我才不在乎什麼愚蠢的平民飛行表演！,"{""brace_token"":[],""escaped_control"":[],""literal_newline"":[],""markup_tag"":[],""printf_token"":[],""var_tag"":[]}",
HGHU-TW-003387,角色與劇情,我也不在乎那些獎金！,"{""brace_token"":[],""escaped_control"":[],""literal_newline"":[],""markup_tag"":[],""printf_token"":[],""var_tag"":[]}",
HGHU-TW-003388,角色與劇情,蛤？,"{""brace_token"":[],""escaped_control"":[],""literal_newline"":[],""markup_tag"":[],""printf_token"":[],""var_tag"":[]}",
HGHU-TW-003389,角色與劇情,我的目標是征服世界！空中霸權啊，寶貝！,"{""brace_token"":[],""escaped_control"":[],""literal_newline"":[],""markup_tag"":[],""printf_token"":[],""var_tag"":[]}",
HGHU-TW-003390,角色與劇情,裝甲船是不錯啦。但我也需要空降部隊！,"{""brace_token"":[],""escaped_control"":[],""literal_newline"":[],""markup_tag"":[],""printf_token"":[],""var_tag"":[]}",
HGHU-TW-003391,角色與劇情,但是既然<hgh_f c=0>魔法蠶</hgh_f>是瀕臨絕種的動物，而且又很可愛……,"{""brace_token"":[],""escaped_control"":[],""literal_newline"":[],""markup_tag"":[""</hgh_f>"",""<hgh_f c=0>""],""printf_token"":[],""var_tag"":[]}",
HGHU-TW-003392,角色與劇情,妳介意幫我去拿那個<hgh_f c=0>零件</hgh_f>嗎？,"{""brace_token"":[],""escaped_control"":[],""literal_newline"":[],""markup_tag"":[""</hgh_f>"",""<hgh_f c=0>""],""printf_token"":[],""var_tag"":[]}",
HGHU-TW-003393,角色與劇情,我就從這些輸家的魔毯上取走我需要的<hgh_f c=0>魔法絲</hgh_f>……,"{""brace_token"":[],""escaped_control"":[],""literal_newline"":[],""markup_tag"":[""</hgh_f>"",""<hgh_f c=0>""],""printf_token"":[],""var_tag"":[]}",
HGHU-TW-003394,角色與劇情,……然後用它為我的<hgh_f c=0>手下</hgh_f>製作<hgh_f c=0>魔毯制服</hgh_f>！,"{""brace_token"":[],""escaped_control"":[],""literal_newline"":[],""markup_tag"":[""</hgh_f>"",""</hgh_f>"",""<hgh_f c=0>"",""<hgh_f c=0>""],""printf_token"":[],""var_tag"":[]}",
HGHU-TW-003395,角色與劇情,魔法蠶？,"{""brace_token"":[],""escaped_control"":[],""literal_newline"":[],""markup_tag"":[],""printf_token"":[],""var_tag"":[]}",
HGHU-TW-003396,角色與劇情,你不是認真的吧。,"{""brace_token"":[],""escaped_control"":[],""literal_newline"":[],""markup_tag"":[],""printf_token"":[],""var_tag"":[]}",
HGHU-TW-003397,角色與劇情,我示範給你看！,"{""brace_token"":[],""escaped_control"":[],""literal_newline"":[],""markup_tag"":[],""printf_token"":[],""var_tag"":[]}",
HGHU-TW-003398,角色與劇情,小的們！,"{""brace_token"":[],""escaped_control"":[],""literal_newline"":[],""markup_tag"":[],""printf_token"":[],""var_tag"":[]}",
HGHU-TW-003399,角色與劇情,沒問題，叔叔！,"{""brace_token"":[],""escaped_control"":[],""literal_newline"":[],""markup_tag"":[],""printf_token"":[],""var_tag"":[]}",
HGHU-TW-003400,角色與劇情,部署魔毯制服部隊！,"{""brace_token"":[],""escaped_control"":[],""literal_newline"":[],""markup_tag"":[],""printf_token"":[],""var_tag"":[]}",
HGHU-TW-003401,角色與劇情,轟！,"{""brace_token"":[],""escaped_control"":[],""literal_newline"":[],""markup_tag"":[],""printf_token"":[],""var_tag"":[]}",
HGHU-TW-003402,角色與劇情,讓這位火辣的小妞看看我們漂亮、緊密的陣型！,"{""brace_token"":[],""escaped_control"":[],""literal_newline"":[],""markup_tag"":[],""printf_token"":[],""var_tag"":[]}",
HGHU-TW-003403,角色與劇情,呻吟……到底是哪裡出錯了……,"{""brace_token"":[],""escaped_control"":[],""literal_newline"":[],""markup_tag"":[],""printf_token"":[],""var_tag"":[]}",
HGHU-TW-003404,角色與劇情,是你！你被禁足了！,"{""brace_token"":[],""escaped_control"":[],""literal_newline"":[],""markup_tag"":[],""printf_token"":[],""var_tag"":[]}",
HGHU-TW-003405,角色與劇情,所有的心血……都化為烏有了！,"{""brace_token"":[],""escaped_control"":[],""literal_newline"":[],""markup_tag"":[],""printf_token"":[],""var_tag"":[]}",
HGHU-TW-003406,角色與劇情,你活該，彈藥男爵！,"{""brace_token"":[],""escaped_control"":[],""literal_newline"":[],""markup_tag"":[],""printf_token"":[],""var_tag"":[]}",
HGHU-TW-003407,角色與劇情,喂？這東西有開嗎？,"{""brace_token"":[],""escaped_control"":[],""literal_newline"":[],""markup_tag"":[],""printf_token"":[],""var_tag"":[]}",
HGHU-TW-003408,角色與劇情,各位女士先生們，看來彈藥男爵已經把今天所有的參賽者都打敗了！,"{""brace_token"":[],""escaped_control"":[],""literal_newline"":[],""markup_tag"":[],""printf_token"":[],""var_tag"":[]}",
HGHU-TW-003409,角色與劇情,除了這位紫髮新人以外！,"{""brace_token"":[],""escaped_control"":[],""literal_newline"":[],""markup_tag"":[],""printf_token"":[],""var_tag"":[]}",
HGHU-TW-003410,角色與劇情,評審們？,"{""brace_token"":[],""escaped_control"":[],""literal_newline"":[],""markup_tag"":[],""printf_token"":[],""var_tag"":[]}",
HGHU-TW-003411,角色與劇情,我們有贏家了！,"{""brace_token"":[],""escaped_control"":[],""literal_newline"":[],""markup_tag"":[],""printf_token"":[],""var_tag"":[]}",
HGHU-TW-003412,角色與劇情,第一名，嗯？聽起來真刺激！,"{""brace_token"":[],""escaped_control"":[],""literal_newline"":[],""markup_tag"":[],""printf_token"":[],""var_tag"":[]}",
HGHU-TW-003413,角色與劇情,來看看你贏得了什麼！,"{""brace_token"":[],""escaped_control"":[],""literal_newline"":[],""markup_tag"":[],""printf_token"":[],""var_tag"":[]}",
HGHU-TW-003414,角色與劇情,終身免費供應的美人魚瀑布著名產品……,"{""brace_token"":[],""escaped_control"":[],""literal_newline"":[],""markup_tag"":[],""printf_token"":[],""var_tag"":[]}",
HGHU-TW-003415,角色與劇情,<hgh_f c=0>罐裝怪物飼料</hgh_f>。,"{""brace_token"":[],""escaped_control"":[],""literal_newline"":[],""markup_tag"":[""</hgh_f>"",""<hgh_f c=0>""],""printf_token"":[],""var_tag"":[]}",
HGHU-TW-003416,角色與劇情,呃，不用了。尤其是我現在知道裡面裝了什麼了。,"{""brace_token"":[],""escaped_control"":[],""literal_newline"":[],""markup_tag"":[],""printf_token"":[],""var_tag"":[]}",
HGHU-TW-003417,角色與劇情,那我要了！,"{""brace_token"":[],""escaped_control"":[],""literal_newline"":[],""markup_tag"":[],""printf_token"":[],""var_tag"":[]}",
HGHU-TW-003418,角色與劇情,趁活著的時候要好好享受生活，對吧？,"{""brace_token"":[],""escaped_control"":[],""literal_newline"":[],""markup_tag"":[],""printf_token"":[],""var_tag"":[]}",
HGHU-TW-003419,角色與劇情,叔叔，你的機器進展得如何了？,"{""brace_token"":[],""escaped_control"":[],""literal_newline"":[],""markup_tag"":[],""printf_token"":[],""var_tag"":[]}",
HGHU-TW-003420,角色與劇情,快完成了！,"{""brace_token"":[],""escaped_control"":[],""literal_newline"":[],""markup_tag"":[],""printf_token"":[],""var_tag"":[]}",
HGHU-TW-003421,角色與劇情,我已經接上電源，磁鐵也充好電了，我甚至已經可以看到<hgh_f c=0>黑暗魔法</hgh_f>的粒子在收容球裡聚集了！,"{""brace_token"":[],""escaped_control"":[],""literal_newline"":[],""markup_tag"":[""</hgh_f>"",""<hgh_f c=0>""],""printf_token"":[],""var_tag"":[]}",
HGHU-TW-003422,角色與劇情,我想那代表是時候去尋找<hgh_f c=0>光明碎片</hgh_f>了。,"{""brace_token"":[],""escaped_control"":[],""literal_newline"":[],""markup_tag"":[""</hgh_f>"",""<hgh_f c=0>""],""printf_token"":[],""var_tag"":[]}",
HGHU-TW-003423,角色與劇情,你覺得你能勝任這個任務嗎？,"{""brace_token"":[],""escaped_control"":[],""literal_newline"":[],""markup_tag"":[],""printf_token"":[],""var_tag"":[]}",
HGHU-TW-003424,角色與劇情,我們很快就會知道了！,"{""brace_token"":[],""escaped_control"":[],""literal_newline"":[],""markup_tag"":[],""printf_token"":[],""var_tag"":[]}",
HGHU-TW-003425,角色與劇情,我會讓<hgh_f c=0>扳手</hgh_f>準備好起飛的。,"{""brace_token"":[],""escaped_control"":[],""literal_newline"":[],""markup_tag"":[""</hgh_f>"",""<hgh_f c=0>""],""printf_token"":[],""var_tag"":[]}",
HGHU-TW-003426,角色與劇情,祝你好運……千萬要小心！,"{""brace_token"":[],""escaped_control"":[],""literal_newline"":[],""markup_tag"":[],""printf_token"":[],""var_tag"":[]}",
HGHU-TW-003427,角色與劇情,你知道嗎……我聽說那座<hgh_f c=0>沙漠高塔</hgh_f>裡到處都是隱藏的房間和通道。有了新的<hgh_f c=0>大象力量</hgh_f>，你真的可以大肆破壞一番。,"{""brace_token"":[],""escaped_control"":[],""literal_newline"":[],""markup_tag"":[""</hgh_f>"",""</hgh_f>"",""<hgh_f c=0>"",""<hgh_f c=0>""],""printf_token"":[],""var_tag"":[]}",
HGHU-TW-003428,角色與劇情,我的<hgh_f c=0>零件</hgh_f>現在應該可以在<hgh_f c=0>道具店</hgh_f>拿了。,"{""brace_token"":[],""escaped_control"":[],""literal_newline"":[],""markup_tag"":[""</hgh_f>"",""</hgh_f>"",""<hgh_f c=0>"",""<hgh_f c=0>""],""printf_token"":[],""var_tag"":[]}",
HGHU-TW-003429,角色與劇情,我們在<hgh_f c=0>美人魚瀑布</hgh_f>時，我看到一道<hgh_f c=0>閃爍的光</hgh_f>。那會不會就是<hgh_f c=0>光明碎片</hgh_f>？,"{""brace_token"":[],""escaped_control"":[],""literal_newline"":[],""markup_tag"":[""</hgh_f>"",""</hgh_f>"",""</hgh_f>"",""<hgh_f c=0>"",""<hgh_f c=0>"",""<hgh_f c=0>""],""printf_token"":[],""var_tag"":[]}",
HGHU-TW-003430,角色與劇情,如果世界末日來臨，我明天就請假。,"{""brace_token"":[],""escaped_control"":[],""literal_newline"":[],""markup_tag"":[],""printf_token"":[],""var_tag"":[]}",
HGHU-TW-003431,角色與劇情,咿呀呀呀呀！！,"{""brace_token"":[],""escaped_control"":[],""literal_newline"":[],""markup_tag"":[],""printf_token"":[],""var_tag"":[]}",
HGHU-TW-003432,角色與劇情,好噁心好噁心好噁心！,"{""brace_token"":[],""escaped_control"":[],""literal_newline"":[],""markup_tag"":[],""printf_token"":[],""var_tag"":[]}",
HGHU-TW-003433,角色與劇情,我沒辦法在令人放鬆的瀑布裡洗澡了——因為<hgh_f c=0>這全都是蟲子</hgh_f>！,"{""brace_token"":[],""escaped_control"":[],""literal_newline"":[],""markup_tag"":[""</hgh_f>"",""<hgh_f c=0>""],""printf_token"":[],""var_tag"":[]}",
HGHU-TW-003434,角色與劇情,牠們藏在牆壁裡，而且<hgh_f c=0>沒完沒了</hgh_f>！,"{""brace_token"":[],""escaped_control"":[],""literal_newline"":[],""markup_tag"":[""</hgh_f>"",""<hgh_f c=0>""],""printf_token"":[],""var_tag"":[]}",
HGHU-TW-003435,角色與劇情,好吧……數量應該不會很多吧……,"{""brace_token"":[],""escaped_control"":[],""literal_newline"":[],""markup_tag"":[],""printf_token"":[],""var_tag"":[]}",
HGHU-TW-003436,角色與劇情,但總得有人來處理這些噁心的<hgh_f c=0>蟲子</hgh_f>！,"{""brace_token"":[],""escaped_control"":[],""literal_newline"":[],""markup_tag"":[""</hgh_f>"",""<hgh_f c=0>""],""printf_token"":[],""var_tag"":[]}",
HGHU-TW-003437,角色與劇情,噢，拜託，你能幫我把牠們趕走嗎？,"{""brace_token"":[],""escaped_control"":[],""literal_newline"":[],""markup_tag"":[],""printf_token"":[],""var_tag"":[]}",
HGHU-TW-003438,角色與劇情,除非這些<hgh_f c=0>蟲子</hgh_f>全部<hgh_f c=0>消失</hgh_f>，否則我根本無法放鬆！,"{""brace_token"":[],""escaped_control"":[],""literal_newline"":[],""markup_tag"":[""</hgh_f>"",""</hgh_f>"",""<hgh_f c=0>"",""<hgh_f c=0>""],""printf_token"":[],""var_tag"":[]}",
HGHU-TW-003439,角色與劇情,這是真的嗎？,"{""brace_token"":[],""escaped_control"":[],""literal_newline"":[],""markup_tag"":[],""printf_token"":[],""var_tag"":[]}",
HGHU-TW-003440,角色與劇情,那些蟲子都消失了嗎？,"{""brace_token"":[],""escaped_control"":[],""literal_newline"":[],""markup_tag"":[],""printf_token"":[],""var_tag"":[]}",
HGHU-TW-003441,角色與劇情,噁心的<hgh_f c=0>蟲子</hgh_f>！請讓那些討厭的東西<hgh_f c=0>消失</hgh_f>！,"{""brace_token"":[],""escaped_control"":[],""literal_newline"":[],""markup_tag"":[""</hgh_f>"",""</hgh_f>"",""<hgh_f c=0>"",""<hgh_f c=0>""],""printf_token"":[],""var_tag"":[]}",
HGHU-TW-003442,角色與劇情,我、我怕你還漏了幾隻……噢，拜託，把那些噁心的<hgh_f c=0>蟲子</hgh_f>處理掉！,"{""brace_token"":[],""escaped_control"":[],""literal_newline"":[],""markup_tag"":[""</hgh_f>"",""<hgh_f c=0>""],""printf_token"":[],""var_tag"":[]}",
HGHU-TW-003443,角色與劇情,全沒了？……全沒了！,"{""brace_token"":[],""escaped_control"":[],""literal_newline"":[],""markup_tag"":[],""printf_token"":[],""var_tag"":[]}",
HGHU-TW-003444,角色與劇情,太棒啦！！,"{""brace_token"":[],""escaped_control"":[],""literal_newline"":[],""markup_tag"":[],""printf_token"":[],""var_tag"":[]}",
HGHU-TW-003445,角色與劇情,我興奮得扭個不停！請收下這個作為禮物。,"{""brace_token"":[],""escaped_control"":[],""literal_newline"":[],""markup_tag"":[],""printf_token"":[],""var_tag"":[]}",
HGHU-TW-003446,角色與劇情,啊……多虧了你……,"{""brace_token"":[],""escaped_control"":[],""literal_newline"":[],""markup_tag"":[],""printf_token"":[],""var_tag"":[]}",
HGHU-TW-003447,角色與劇情,是時候享受一次沒有蟲子的美好泡澡了！,"{""brace_token"":[],""escaped_control"":[],""literal_newline"":[],""markup_tag"":[],""printf_token"":[],""var_tag"":[]}",
HGHU-TW-003448,角色與劇情,天哪，唯一比在牆裡發現蟲子更糟的事就是發現老鼠了。想像一下那畫面？,"{""brace_token"":[],""escaped_control"":[],""literal_newline"":[],""markup_tag"":[],""printf_token"":[],""var_tag"":[]}",
HGHU-TW-003449,角色與劇情,喔。,"{""brace_token"":[],""escaped_control"":[],""literal_newline"":[],""markup_tag"":[],""printf_token"":[],""var_tag"":[]}",
HGHU-TW-003450,角色與劇情,啊！妳有東西要給我嗎？,"{""brace_token"":[],""escaped_control"":[],""literal_newline"":[],""markup_tag"":[],""printf_token"":[],""var_tag"":[]}",
HGHU-TW-003451,角色與劇情,你是盜墓賊嗎？,"{""brace_token"":[],""escaped_control"":[],""literal_newline"":[],""markup_tag"":[],""printf_token"":[],""var_tag"":[]}",
HGHU-TW-003452,角色與劇情,（吸鼻涕）,"{""brace_token"":[],""escaped_control"":[],""literal_newline"":[],""markup_tag"":[],""printf_token"":[],""var_tag"":[]}",
HGHU-TW-003453,角色與劇情,我不是。,"{""brace_token"":[],""escaped_control"":[],""literal_newline"":[],""markup_tag"":[],""printf_token"":[],""var_tag"":[]}",
HGHU-TW-003454,角色與劇情,我是搞族譜的。,"{""brace_token"":[],""escaped_control"":[],""literal_newline"":[],""markup_tag"":[],""printf_token"":[],""var_tag"":[]}",
HGHU-TW-003455,角色與劇情,幫你建構家譜之類的。,"{""brace_token"":[],""escaped_control"":[],""literal_newline"":[],""markup_tag"":[],""printf_token"":[],""var_tag"":[]}",
HGHU-TW-003456,角色與劇情,（吸鼻涕）,"{""brace_token"":[],""escaped_control"":[],""literal_newline"":[],""markup_tag"":[],""printf_token"":[],""var_tag"":[]}",
HGHU-TW-003457,角色與劇情,我來這裡尋找<hgh_f c=0>遺骸</hgh_f>。,"{""brace_token"":[],""escaped_control"":[],""literal_newline"":[],""markup_tag"":[""</hgh_f>"",""<hgh_f c=0>""],""printf_token"":[],""var_tag"":[]}",
HGHU-TW-003458,角色與劇情,遺骸就在我們周圍。,"{""brace_token"":[],""escaped_control"":[],""literal_newline"":[],""markup_tag"":[],""printf_token"":[],""var_tag"":[]}",
HGHU-TW-003459,角色與劇情,你可以看出他們埋在哪裡，因為<hgh_f c=0>那裡會長花</hgh_f>。,"{""brace_token"":[],""escaped_control"":[],""literal_newline"":[],""markup_tag"":[""</hgh_f>"",""<hgh_f c=0>""],""printf_token"":[],""var_tag"":[]}",
HGHU-TW-003460,角色與劇情,人進了泥土裡。,"{""brace_token"":[],""escaped_control"":[],""literal_newline"":[],""markup_tag"":[],""printf_token"":[],""var_tag"":[]}",
HGHU-TW-003461,角色與劇情,人變成了植物的肥料。,"{""brace_token"":[],""escaped_control"":[],""literal_newline"":[],""markup_tag"":[],""printf_token"":[],""var_tag"":[]}",
HGHU-TW-003462,角色與劇情,必須把那些<hgh_f c=0>遺骸</hgh_f>挖出來。,"{""brace_token"":[],""escaped_control"":[],""literal_newline"":[],""markup_tag"":[""</hgh_f>"",""<hgh_f c=0>""],""printf_token"":[],""var_tag"":[]}",
HGHU-TW-003463,角色與劇情,這是件骯髒的差事。,"{""brace_token"":[],""escaped_control"":[],""literal_newline"":[],""markup_tag"":[],""printf_token"":[],""var_tag"":[]}",
HGHU-TW-003464,角色與劇情,但是……,"{""brace_token"":[],""escaped_control"":[],""literal_newline"":[],""markup_tag"":[],""printf_token"":[],""var_tag"":[]}",
HGHU-TW-003465,角色與劇情,這是工作的一部分。,"{""brace_token"":[],""escaped_control"":[],""literal_newline"":[],""markup_tag"":[],""printf_token"":[],""var_tag"":[]}",
HGHU-TW-003466,角色與劇情,帶給我<hgh_f c=0>五具遺骸</hgh_f>。,"{""brace_token"":[],""escaped_control"":[],""literal_newline"":[],""markup_tag"":[""</hgh_f>"",""<hgh_f c=0>""],""printf_token"":[],""var_tag"":[]}",
HGHU-TW-003467,角色與劇情,它們就在這座<hgh_f c=0>塔</hgh_f>裡。只要找出<hgh_f c=0>在哪裡</hgh_f>就行了。,"{""brace_token"":[],""escaped_control"":[],""literal_newline"":[],""markup_tag"":[""</hgh_f>"",""</hgh_f>"",""<hgh_f c=0>"",""<hgh_f c=0>""],""printf_token"":[],""var_tag"":[]}",
HGHU-TW-003468,角色與劇情,（吸鼻涕）,"{""brace_token"":[],""escaped_control"":[],""literal_newline"":[],""markup_tag"":[],""printf_token"":[],""var_tag"":[]}",
HGHU-TW-003469,角色與劇情,還有，拿著這個。,"{""brace_token"":[],""escaped_control"":[],""literal_newline"":[],""markup_tag"":[],""printf_token"":[],""var_tag"":[]}",
HGHU-TW-003470,角色與劇情,用那個<hgh_f c=0>踩扁</hgh_f>那些<hgh_f c=0>花</hgh_f>。說不定會蹦出什麼東西。,"{""brace_token"":[],""escaped_control"":[],""literal_newline"":[],""markup_tag"":[""</hgh_f>"",""</hgh_f>"",""<hgh_f c=0>"",""<hgh_f c=0>""],""printf_token"":[],""var_tag"":[]}",
HGHU-TW-003471,角色與劇情,我有預感這座<hgh_f c=0>塔</hgh_f>裡有<hgh_f c=0>祕密房間</hgh_f>。,"{""brace_token"":[],""escaped_control"":[],""literal_newline"":[],""markup_tag"":[""</hgh_f>"",""</hgh_f>"",""<hgh_f c=0>"",""<hgh_f c=0>""],""printf_token"":[],""var_tag"":[]}",
HGHU-TW-003472,角色與劇情,石頭<hgh_f c=0>龍頭</hgh_f>可能守護著遺骸。,"{""brace_token"":[],""escaped_control"":[],""literal_newline"":[],""markup_tag"":[""</hgh_f>"",""<hgh_f c=0>""],""printf_token"":[],""var_tag"":[]}",
HGHU-TW-003473,角色與劇情,還記得我說過關於花的事吧。那是明顯的跡象。把牠們踩扁。絕不留情。,"{""brace_token"":[],""escaped_control"":[],""literal_newline"":[],""markup_tag"":[],""printf_token"":[],""var_tag"":[]}",
HGHU-TW-003474,角色與劇情,找到<hgh_f c=0>五具遺骸</hgh_f>。我就收下。,"{""brace_token"":[],""escaped_control"":[],""literal_newline"":[],""markup_tag"":[""</hgh_f>"",""<hgh_f c=0>""],""printf_token"":[],""var_tag"":[]}",
HGHU-TW-003475,角色與劇情,（吸鼻涕）,"{""brace_token"":[],""escaped_control"":[],""literal_newline"":[],""markup_tag"":[],""printf_token"":[],""var_tag"":[]}",
HGHU-TW-003476,角色與劇情,你送來了嗎？,"{""brace_token"":[],""escaped_control"":[],""literal_newline"":[],""markup_tag"":[],""printf_token"":[],""var_tag"":[]}",
HGHU-TW-003477,角色與劇情,那些<hgh_f c=0>遺骸</hgh_f>是給我的嗎？,"{""brace_token"":[],""escaped_control"":[],""literal_newline"":[],""markup_tag"":[""</hgh_f>"",""<hgh_f c=0>""],""printf_token"":[],""var_tag"":[]}",
HGHU-TW-003478,角色與劇情,不，這還不夠。等你拿到<hgh_f c=0>五具</hgh_f>再來吧。檢查一下<hgh_f c=0>子畫面</hgh_f>看看你現在有幾具。,"{""brace_token"":[],""escaped_control"":[],""literal_newline"":[],""markup_tag"":[""</hgh_f>"",""</hgh_f>"",""<hgh_f c=0>"",""<hgh_f c=0>""],""printf_token"":[],""var_tag"":[]}",
HGHU-TW-003479,角色與劇情,我有預感這座<hgh_f c=0>塔</hgh_f>裡有<hgh_f c=0>祕密房間</hgh_f>。,"{""brace_token"":[],""escaped_control"":[],""literal_newline"":[],""markup_tag"":[""</hgh_f>"",""</hgh_f>"",""<hgh_f c=0>"",""<hgh_f c=0>""],""printf_token"":[],""var_tag"":[]}",
HGHU-TW-003480,角色與劇情,石頭<hgh_f c=0>龍頭</hgh_f>可能守護著遺骸。,"{""brace_token"":[],""escaped_control"":[],""literal_newline"":[],""markup_tag"":[""</hgh_f>"",""<hgh_f c=0>""],""printf_token"":[],""var_tag"":[]}",
HGHU-TW-003481,角色與劇情,如果我有那個<hgh_f c=0>特殊零件</hgh_f>就好了，我就能開始工作了……,"{""brace_token"":[],""escaped_control"":[],""literal_newline"":[],""markup_tag"":[""</hgh_f>"",""<hgh_f c=0>""],""printf_token"":[],""var_tag"":[]}",
HGHU-TW-003482,角色與劇情,（吸鼻涕）,"{""brace_token"":[],""escaped_control"":[],""literal_newline"":[],""markup_tag"":[],""printf_token"":[],""var_tag"":[]}",
HGHU-TW-003483,角色與劇情,很好。,"{""brace_token"":[],""escaped_control"":[],""literal_newline"":[],""markup_tag"":[],""printf_token"":[],""var_tag"":[]}",
HGHU-TW-003484,角色與劇情,（吸鼻涕）,"{""brace_token"":[],""escaped_control"":[],""literal_newline"":[],""markup_tag"":[],""printf_token"":[],""var_tag"":[]}",
HGHU-TW-003485,角色與劇情,哈啾！,"{""brace_token"":[],""escaped_control"":[],""literal_newline"":[],""markup_tag"":[],""printf_token"":[],""var_tag"":[]}",
HGHU-TW-003486,角色與劇情,抱歉啊。,"{""brace_token"":[],""escaped_control"":[],""literal_newline"":[],""markup_tag"":[],""printf_token"":[],""var_tag"":[]}",
HGHU-TW-003487,角色與劇情,傳染給你了。,"{""brace_token"":[],""escaped_control"":[],""literal_newline"":[],""markup_tag"":[],""printf_token"":[],""var_tag"":[]}",
HGHU-TW-003488,角色與劇情,你可能需要找個<hgh_f c=0>醫生</hgh_f>看看。,"{""brace_token"":[],""escaped_control"":[],""literal_newline"":[],""markup_tag"":[""</hgh_f>"",""<hgh_f c=0>""],""printf_token"":[],""var_tag"":[]}",
HGHU-TW-003489,角色與劇情,啊。打完那個噴嚏後，我感覺像擁有了百萬根骨頭一樣舒暢。,"{""brace_token"":[],""escaped_control"":[],""literal_newline"":[],""markup_tag"":[],""printf_token"":[],""var_tag"":[]}",
HGHU-TW-003490,角色與劇情,可惡。水蛭已經用光了。,"{""brace_token"":[],""escaped_control"":[],""literal_newline"":[],""markup_tag"":[],""printf_token"":[],""var_tag"":[]}",
HGHU-TW-003491,角色與劇情,噢？,"{""brace_token"":[],""escaped_control"":[],""literal_newline"":[],""markup_tag"":[],""printf_token"":[],""var_tag"":[]}",
HGHU-TW-003492,角色與劇情,你好，今天來看我是為了什麼原因呢？,"{""brace_token"":[],""escaped_control"":[],""literal_newline"":[],""markup_tag"":[],""printf_token"":[],""var_tag"":[]}",
HGHU-TW-003493,角色與劇情,你對任何藥物過敏嗎？,"{""brace_token"":[],""escaped_control"":[],""literal_newline"":[],""markup_tag"":[],""printf_token"":[],""var_tag"":[]}",
HGHU-TW-003494,角色與劇情,你有胃病史嗎？,"{""brace_token"":[],""escaped_control"":[],""literal_newline"":[],""markup_tag"":[],""printf_token"":[],""var_tag"":[]}",
HGHU-TW-003495,角色與劇情,碰巧知道你上次健康檢查的日期嗎？,"{""brace_token"":[],""escaped_control"":[],""literal_newline"":[],""markup_tag"":[],""printf_token"":[],""var_tag"":[]}",
HGHU-TW-003496,角色與劇情,嗯，如果你需要健康檢查，隨時來找我。,"{""brace_token"":[],""escaped_control"":[],""literal_newline"":[],""markup_tag"":[],""printf_token"":[],""var_tag"":[]}",
HGHU-TW-003497,角色與劇情,你似乎很健康，而且精力充沛。這很好。如果需要健康檢查，請來找我。,"{""brace_token"":[],""escaped_control"":[],""literal_newline"":[],""markup_tag"":[],""printf_token"":[],""var_tag"":[]}",
HGHU-TW-003498,角色與劇情,你看起來氣色不太好。,"{""brace_token"":[],""escaped_control"":[],""literal_newline"":[],""markup_tag"":[],""printf_token"":[],""var_tag"":[]}",
HGHU-TW-003499,角色與劇情,你想檢查一下嗎？,"{""brace_token"":[],""escaped_control"":[],""literal_newline"":[],""markup_tag"":[],""printf_token"":[],""var_tag"":[]}",
HGHU-TW-003500,角色與劇情,你知道的，不看醫生是個壞習慣。,"{""brace_token"":[],""escaped_control"":[],""literal_newline"":[],""markup_tag"":[],""printf_token"":[],""var_tag"":[]}",
HGHU-TW-003501,角色與劇情,噢，你覺得身體不太對勁嗎？,"{""brace_token"":[],""escaped_control"":[],""literal_newline"":[],""markup_tag"":[],""printf_token"":[],""var_tag"":[]}",
HGHU-TW-003502,角色與劇情,這種情況持續多久了？,"{""brace_token"":[],""escaped_control"":[],""literal_newline"":[],""markup_tag"":[],""printf_token"":[],""var_tag"":[]}",
HGHU-TW-003503,角色與劇情,呵呵！到了！,"{""brace_token"":[],""escaped_control"":[],""literal_newline"":[],""markup_tag"":[],""printf_token"":[],""var_tag"":[]}",
HGHU-TW-003504,角色與劇情,嗯。,"{""brace_token"":[],""escaped_control"":[],""literal_newline"":[],""markup_tag"":[],""printf_token"":[],""var_tag"":[]}",
HGHU-TW-003505,角色與劇情,我想我剛好有可以治這個的東西。,"{""brace_token"":[],""escaped_control"":[],""literal_newline"":[],""markup_tag"":[],""printf_token"":[],""var_tag"":[]}",
HGHU-TW-003506,角色與劇情,好了，你會感覺到一點點刺痛，就像一條毒蛇把毒牙深深刺進你的喉嚨一樣。,"{""brace_token"":[],""escaped_control"":[],""literal_newline"":[],""markup_tag"":[],""printf_token"":[],""var_tag"":[]}",
HGHU-TW-003507,角色與劇情,我開玩笑的。,"{""brace_token"":[],""escaped_control"":[],""literal_newline"":[],""markup_tag"":[],""printf_token"":[],""var_tag"":[]}",
HGHU-TW-003508,角色與劇情,你已經痊癒了。就這麼簡單。,"{""brace_token"":[],""escaped_control"":[],""literal_newline"":[],""markup_tag"":[],""printf_token"":[],""var_tag"":[]}",
HGHU-TW-003509,角色與劇情,我敢說你甚至都沒看到或感覺到。,"{""brace_token"":[],""escaped_control"":[],""literal_newline"":[],""markup_tag"":[],""printf_token"":[],""var_tag"":[]}",
HGHU-TW-003510,角色與劇情,拿去。,"{""brace_token"":[],""escaped_control"":[],""literal_newline"":[],""markup_tag"":[],""printf_token"":[],""var_tag"":[]}",
HGHU-TW-003511,角色與劇情,我的<hgh_f c=0>磁鐵</hgh_f>終於到了！,"{""brace_token"":[],""escaped_control"":[],""literal_newline"":[],""markup_tag"":[""</hgh_f>"",""<hgh_f c=0>""],""printf_token"":[],""var_tag"":[]}",
HGHU-TW-003512,角色與劇情,這是獎勵你當個乖病人的。,"{""brace_token"":[],""escaped_control"":[],""literal_newline"":[],""markup_tag"":[],""printf_token"":[],""var_tag"":[]}",
HGHU-TW-003513,角色與劇情,六個月後來找我做健康檢查。,"{""brace_token"":[],""escaped_control"":[],""literal_newline"":[],""markup_tag"":[],""printf_token"":[],""var_tag"":[]}",
HGHU-TW-003514,角色與劇情,前一晚不能吃零食。,"{""brace_token"":[],""escaped_control"":[],""literal_newline"":[],""markup_tag"":[],""printf_token"":[],""var_tag"":[]}",
HGHU-TW-003515,角色與劇情,連水都不能喝。,"{""brace_token"":[],""escaped_control"":[],""literal_newline"":[],""markup_tag"":[],""printf_token"":[],""var_tag"":[]}",
HGHU-TW-003516,角色與劇情,你可以從那扇門走出去。,"{""brace_token"":[],""escaped_control"":[],""literal_newline"":[],""markup_tag"":[],""printf_token"":[],""var_tag"":[]}",
HGHU-TW-003517,角色與劇情,歡迎隨時來找我「看診」。,"{""brace_token"":[],""escaped_control"":[],""literal_newline"":[],""markup_tag"":[],""printf_token"":[],""var_tag"":[]}",
HGHU-TW-003518,角色與劇情,畢竟多拿幾個病人「練習」，我的醫術說不定就及格了。,"{""brace_token"":[],""escaped_control"":[],""literal_newline"":[],""markup_tag"":[],""printf_token"":[],""var_tag"":[]}",
HGHU-TW-003519,角色與劇情,這表示是時候展示我最新的發明了！,"{""brace_token"":[],""escaped_control"":[],""literal_newline"":[],""markup_tag"":[],""printf_token"":[],""var_tag"":[]}",
HGHU-TW-003520,角色與劇情,醫學冷笑話。,"{""brace_token"":[],""escaped_control"":[],""literal_newline"":[],""markup_tag"":[],""printf_token"":[],""var_tag"":[]}",
HGHU-TW-003521,角色與劇情,啊！,"{""brace_token"":[],""escaped_control"":[],""literal_newline"":[],""markup_tag"":[],""printf_token"":[],""var_tag"":[]}",
HGHU-TW-003522,角色與劇情,噢，我的天啊，是個<hgh_f c=0>巫師</hgh_f>，對吧？,"{""brace_token"":[],""escaped_control"":[],""literal_newline"":[],""markup_tag"":[""</hgh_f>"",""<hgh_f c=0>""],""printf_token"":[],""var_tag"":[]}",
HGHU-TW-003523,角色與劇情,嗯，別擔心。,"{""brace_token"":[],""escaped_control"":[],""literal_newline"":[],""markup_tag"":[],""printf_token"":[],""var_tag"":[]}",
HGHU-TW-003524,角色與劇情,我是一個<hgh_f c=0>好</hgh_f>巫師。,"{""brace_token"":[],""escaped_control"":[],""literal_newline"":[],""markup_tag"":[""</hgh_f>"",""<hgh_f c=0>""],""printf_token"":[],""var_tag"":[]}",
HGHU-TW-003525,角色與劇情,你有<hgh_f c=0>糖果</hgh_f>嗎？,"{""brace_token"":[],""escaped_control"":[],""literal_newline"":[],""markup_tag"":[""</hgh_f>"",""<hgh_f c=0>""],""printf_token"":[],""var_tag"":[]}",
HGHU-TW-003526,角色與劇情,我對糖果毫無抵抗力。,"{""brace_token"":[],""escaped_control"":[],""literal_newline"":[],""markup_tag"":[],""printf_token"":[],""var_tag"":[]}",
HGHU-TW-003527,角色與劇情,事實上，為了<hgh_f c=0>拿到一些甜甜的糖果，我甚至願意把整個城鎮夷為平地</hgh_f>……,"{""brace_token"":[],""escaped_control"":[],""literal_newline"":[],""markup_tag"":[""</hgh_f>"",""<hgh_f c=0>""],""printf_token"":[],""var_tag"":[]}",
HGHU-TW-003528,角色與劇情,嘿！,"{""brace_token"":[],""escaped_control"":[],""literal_newline"":[],""markup_tag"":[],""printf_token"":[],""var_tag"":[]}",
HGHU-TW-003529,角色與劇情,<hgh_f c=0>忘了</hgh_f>那句話吧。,"{""brace_token"":[],""escaped_control"":[],""literal_newline"":[],""markup_tag"":[""</hgh_f>"",""<hgh_f c=0>""],""printf_token"":[],""var_tag"":[]}",
HGHU-TW-003530,角色與劇情,心裡話不小心說出來了！嘿！,"{""brace_token"":[],""escaped_control"":[],""literal_newline"":[],""markup_tag"":[],""printf_token"":[],""var_tag"":[]}",
HGHU-TW-003531,角色與劇情,但我真的需要一些<hgh_f c=0>糖果</hgh_f>。,"{""brace_token"":[],""escaped_control"":[],""literal_newline"":[],""markup_tag"":[""</hgh_f>"",""<hgh_f c=0>""],""printf_token"":[],""var_tag"":[]}",
HGHU-TW-003532,角色與劇情,我好渴望吃<hgh_f c=0>糖果</hgh_f>啊！,"{""brace_token"":[],""escaped_control"":[],""literal_newline"":[],""markup_tag"":[""</hgh_f>"",""<hgh_f c=0>""],""printf_token"":[],""var_tag"":[]}",
HGHU-TW-003533,角色與劇情,我以前的<hgh_f c=0>醫生</hgh_f>有個糖果罐。裝得滿滿的，我是說<hgh_f c=0>塞滿</hgh_f>了糖果！,"{""brace_token"":[],""escaped_control"":[],""literal_newline"":[],""markup_tag"":[""</hgh_f>"",""</hgh_f>"",""<hgh_f c=0>"",""<hgh_f c=0>""],""printf_token"":[],""var_tag"":[]}",
HGHU-TW-003534,角色與劇情,等等。,"{""brace_token"":[],""escaped_control"":[],""literal_newline"":[],""markup_tag"":[],""printf_token"":[],""var_tag"":[]}",
HGHU-TW-003535,角色與劇情,我以為你沒有任何糖果。,"{""brace_token"":[],""escaped_control"":[],""literal_newline"":[],""markup_tag"":[],""printf_token"":[],""var_tag"":[]}",
HGHU-TW-003536,角色與劇情,但你現在有了？,"{""brace_token"":[],""escaped_control"":[],""literal_newline"":[],""markup_tag"":[],""printf_token"":[],""var_tag"":[]}",
HGHU-TW-003537,角色與劇情,你怎麼能這樣！我知道你有<hgh_f c=0>糖果</hgh_f>！,"{""brace_token"":[],""escaped_control"":[],""literal_newline"":[],""markup_tag"":[""</hgh_f>"",""<hgh_f c=0>""],""printf_token"":[],""var_tag"":[]}",
HGHU-TW-003538,角色與劇情,哇，我是說，<hgh_f c=0>哇喔</hgh_f>！,"{""brace_token"":[],""escaped_control"":[],""literal_newline"":[],""markup_tag"":[""</hgh_f>"",""<hgh_f c=0>""],""printf_token"":[],""var_tag"":[]}",
HGHU-TW-003539,角色與劇情,糖果憑空出現了！,"{""brace_token"":[],""escaped_control"":[],""literal_newline"":[],""markup_tag"":[],""printf_token"":[],""var_tag"":[]}",
HGHU-TW-003540,角色與劇情,我的朋友，你可是個<hgh_f c=0>真正</hgh_f>的巫師啊！,"{""brace_token"":[],""escaped_control"":[],""literal_newline"":[],""markup_tag"":[""</hgh_f>"",""<hgh_f c=0>""],""printf_token"":[],""var_tag"":[]}",
HGHU-TW-003541,角色與劇情,來，給你。,"{""brace_token"":[],""escaped_control"":[],""literal_newline"":[],""markup_tag"":[],""printf_token"":[],""var_tag"":[]}",
HGHU-TW-003542,角色與劇情,那是一塊用水晶做成的<hgh_f c=0>光明碎片</hgh_f>。,"{""brace_token"":[],""escaped_control"":[],""literal_newline"":[],""markup_tag"":[""</hgh_f>"",""<hgh_f c=0>""],""printf_token"":[],""var_tag"":[]}",
HGHU-TW-003543,角色與劇情,巫師總要有顆水晶，對吧？,"{""brace_token"":[],""escaped_control"":[],""literal_newline"":[],""markup_tag"":[],""printf_token"":[],""var_tag"":[]}",
HGHU-TW-003544,角色與劇情,<hgh_f c=0>我說得對吧</hgh_f>？,"{""brace_token"":[],""escaped_control"":[],""literal_newline"":[],""markup_tag"":[""</hgh_f>"",""<hgh_f c=0>""],""printf_token"":[],""var_tag"":[]}",
HGHU-TW-003545,角色與劇情,<hgh_f c=0>回答我</hgh_f>！！,"{""brace_token"":[],""escaped_control"":[],""literal_newline"":[],""markup_tag"":[""</hgh_f>"",""<hgh_f c=0>""],""printf_token"":[],""var_tag"":[]}",
HGHU-TW-003546,角色與劇情,嘿，開玩笑的。,"{""brace_token"":[],""escaped_control"":[],""literal_newline"":[],""markup_tag"":[],""printf_token"":[],""var_tag"":[]}",
HGHU-TW-003547,角色與劇情,我們扯平了。你慢慢享受吧。,"{""brace_token"":[],""escaped_control"":[],""literal_newline"":[],""markup_tag"":[],""printf_token"":[],""var_tag"":[]}",
HGHU-TW-003548,角色與劇情,我給你的那塊<hgh_f c=0>光明碎片</hgh_f>？我舔過了。那不是冰糖。,"{""brace_token"":[],""escaped_control"":[],""literal_newline"":[],""markup_tag"":[""</hgh_f>"",""<hgh_f c=0>""],""printf_token"":[],""var_tag"":[]}",
HGHU-TW-003549,角色與劇情,喔天啊！那是什麼，叔叔？,"{""brace_token"":[],""escaped_control"":[],""literal_newline"":[],""markup_tag"":[],""printf_token"":[],""var_tag"":[]}",
HGHU-TW-003550,角色與劇情,如果你找到那塊<hgh_f c=0>光明碎片</hgh_f>，記得跟我說一聲。,"{""brace_token"":[],""escaped_control"":[],""literal_newline"":[],""markup_tag"":[""</hgh_f>"",""<hgh_f c=0>""],""printf_token"":[],""var_tag"":[]}",
HGHU-TW-003551,角色與劇情,如果你找不到<hgh_f c=0>光明碎片</hgh_f>，試著去問問<hgh_f c=0>澡堂老闆娘</hgh_f>。聽說說到打聽傳聞，她可是最厲害的。,"{""brace_token"":[],""escaped_control"":[],""literal_newline"":[],""markup_tag"":[""</hgh_f>"",""</hgh_f>"",""<hgh_f c=0>"",""<hgh_f c=0>""],""printf_token"":[],""var_tag"":[]}",
HGHU-TW-003552,角色與劇情,你找到了一塊<hgh_f c=0>光明碎片</hgh_f>！,"{""brace_token"":[],""escaped_control"":[],""literal_newline"":[],""markup_tag"":[""</hgh_f>"",""<hgh_f c=0>""],""printf_token"":[],""var_tag"":[]}",
HGHU-TW-003553,角色與劇情,那是給我的，對吧？,"{""brace_token"":[],""escaped_control"":[],""literal_newline"":[],""markup_tag"":[],""printf_token"":[],""var_tag"":[]}",
HGHU-TW-003554,角色與劇情,能幫妳保衛城鎮的東西！,"{""brace_token"":[],""escaped_control"":[],""literal_newline"":[],""markup_tag"":[],""printf_token"":[],""var_tag"":[]}",
HGHU-TW-003555,角色與劇情,你在開玩笑吧？,"{""brace_token"":[],""escaped_control"":[],""literal_newline"":[],""markup_tag"":[],""printf_token"":[],""var_tag"":[]}",
HGHU-TW-003556,角色與劇情,它就裝在黑暗碎片旁邊。就在……,"{""brace_token"":[],""escaped_control"":[],""literal_newline"":[],""markup_tag"":[],""printf_token"":[],""var_tag"":[]}",
HGHU-TW-003557,角色與劇情,這裡！,"{""brace_token"":[],""escaped_control"":[],""literal_newline"":[],""markup_tag"":[],""printf_token"":[],""var_tag"":[]}",
HGHU-TW-003558,角色與劇情,太棒了！,"{""brace_token"":[],""escaped_control"":[],""literal_newline"":[],""markup_tag"":[],""printf_token"":[],""var_tag"":[]}",
HGHU-TW-003559,角色與劇情,叔叔，只剩下最後一個零件了！,"{""brace_token"":[],""escaped_control"":[],""literal_newline"":[],""markup_tag"":[],""printf_token"":[],""var_tag"":[]}",
HGHU-TW-003560,角色與劇情,我稱它為……,"{""brace_token"":[],""escaped_control"":[],""literal_newline"":[],""markup_tag"":[],""printf_token"":[],""var_tag"":[]}",
HGHU-TW-003561,角色與劇情,沒錯！,"{""brace_token"":[],""escaped_control"":[],""literal_newline"":[],""markup_tag"":[],""printf_token"":[],""var_tag"":[]}",
HGHU-TW-003562,角色與劇情,我們快到<hgh_f c=0>最後</hgh_f>了！,"{""brace_token"":[],""escaped_control"":[],""literal_newline"":[],""markup_tag"":[""</hgh_f>"",""<hgh_f c=0>""],""printf_token"":[],""var_tag"":[]}",
HGHU-TW-003563,角色與劇情,天啊！說到這個，我得閃人了。,"{""brace_token"":[],""escaped_control"":[],""literal_newline"":[],""markup_tag"":[],""printf_token"":[],""var_tag"":[]}",
HGHU-TW-003564,角色與劇情,畢竟！趁活著的時候要好好享受生活啊！,"{""brace_token"":[],""escaped_control"":[],""literal_newline"":[],""markup_tag"":[],""printf_token"":[],""var_tag"":[]}",
HGHU-TW-003565,角色與劇情,Rotty……你為什麼一直那樣說？,"{""brace_token"":[],""escaped_control"":[],""literal_newline"":[],""markup_tag"":[],""printf_token"":[],""var_tag"":[]}",
HGHU-TW-003566,角色與劇情,咦？,"{""brace_token"":[],""escaped_control"":[],""literal_newline"":[],""markup_tag"":[],""printf_token"":[],""var_tag"":[]}",
HGHU-TW-003567,角色與劇情,哦，你還沒聽說嗎？,"{""brace_token"":[],""escaped_control"":[],""literal_newline"":[],""markup_tag"":[],""printf_token"":[],""var_tag"":[]}",
HGHU-TW-003568,角色與劇情,關於……,"{""brace_token"":[],""escaped_control"":[],""literal_newline"":[],""markup_tag"":[],""printf_token"":[],""var_tag"":[]}",
HGHU-TW-003569,角色與劇情,關於<hgh_f c=0>世界末日</hgh_f>。,"{""brace_token"":[],""escaped_control"":[],""literal_newline"":[],""markup_tag"":[""</hgh_f>"",""<hgh_f c=0>""],""printf_token"":[],""var_tag"":[]}",
HGHU-TW-003570,角色與劇情,……<hgh_f c=0>發電機</hgh_f>！,"{""brace_token"":[],""escaped_control"":[],""literal_newline"":[],""markup_tag"":[""</hgh_f>"",""<hgh_f c=0>""],""printf_token"":[],""var_tag"":[]}",
HGHU-TW-003571,角色與劇情,<hgh_f c=0>催眠男爵</hgh_f>正在召喚一隻<hgh_f c=0>無法言喻的恐怖生物</hgh_f>。,"{""brace_token"":[],""escaped_control"":[],""literal_newline"":[],""markup_tag"":[""</hgh_f>"",""</hgh_f>"",""<hgh_f c=0>"",""<hgh_f c=0>""],""printf_token"":[],""var_tag"":[]}",
HGHU-TW-003572,角色與劇情,我想在那隻野獸開始毀滅世界的大屠殺之前，盡可能地多享受一點樂趣。,"{""brace_token"":[],""escaped_control"":[],""literal_newline"":[],""markup_tag"":[],""printf_token"":[],""var_tag"":[]}",
HGHU-TW-003573,角色與劇情,你說什麼？！,"{""brace_token"":[],""escaped_control"":[],""literal_newline"":[],""markup_tag"":[],""printf_token"":[],""var_tag"":[]}",
HGHU-TW-003574,角色與劇情,其實，我需要搭個便車。,"{""brace_token"":[],""escaped_control"":[],""literal_newline"":[],""markup_tag"":[],""printf_token"":[],""var_tag"":[]}",
HGHU-TW-003575,角色與劇情,我要去請那個鳥腦袋載我一程，去<hgh_f c=0>催眠男爵的城堡</hgh_f>。,"{""brace_token"":[],""escaped_control"":[],""literal_newline"":[],""markup_tag"":[""</hgh_f>"",""<hgh_f c=0>""],""printf_token"":[],""var_tag"":[]}",
HGHU-TW-003576,角色與劇情,或許我能弄到個前排座位。,"{""brace_token"":[],""escaped_control"":[],""literal_newline"":[],""markup_tag"":[],""printf_token"":[],""var_tag"":[]}",
HGHU-TW-003577,角色與劇情,如果你想來的話，這裡有一張<hgh_f c=0>地圖</hgh_f>。,"{""brace_token"":[],""escaped_control"":[],""literal_newline"":[],""markup_tag"":[""</hgh_f>"",""<hgh_f c=0>""],""printf_token"":[],""var_tag"":[]}",
HGHU-TW-003578,角色與劇情,再見！,"{""brace_token"":[],""escaped_control"":[],""literal_newline"":[],""markup_tag"":[],""printf_token"":[],""var_tag"":[]}",
HGHU-TW-003579,角色與劇情,發癲雞?,"{""brace_token"":[],""escaped_control"":[],""literal_newline"":[],""markup_tag"":[],""printf_token"":[],""var_tag"":[]}",
HGHU-TW-003580,角色與劇情,我<hgh_f c=0>絕對不可能</hgh_f>袖手旁觀，讓催眠男爵召喚什麼巨大的野獸！,"{""brace_token"":[],""escaped_control"":[],""literal_newline"":[],""markup_tag"":[""</hgh_f>"",""<hgh_f c=0>""],""printf_token"":[],""var_tag"":[]}",
HGHU-TW-003581,角色與劇情,就最後一次了，叔叔！我保證回來就幫你完成機器！,"{""brace_token"":[],""escaped_control"":[],""literal_newline"":[],""markup_tag"":[],""printf_token"":[],""var_tag"":[]}",
HGHU-TW-003582,角色與劇情,（嘆氣）,"{""brace_token"":[],""escaped_control"":[],""literal_newline"":[],""markup_tag"":[],""printf_token"":[],""var_tag"":[]}",
HGHU-TW-003583,角色與劇情,今天真是太多干擾了。你答應我一定要小心就好！,"{""brace_token"":[],""escaped_control"":[],""literal_newline"":[],""markup_tag"":[],""printf_token"":[],""var_tag"":[]}",
HGHU-TW-003584,角色與劇情,我會的，叔叔！,"{""brace_token"":[],""escaped_control"":[],""literal_newline"":[],""markup_tag"":[],""printf_token"":[],""var_tag"":[]}",
HGHU-TW-003585,角色與劇情,發電機！這是我正試圖重新拼湊起來的舊世界裝置！,"{""brace_token"":[],""escaped_control"":[],""literal_newline"":[],""markup_tag"":[],""printf_token"":[],""var_tag"":[]}",
HGHU-TW-003586,角色與劇情,最好去拜訪一下 史凱，看看催眠男爵這件事到底是怎麼回事……,"{""brace_token"":[],""escaped_control"":[],""literal_newline"":[],""markup_tag"":[],""printf_token"":[],""var_tag"":[]}",
HGHU-TW-003587,角色與劇情,史凱！,"{""brace_token"":[],""escaped_control"":[],""literal_newline"":[],""markup_tag"":[],""printf_token"":[],""var_tag"":[]}",
HGHU-TW-003588,角色與劇情,讓我猜猜。你想要搭便車去<hgh_f c=0>催眠男爵的城堡</hgh_f>？,"{""brace_token"":[],""escaped_control"":[],""literal_newline"":[],""markup_tag"":[""</hgh_f>"",""<hgh_f c=0>""],""printf_token"":[],""var_tag"":[]}",
HGHU-TW-003589,角色與劇情,你怎麼知道？,"{""brace_token"":[],""escaped_control"":[],""literal_newline"":[],""markup_tag"":[],""printf_token"":[],""var_tag"":[]}",
HGHU-TW-003590,角色與劇情,你那個酒肉朋友剛才也想搭便車。,"{""brace_token"":[],""escaped_control"":[],""literal_newline"":[],""markup_tag"":[],""printf_token"":[],""var_tag"":[]}",
HGHU-TW-003591,角色與劇情,哦。,"{""brace_token"":[],""escaped_control"":[],""literal_newline"":[],""markup_tag"":[],""printf_token"":[],""var_tag"":[]}",
HGHU-TW-003592,角色與劇情,她會直接把你帶進麻煩裡！,"{""brace_token"":[],""escaped_control"":[],""literal_newline"":[],""markup_tag"":[],""printf_token"":[],""var_tag"":[]}",
HGHU-TW-003593,角色與劇情,妳給我帶來的那個<hgh_f c=0>磁鐵</hgh_f>要放在……,"{""brace_token"":[],""escaped_control"":[],""literal_newline"":[],""markup_tag"":[""</hgh_f>"",""<hgh_f c=0>""],""printf_token"":[],""var_tag"":[]}",
HGHU-TW-003594,角色與劇情,但我必須阻止催眠男爵！,"{""brace_token"":[],""escaped_control"":[],""literal_newline"":[],""markup_tag"":[],""printf_token"":[],""var_tag"":[]}",
HGHU-TW-003595,角色與劇情,很典型的做法。別說我沒警告過你。,"{""brace_token"":[],""escaped_control"":[],""literal_newline"":[],""markup_tag"":[],""printf_token"":[],""var_tag"":[]}",
HGHU-TW-003596,角色與劇情,羅蒂托普斯，等等我！,"{""brace_token"":[],""escaped_control"":[],""literal_newline"":[],""markup_tag"":[],""printf_token"":[],""var_tag"":[]}",
HGHU-TW-003597,角色與劇情,那個可惡的 史凱！那個沒用的鳥腦袋，居然讓我一路走到這裡！,"{""brace_token"":[],""escaped_control"":[],""literal_newline"":[],""markup_tag"":[],""printf_token"":[],""var_tag"":[]}",
HGHU-TW-003598,角色與劇情,而且我上週才剛換過腿！,"{""brace_token"":[],""escaped_control"":[],""literal_newline"":[],""markup_tag"":[],""printf_token"":[],""var_tag"":[]}",
HGHU-TW-003599,角色與劇情,別生氣了。,"{""brace_token"":[],""escaped_control"":[],""literal_newline"":[],""markup_tag"":[],""printf_token"":[],""var_tag"":[]}",
HGHU-TW-003600,角色與劇情,我確定你會找到……呃，更新、更好的腿的。,"{""brace_token"":[],""escaped_control"":[],""literal_newline"":[],""markup_tag"":[],""printf_token"":[],""var_tag"":[]}",
HGHU-TW-003601,角色與劇情,總之，跟我說說<hgh_f c=0>催眠男爵</hgh_f>正在召喚的怪物吧。,"{""brace_token"":[],""escaped_control"":[],""literal_newline"":[],""markup_tag"":[""</hgh_f>"",""<hgh_f c=0>""],""printf_token"":[],""var_tag"":[]}",
HGHU-TW-003602,角色與劇情,哦，那隻<hgh_f c=0>無法言喻的恐怖生物</hgh_f>？,"{""brace_token"":[],""escaped_control"":[],""literal_newline"":[],""markup_tag"":[""</hgh_f>"",""<hgh_f c=0>""],""printf_token"":[],""var_tag"":[]}",
HGHU-TW-003603,角色與劇情,我聽到我兄弟們在討論它。,"{""brace_token"":[],""escaped_control"":[],""literal_newline"":[],""markup_tag"":[],""printf_token"":[],""var_tag"":[]}",
HGHU-TW-003604,角色與劇情,我猜是催眠男爵來向他們尋求建議的。,"{""brace_token"":[],""escaped_control"":[],""literal_newline"":[],""markup_tag"":[],""printf_token"":[],""var_tag"":[]}",
HGHU-TW-003605,角色與劇情,他說他需要一隻足夠邪惡的生物來「撕裂時空結構，將人類淹沒在永恆的悲痛之海中」。,"{""brace_token"":[],""escaped_control"":[],""literal_newline"":[],""markup_tag"":[],""printf_token"":[],""var_tag"":[]}",
HGHU-TW-003606,角色與劇情,或者是類似的話。,"{""brace_token"":[],""escaped_control"":[],""literal_newline"":[],""markup_tag"":[],""printf_token"":[],""var_tag"":[]}",
HGHU-TW-003607,角色與劇情,我兄弟們告訴他召喚那怪物的方法，作為交換，我們得到了一整袋亮片大陸精選的深焙杏仁咖啡！,"{""brace_token"":[],""escaped_control"":[],""literal_newline"":[],""markup_tag"":[],""printf_token"":[],""var_tag"":[]}",
HGHU-TW-003608,角色與劇情,你們居然為了一袋咖啡就讓人類走向毀滅？！,"{""brace_token"":[],""escaped_control"":[],""literal_newline"":[],""markup_tag"":[],""printf_token"":[],""var_tag"":[]}",
HGHU-TW-003609,角色與劇情,嗯，那是因為那<hgh_f c=0>可是</hgh_f>早上九點以前發生的事，所以……,"{""brace_token"":[],""escaped_control"":[],""literal_newline"":[],""markup_tag"":[""</hgh_f>"",""<hgh_f c=0>""],""printf_token"":[],""var_tag"":[]}",
HGHU-TW-003610,角色與劇情,好吧！我要找到進入<hgh_f c=0>催眠男爵</hgh_f>召喚室的方法，在他的計畫得逞之前阻止他！,"{""brace_token"":[],""escaped_control"":[],""literal_newline"":[],""markup_tag"":[""</hgh_f>"",""<hgh_f c=0>""],""printf_token"":[],""var_tag"":[]}",
HGHU-TW-003611,角色與劇情,酷喔。我會在這裡看煙火的。,"{""brace_token"":[],""escaped_control"":[],""literal_newline"":[],""markup_tag"":[],""printf_token"":[],""var_tag"":[]}",
HGHU-TW-003612,角色與劇情,有、有人在嗎？,"{""brace_token"":[],""escaped_control"":[],""literal_newline"":[],""markup_tag"":[],""printf_token"":[],""var_tag"":[]}",
HGHU-TW-003613,角色與劇情,有人在家嗎？,"{""brace_token"":[],""escaped_control"":[],""literal_newline"":[],""markup_tag"":[],""printf_token"":[],""var_tag"":[]}",
HGHU-TW-003614,角色與劇情,這裡真讓人毛骨悚然。,"{""brace_token"":[],""escaped_control"":[],""literal_newline"":[],""markup_tag"":[],""printf_token"":[],""var_tag"":[]}",
HGHU-TW-003615,角色與劇情,催眠男爵！,"{""brace_token"":[],""escaped_control"":[],""literal_newline"":[],""markup_tag"":[],""printf_token"":[],""var_tag"":[]}",
HGHU-TW-003616,角色與劇情,你的施法日子到頭了，先生！,"{""brace_token"":[],""escaped_control"":[],""literal_newline"":[],""markup_tag"":[],""printf_token"":[],""var_tag"":[]}",
HGHU-TW-003617,角色與劇情,哇啊啊！是你！,"{""brace_token"":[],""escaped_control"":[],""literal_newline"":[],""markup_tag"":[],""printf_token"":[],""var_tag"":[]}",
HGHU-TW-003618,角色與劇情,沒關係！,"{""brace_token"":[],""escaped_control"":[],""literal_newline"":[],""markup_tag"":[],""printf_token"":[],""var_tag"":[]}",
HGHU-TW-003619,角色與劇情,我的咒語已經完成了！,"{""brace_token"":[],""escaped_control"":[],""literal_newline"":[],""markup_tag"":[],""printf_token"":[],""var_tag"":[]}",
HGHU-TW-003620,角色與劇情,這裡！就像這樣，看到了嗎？,"{""brace_token"":[],""escaped_control"":[],""literal_newline"":[],""markup_tag"":[],""printf_token"":[],""var_tag"":[]}",
HGHU-TW-003621,角色與劇情,倒抽一口氣！,"{""brace_token"":[],""escaped_control"":[],""literal_newline"":[],""markup_tag"":[],""printf_token"":[],""var_tag"":[]}",
HGHU-TW-003622,角色與劇情,在見證<hgh_f c=0>你們世界的終結</hgh_f>時恐懼地顫抖吧！,"{""brace_token"":[],""escaped_control"":[],""literal_newline"":[],""markup_tag"":[""</hgh_f>"",""<hgh_f c=0>""],""printf_token"":[],""var_tag"":[]}",
HGHU-TW-003623,角色與劇情,不！,"{""brace_token"":[],""escaped_control"":[],""literal_newline"":[],""markup_tag"":[],""printf_token"":[],""var_tag"":[]}",
HGHU-TW-003624,角色與劇情,<hgh_f c=0>看吧</hgh_f>！,"{""brace_token"":[],""escaped_control"":[],""literal_newline"":[],""markup_tag"":[""</hgh_f>"",""<hgh_f c=0>""],""printf_token"":[],""var_tag"":[]}",
HGHU-TW-003625,角色與劇情,<hgh_f c=0>這隻無法言喻的恐怖生物</hgh_f>！,"{""brace_token"":[],""escaped_control"":[],""literal_newline"":[],""markup_tag"":[""</hgh_f>"",""<hgh_f c=0>""],""printf_token"":[],""var_tag"":[]}",
HGHU-TW-003626,角色與劇情,一旦完成，這台機器將能產生足夠的電力，日夜<hgh_f c=0>照亮</hgh_f>斯卡托鎮！,"{""brace_token"":[],""escaped_control"":[],""literal_newline"":[],""markup_tag"":[""</hgh_f>"",""<hgh_f c=0>""],""printf_token"":[],""var_tag"":[]}",
HGHU-TW-003627,角色與劇情,不，不！！,"{""brace_token"":[],""escaped_control"":[],""literal_newline"":[],""markup_tag"":[],""printf_token"":[],""var_tag"":[]}",
HGHU-TW-003628,角色與劇情,喲！,"{""brace_token"":[],""escaped_control"":[],""literal_newline"":[],""markup_tag"":[],""printf_token"":[],""var_tag"":[]}",
HGHU-TW-003629,角色與劇情,蛤……？,"{""brace_token"":[],""escaped_control"":[],""literal_newline"":[],""markup_tag"":[],""printf_token"":[],""var_tag"":[]}",
HGHU-TW-003630,角色與劇情,魷魚男爵？,"{""brace_token"":[],""escaped_control"":[],""literal_newline"":[],""markup_tag"":[],""printf_token"":[],""var_tag"":[]}",
HGHU-TW-003631,角色與劇情,它會趕走方圓<hgh_f c=0>十英里內</hgh_f>所有的<hgh_f c=0>怪物</hgh_f>和<hgh_f c=0>海盜</hgh_f>！,"{""brace_token"":[],""escaped_control"":[],""literal_newline"":[],""markup_tag"":[""</hgh_f>"",""</hgh_f>"",""</hgh_f>"",""<hgh_f c=0>"",""<hgh_f c=0>"",""<hgh_f c=0>""],""printf_token"":[],""var_tag"":[]}",
HGHU-TW-003632,角色與劇情,看吧！我已經達到<hgh_f c=0>第五個魔王</hgh_f>的地位了！,"{""brace_token"":[],""escaped_control"":[],""literal_newline"":[],""markup_tag"":[""</hgh_f>"",""<hgh_f c=0>""],""printf_token"":[],""var_tag"":[]}",
HGHU-TW-003633,角色與劇情,距離頭牌主角只差一步了！,"{""brace_token"":[],""escaped_control"":[],""literal_newline"":[],""markup_tag"":[],""printf_token"":[],""var_tag"":[]}",
HGHU-TW-003634,角色與劇情,如果他們不以我的名字命名一款遊戲，我會很驚訝的！,"{""brace_token"":[],""escaped_control"":[],""literal_newline"":[],""markup_tag"":[],""printf_token"":[],""var_tag"":[]}",
HGHU-TW-003635,角色與劇情,他們會叫它「桑塔大戰偉大的魷魚男爵」！,"{""brace_token"":[],""escaped_control"":[],""literal_newline"":[],""markup_tag"":[],""printf_token"":[],""var_tag"":[]}",
HGHU-TW-003636,角色與劇情,不——是「由桑塔主演的魷魚男爵歷險記」！,"{""brace_token"":[],""escaped_control"":[],""literal_newline"":[],""markup_tag"":[],""printf_token"":[],""var_tag"":[]}",
HGHU-TW-003637,角色與劇情,事實上，乾脆就做成魷魚男爵的遊戲好了！,"{""brace_token"":[],""escaped_control"":[],""literal_newline"":[],""markup_tag"":[],""printf_token"":[],""var_tag"":[]}",
HGHU-TW-003638,角色與劇情,如果你客氣點求我，我甚至可以讓你作為廉價 DLC 加入！,"{""brace_token"":[],""escaped_control"":[],""literal_newline"":[],""markup_tag"":[],""printf_token"":[],""var_tag"":[]}",
HGHU-TW-003639,角色與劇情,你可以當個換色角色！,"{""brace_token"":[],""escaped_control"":[],""literal_newline"":[],""markup_tag"":[],""printf_token"":[],""var_tag"":[]}",
HGHU-TW-003640,角色與劇情,賣九十九美分聽起來滿合理的！,"{""brace_token"":[],""escaped_control"":[],""literal_newline"":[],""markup_tag"":[],""printf_token"":[],""var_tag"":[]}",
HGHU-TW-003641,角色與劇情,你瘋了，魷魚男爵！,"{""brace_token"":[],""escaped_control"":[],""literal_newline"":[],""markup_tag"":[],""printf_token"":[],""var_tag"":[]}",
HGHU-TW-003642,角色與劇情,首先，遊戲標題總是會有冒號或是「與」在裡面！,"{""brace_token"":[],""escaped_control"":[],""literal_newline"":[],""markup_tag"":[],""printf_token"":[],""var_tag"":[]}",
HGHU-TW-003643,角色與劇情,其次，魷魚男爵的外傳遊戲只能吸引到一小部分相同的客群，所以一定會賣得很差！,"{""brace_token"":[],""escaped_control"":[],""literal_newline"":[],""markup_tag"":[],""printf_token"":[],""var_tag"":[]}",
HGHU-TW-003644,角色與劇情,真令人尷尬。,"{""brace_token"":[],""escaped_control"":[],""literal_newline"":[],""markup_tag"":[],""printf_token"":[],""var_tag"":[]}",
HGHU-TW-003645,角色與劇情,第三，把我的顏色換成你的會讓你變成紅色和紫色，而你本來就是這樣了！,"{""brace_token"":[],""escaped_control"":[],""literal_newline"":[],""markup_tag"":[],""printf_token"":[],""var_tag"":[]}",
HGHU-TW-003646,角色與劇情,你、你、你怎麼敢？！,"{""brace_token"":[],""escaped_control"":[],""literal_newline"":[],""markup_tag"":[],""printf_token"":[],""var_tag"":[]}",
HGHU-TW-003647,角色與劇情,讓我們用最瘋狂的方式來對決吧！,"{""brace_token"":[],""escaped_control"":[],""literal_newline"":[],""markup_tag"":[],""printf_token"":[],""var_tag"":[]}",
HGHU-TW-003648,角色與劇情,放點時髦的魔王配樂，放馬過來吧！,"{""brace_token"":[],""escaped_control"":[],""literal_newline"":[],""markup_tag"":[],""printf_token"":[],""var_tag"":[]}",
HGHU-TW-003649,角色與劇情,<hgh_f c=0>斯卡托鎮</hgh_f>將會安然無恙。,"{""brace_token"":[],""escaped_control"":[],""literal_newline"":[],""markup_tag"":[""</hgh_f>"",""<hgh_f c=0>""],""printf_token"":[],""var_tag"":[]}",
HGHU-TW-003650,角色與劇情,噢，我的天啊，我想我徹底把他炸飛了！,"{""brace_token"":[],""escaped_control"":[],""literal_newline"":[],""markup_tag"":[],""printf_token"":[],""var_tag"":[]}",
HGHU-TW-003651,角色與劇情,希望你現在高興了，催眠男爵！,"{""brace_token"":[],""escaped_control"":[],""literal_newline"":[],""markup_tag"":[],""printf_token"":[],""var_tag"":[]}",
HGHU-TW-003652,角色與劇情,（吸鼻子）——他可能一直是個大混蛋，但在內心深處他只是想要被愛啊！,"{""brace_token"":[],""escaped_control"":[],""literal_newline"":[],""markup_tag"":[],""printf_token"":[],""var_tag"":[]}",
HGHU-TW-003653,角色與劇情,哦，他會被愛的。,"{""brace_token"":[],""escaped_control"":[],""literal_newline"":[],""markup_tag"":[],""printf_token"":[],""var_tag"":[]}",
HGHU-TW-003654,角色與劇情,你要知道，我把他召喚來這裡，是為了買下他的<hgh_f c=0>周邊商品版權</hgh_f>！,"{""brace_token"":[],""escaped_control"":[],""literal_newline"":[],""markup_tag"":[""</hgh_f>"",""<hgh_f c=0>""],""printf_token"":[],""var_tag"":[]}",
HGHU-TW-003655,角色與劇情,你說什麼？,"{""brace_token"":[],""escaped_control"":[],""literal_newline"":[],""markup_tag"":[],""printf_token"":[],""var_tag"":[]}",
HGHU-TW-003656,角色與劇情,魷魚男爵的帽子、馬克杯和 T 恤！圓領和拉克蘭袖都有！,"{""brace_token"":[],""escaped_control"":[],""literal_newline"":[],""markup_tag"":[],""printf_token"":[],""var_tag"":[]}",
HGHU-TW-003657,角色與劇情,可是……,"{""brace_token"":[],""escaped_control"":[],""literal_newline"":[],""markup_tag"":[],""printf_token"":[],""var_tag"":[]}",
HGHU-TW-003658,角色與劇情,那撕裂時空結構，將人類淹沒在永恆的悲痛之海中又是怎麼回事？,"{""brace_token"":[],""escaped_control"":[],""literal_newline"":[],""markup_tag"":[],""printf_token"":[],""var_tag"":[]}",
HGHU-TW-003659,角色與劇情,誰告訴你的？,"{""brace_token"":[],""escaped_control"":[],""literal_newline"":[],""markup_tag"":[],""printf_token"":[],""var_tag"":[]}",
HGHU-TW-003660,角色與劇情,而妳也可以換個心情，放鬆一下了！,"{""brace_token"":[],""escaped_control"":[],""literal_newline"":[],""markup_tag"":[],""printf_token"":[],""var_tag"":[]}",
HGHU-TW-003661,角色與劇情,不，是「點綴休閒時光的布料，將人類吹向百分百純棉的厚織舒適之海中」。,"{""brace_token"":[],""escaped_control"":[],""literal_newline"":[],""markup_tag"":[],""printf_token"":[],""var_tag"":[]}",
HGHU-TW-003662,角色與劇情,哦。,"{""brace_token"":[],""escaped_control"":[],""literal_newline"":[],""markup_tag"":[],""printf_token"":[],""var_tag"":[]}",
HGHU-TW-003663,角色與劇情,魷魚男爵的周邊商品將永遠成為邪惡的資金來源！,"{""brace_token"":[],""escaped_control"":[],""literal_newline"":[],""markup_tag"":[],""printf_token"":[],""var_tag"":[]}",
HGHU-TW-003664,角色與劇情,嘻——嘻——嘻——嘻！,"{""brace_token"":[],""escaped_control"":[],""literal_newline"":[],""markup_tag"":[],""printf_token"":[],""var_tag"":[]}",
HGHU-TW-003665,角色與劇情,我要回家泡個又久又熱的熱水澡。,"{""brace_token"":[],""escaped_control"":[],""literal_newline"":[],""markup_tag"":[],""printf_token"":[],""var_tag"":[]}",
HGHU-TW-003666,角色與劇情,太棒了，叔叔！什麼時候能準備好？,"{""brace_token"":[],""escaped_control"":[],""literal_newline"":[],""markup_tag"":[],""printf_token"":[],""var_tag"":[]}",
HGHU-TW-003667,角色與劇情,恭喜！,"{""brace_token"":[],""escaped_control"":[],""literal_newline"":[],""markup_tag"":[],""printf_token"":[],""var_tag"":[]}",
HGHU-TW-003668,角色與劇情,你一天內阻止了邪惡<hgh_f c=0>五次</hgh_f>！,"{""brace_token"":[],""escaped_control"":[],""literal_newline"":[],""markup_tag"":[""</hgh_f>"",""<hgh_f c=0>""],""printf_token"":[],""var_tag"":[]}",
HGHU-TW-003669,角色與劇情,這絕對是個人最佳紀錄了！,"{""brace_token"":[],""escaped_control"":[],""literal_newline"":[],""markup_tag"":[],""printf_token"":[],""var_tag"":[]}",
HGHU-TW-003670,角色與劇情,做一個只有一半英雄血統的精靈真是不容易。,"{""brace_token"":[],""escaped_control"":[],""literal_newline"":[],""markup_tag"":[],""printf_token"":[],""var_tag"":[]}",
HGHU-TW-003671,角色與劇情,我知道你的意思，謝謝。,"{""brace_token"":[],""escaped_control"":[],""literal_newline"":[],""markup_tag"":[],""printf_token"":[],""var_tag"":[]}",
HGHU-TW-003672,角色與劇情,但現在，我真的必須幫叔叔拿到那<hgh_f c=0>最後一個零件</hgh_f>。,"{""brace_token"":[],""escaped_control"":[],""literal_newline"":[],""markup_tag"":[""</hgh_f>"",""<hgh_f c=0>""],""printf_token"":[],""var_tag"":[]}",
HGHU-TW-003673,角色與劇情,嗯，還缺少幾個零件。但我快完成了！,"{""brace_token"":[],""escaped_control"":[],""literal_newline"":[],""markup_tag"":[],""printf_token"":[],""var_tag"":[]}",
HGHU-TW-003674,角色與劇情,所以，叔叔，那到底是什麼？,"{""brace_token"":[],""escaped_control"":[],""literal_newline"":[],""markup_tag"":[],""printf_token"":[],""var_tag"":[]}",
HGHU-TW-003675,角色與劇情,根據這個……,"{""brace_token"":[],""escaped_control"":[],""literal_newline"":[],""markup_tag"":[],""printf_token"":[],""var_tag"":[]}",
HGHU-TW-003676,角色與劇情,哎呀。,"{""brace_token"":[],""escaped_control"":[],""literal_newline"":[],""markup_tag"":[],""printf_token"":[],""var_tag"":[]}",
HGHU-TW-003677,角色與劇情,嗯。,"{""brace_token"":[],""escaped_control"":[],""literal_newline"":[],""markup_tag"":[],""printf_token"":[],""var_tag"":[]}",
HGHU-TW-003678,角色與劇情,藍圖上顯示的是手搖裝置。但那樣不行。,"{""brace_token"":[],""escaped_control"":[],""literal_newline"":[],""markup_tag"":[],""printf_token"":[],""var_tag"":[]}",
HGHU-TW-003679,角色與劇情,這就是你老叔叔大展身手的時候了！,"{""brace_token"":[],""escaped_control"":[],""literal_newline"":[],""markup_tag"":[],""printf_token"":[],""var_tag"":[]}",
HGHU-TW-003680,角色與劇情,呃……,"{""brace_token"":[],""escaped_control"":[],""literal_newline"":[],""markup_tag"":[],""printf_token"":[],""var_tag"":[]}",
HGHU-TW-003681,角色與劇情,沒錯！我們要<hgh_f c=0>隨機應變</hgh_f>！,"{""brace_token"":[],""escaped_control"":[],""literal_newline"":[],""markup_tag"":[""</hgh_f>"",""<hgh_f c=0>""],""printf_token"":[],""var_tag"":[]}",
HGHU-TW-003682,角色與劇情,既然我們可以裝個<hgh_f c=0>倉鼠滾輪</hgh_f>來幫我們做白工，幹嘛還要自己轉輪子呢？,"{""brace_token"":[],""escaped_control"":[],""literal_newline"":[],""markup_tag"":[""</hgh_f>"",""<hgh_f c=0>""],""printf_token"":[],""var_tag"":[]}",
HGHU-TW-003683,角色與劇情,我不知道……這聽起來對某隻倉鼠來說不是好消息。,"{""brace_token"":[],""escaped_control"":[],""literal_newline"":[],""markup_tag"":[],""printf_token"":[],""var_tag"":[]}",
HGHU-TW-003684,角色與劇情,接下來，我需要加上一個……,"{""brace_token"":[],""escaped_control"":[],""literal_newline"":[],""markup_tag"":[],""printf_token"":[],""var_tag"":[]}",
HGHU-TW-003685,角色與劇情,嘿，我知道了！,"{""brace_token"":[],""escaped_control"":[],""literal_newline"":[],""markup_tag"":[],""printf_token"":[],""var_tag"":[]}",
HGHU-TW-003686,角色與劇情,一般的倉鼠會累，需要休息，對吧？,"{""brace_token"":[],""escaped_control"":[],""literal_newline"":[],""markup_tag"":[],""printf_token"":[],""var_tag"":[]}",
HGHU-TW-003687,角色與劇情,但一隻<hgh_f c=0>殭屍倉鼠</hgh_f>會很樂意跑上一整天！,"{""brace_token"":[],""escaped_control"":[],""literal_newline"":[],""markup_tag"":[""</hgh_f>"",""<hgh_f c=0>""],""printf_token"":[],""var_tag"":[]}",
HGHU-TW-003688,角色與劇情,太聰明了！,"{""brace_token"":[],""escaped_control"":[],""literal_newline"":[],""markup_tag"":[],""printf_token"":[],""var_tag"":[]}",
HGHU-TW-003689,角色與劇情,那就這麼決定了！,"{""brace_token"":[],""escaped_control"":[],""literal_newline"":[],""markup_tag"":[],""printf_token"":[],""var_tag"":[]}",
HGHU-TW-003690,角色與劇情,這隻<hgh_f c=0>殭屍倉鼠</hgh_f>將會是我們永恆的能源來源。,"{""brace_token"":[],""escaped_control"":[],""literal_newline"":[],""markup_tag"":[""</hgh_f>"",""<hgh_f c=0>""],""printf_token"":[],""var_tag"":[]}",
HGHU-TW-003691,角色與劇情,而且我會用<hgh_f c=0>鐵</hgh_f>來打造<hgh_f c=0>倉鼠滾輪</hgh_f>，以減少他那小怪物腳趾上的熱度！,"{""brace_token"":[],""escaped_control"":[],""literal_newline"":[],""markup_tag"":[""</hgh_f>"",""</hgh_f>"",""<hgh_f c=0>"",""<hgh_f c=0>""],""printf_token"":[],""var_tag"":[]}",
HGHU-TW-003692,角色與劇情,我們真的要照這個計畫進行嗎？,"{""brace_token"":[],""escaped_control"":[],""literal_newline"":[],""markup_tag"":[],""printf_token"":[],""var_tag"":[]}",
HGHU-TW-003693,角色與劇情,唉。,"{""brace_token"":[],""escaped_control"":[],""literal_newline"":[],""markup_tag"":[],""printf_token"":[],""var_tag"":[]}",
HGHU-TW-003694,角色與劇情,……讓我看看……,"{""brace_token"":[],""escaped_control"":[],""literal_newline"":[],""markup_tag"":[],""printf_token"":[],""var_tag"":[]}",
HGHU-TW-003695,角色與劇情,好吧……羅蒂托普斯，這聽起來像是你的專業領域。,"{""brace_token"":[],""escaped_control"":[],""literal_newline"":[],""markup_tag"":[],""printf_token"":[],""var_tag"":[]}",
HGHU-TW-003696,角色與劇情,我要去哪裡找<hgh_f c=0>殭屍倉鼠</hgh_f>？,"{""brace_token"":[],""escaped_control"":[],""literal_newline"":[],""markup_tag"":[""</hgh_f>"",""<hgh_f c=0>""],""printf_token"":[],""var_tag"":[]}",
HGHU-TW-003697,角色與劇情,不知道。,"{""brace_token"":[],""escaped_control"":[],""literal_newline"":[],""markup_tag"":[],""printf_token"":[],""var_tag"":[]}",
HGHU-TW-003698,角色與劇情,不如我隨便抓一隻普通的然後咬牠一口？,"{""brace_token"":[],""escaped_control"":[],""literal_newline"":[],""markup_tag"":[],""printf_token"":[],""var_tag"":[]}",
HGHU-TW-003699,角色與劇情,我想<hgh_f c=0>坡 *暫譯*</hgh_f>就是這樣弄到的。,"{""brace_token"":[],""escaped_control"":[],""literal_newline"":[],""markup_tag"":[""</hgh_f>"",""<hgh_f c=0>""],""printf_token"":[],""var_tag"":[]}",
HGHU-TW-003700,角色與劇情,如果你的兄弟已經有一隻<hgh_f c=0>殭屍倉鼠</hgh_f>了，你為什麼不早說？！,"{""brace_token"":[],""escaped_control"":[],""literal_newline"":[],""markup_tag"":[""</hgh_f>"",""<hgh_f c=0>""],""printf_token"":[],""var_tag"":[]}",
HGHU-TW-003701,角色與劇情,嘻嘻。,"{""brace_token"":[],""escaped_control"":[],""literal_newline"":[],""markup_tag"":[],""printf_token"":[],""var_tag"":[]}",
HGHU-TW-003702,角色與劇情,呃。,"{""brace_token"":[],""escaped_control"":[],""literal_newline"":[],""markup_tag"":[],""printf_token"":[],""var_tag"":[]}",
HGHU-TW-003703,角色與劇情,那<hgh_f c=0>鐵板</hgh_f>呢？,"{""brace_token"":[],""escaped_control"":[],""literal_newline"":[],""markup_tag"":[""</hgh_f>"",""<hgh_f c=0>""],""printf_token"":[],""var_tag"":[]}",
HGHU-TW-003704,角色與劇情,關於那個，你得在<hgh_f c=0>鎮上到處</hgh_f>問問了。,"{""brace_token"":[],""escaped_control"":[],""literal_newline"":[],""markup_tag"":[""</hgh_f>"",""<hgh_f c=0>""],""printf_token"":[],""var_tag"":[]}",
HGHU-TW-003705,角色與劇情,我的<hgh_f c=0>發電機藍圖</hgh_f>在哪裡？,"{""brace_token"":[],""escaped_control"":[],""literal_newline"":[],""markup_tag"":[""</hgh_f>"",""<hgh_f c=0>""],""printf_token"":[],""var_tag"":[]}",
HGHU-TW-003706,角色與劇情,了解。一隻<hgh_f c=0>殭屍倉鼠</hgh_f>和一塊<hgh_f c=0>鐵板</hgh_f>，馬上來！,"{""brace_token"":[],""escaped_control"":[],""literal_newline"":[],""markup_tag"":[""</hgh_f>"",""</hgh_f>"",""<hgh_f c=0>"",""<hgh_f c=0>""],""printf_token"":[],""var_tag"":[]}",
HGHU-TW-003707,角色與劇情,我的兄弟 <hgh_f c=0>坡 *暫譯*</hgh_f> 有一隻可以借你的<hgh_f c=0>殭屍倉鼠</hgh_f>。他在<hgh_f c=0>催眠男爵的城堡</hgh_f>。,"{""brace_token"":[],""escaped_control"":[],""literal_newline"":[],""markup_tag"":[""</hgh_f>"",""</hgh_f>"",""</hgh_f>"",""<hgh_f c=0>"",""<hgh_f c=0>"",""<hgh_f c=0>""],""printf_token"":[],""var_tag"":[]}",
HGHU-TW-003708,角色與劇情,鐵很常見。我確定<hgh_f c=0>鎮上</hgh_f>一定有人知道哪裡可以找到。,"{""brace_token"":[],""escaped_control"":[],""literal_newline"":[],""markup_tag"":[""</hgh_f>"",""<hgh_f c=0>""],""printf_token"":[],""var_tag"":[]}",
HGHU-TW-003709,角色與劇情,我昨晚還拿著，現在卻不見了！,"{""brace_token"":[],""escaped_control"":[],""literal_newline"":[],""markup_tag"":[],""printf_token"":[],""var_tag"":[]}",
HGHU-TW-003710,角色與劇情,嘿，女孩。,"{""brace_token"":[],""escaped_control"":[],""literal_newline"":[],""markup_tag"":[],""printf_token"":[],""var_tag"":[]}",
HGHU-TW-003711,角色與劇情,我是<hgh_f c=0>冒險者</hgh_f>。,"{""brace_token"":[],""escaped_control"":[],""literal_newline"":[],""markup_tag"":[""</hgh_f>"",""<hgh_f c=0>""],""printf_token"":[],""var_tag"":[]}",
HGHU-TW-003712,角色與劇情,你也像我一樣是個冒險家嗎？,"{""brace_token"":[],""escaped_control"":[],""literal_newline"":[],""markup_tag"":[],""printf_token"":[],""var_tag"":[]}",
HGHU-TW-003713,角色與劇情,你喜歡玩遊戲嗎？,"{""brace_token"":[],""escaped_control"":[],""literal_newline"":[],""markup_tag"":[],""printf_token"":[],""var_tag"":[]}",
HGHU-TW-003714,角色與劇情,我這裡有個遊戲。,"{""brace_token"":[],""escaped_control"":[],""literal_newline"":[],""markup_tag"":[],""printf_token"":[],""var_tag"":[]}",
HGHU-TW-003715,角色與劇情,看好了。,"{""brace_token"":[],""escaped_control"":[],""literal_newline"":[],""markup_tag"":[],""printf_token"":[],""var_tag"":[]}",
HGHU-TW-003716,角色與劇情,好的。,"{""brace_token"":[],""escaped_control"":[],""literal_newline"":[],""markup_tag"":[],""printf_token"":[],""var_tag"":[]}",
HGHU-TW-003717,角色與劇情,你猜怎麼著？,"{""brace_token"":[],""escaped_control"":[],""literal_newline"":[],""markup_tag"":[],""printf_token"":[],""var_tag"":[]}",
HGHU-TW-003718,角色與劇情,你有試著去地下室找找嗎？,"{""brace_token"":[],""escaped_control"":[],""literal_newline"":[],""markup_tag"":[],""printf_token"":[],""var_tag"":[]}",
HGHU-TW-003719,角色與劇情,猴子屁股。,"{""brace_token"":[],""escaped_control"":[],""literal_newline"":[],""markup_tag"":[],""printf_token"":[],""var_tag"":[]}",
HGHU-TW-003720,角色與劇情,不，這太無聊了。聽著。,"{""brace_token"":[],""escaped_control"":[],""literal_newline"":[],""markup_tag"":[],""printf_token"":[],""var_tag"":[]}",
HGHU-TW-003721,角色與劇情,既然你都大老遠跑來這裡了，我跟你說。,"{""brace_token"":[],""escaped_control"":[],""literal_newline"":[],""markup_tag"":[],""printf_token"":[],""var_tag"":[]}",
HGHU-TW-003722,角色與劇情,我把這把<hgh_f c=0>斬首劍</hgh_f>送給你。,"{""brace_token"":[],""escaped_control"":[],""literal_newline"":[],""markup_tag"":[""</hgh_f>"",""<hgh_f c=0>""],""printf_token"":[],""var_tag"":[]}",
HGHU-TW-003723,角色與劇情,這是我不久前從<hgh_f c=0>蔚藍騎士</hgh_f>那裡偷來的。,"{""brace_token"":[],""escaped_control"":[],""literal_newline"":[],""markup_tag"":[""</hgh_f>"",""<hgh_f c=0>""],""printf_token"":[],""var_tag"":[]}",
HGHU-TW-003724,角色與劇情,那把劍真的很斬首。,"{""brace_token"":[],""escaped_control"":[],""literal_newline"":[],""markup_tag"":[],""printf_token"":[],""var_tag"":[]}",
HGHU-TW-003725,角色與劇情,我甚至把它浸泡在小猴子的眼淚裡，讓它變得更斬首。,"{""brace_token"":[],""escaped_control"":[],""literal_newline"":[],""markup_tag"":[],""printf_token"":[],""var_tag"":[]}",
HGHU-TW-003726,角色與劇情,斬首到都會痛了。,"{""brace_token"":[],""escaped_control"":[],""literal_newline"":[],""markup_tag"":[],""printf_token"":[],""var_tag"":[]}",
HGHU-TW-003727,角色與劇情,地下室？我的工作室可沒有地下室。,"{""brace_token"":[],""escaped_control"":[],""literal_newline"":[],""markup_tag"":[],""printf_token"":[],""var_tag"":[]}",
HGHU-TW-003728,角色與劇情,這真是一場大冒險。對你來說。大概吧。,"{""brace_token"":[],""escaped_control"":[],""literal_newline"":[],""markup_tag"":[],""printf_token"":[],""var_tag"":[]}",
HGHU-TW-003729,角色與劇情,我是<hgh_f c=0>蔚藍騎士</hgh_f>！,"{""brace_token"":[],""escaped_control"":[],""literal_newline"":[],""markup_tag"":[""</hgh_f>"",""<hgh_f c=0>""],""printf_token"":[],""var_tag"":[]}",
HGHU-TW-003730,角色與劇情,你！！,"{""brace_token"":[],""escaped_control"":[],""literal_newline"":[],""markup_tag"":[],""printf_token"":[],""var_tag"":[]}",
HGHU-TW-003731,角色與劇情,你是<hgh_f c=0>緋紅騎士</hgh_f>派來取回他的<hgh_f c=0>華麗頭飾</hgh_f>的嗎？,"{""brace_token"":[],""escaped_control"":[],""literal_newline"":[],""markup_tag"":[""</hgh_f>"",""</hgh_f>"",""<hgh_f c=0>"",""<hgh_f c=0>""],""printf_token"":[],""var_tag"":[]}",
HGHU-TW-003732,角色與劇情,我絕不會把它交給你這種無賴！,"{""brace_token"":[],""escaped_control"":[],""literal_newline"":[],""markup_tag"":[],""printf_token"":[],""var_tag"":[]}",
HGHU-TW-003733,角色與劇情,可是這裡有一扇活板門就在——,"{""brace_token"":[],""escaped_control"":[],""literal_newline"":[],""markup_tag"":[],""printf_token"":[],""var_tag"":[]}",
HGHU-TW-003734,角色與劇情,然而事有蹊蹺。,"{""brace_token"":[],""escaped_control"":[],""literal_newline"":[],""markup_tag"":[],""printf_token"":[],""var_tag"":[]}",
HGHU-TW-003735,角色與劇情,我很樂意把它賜給你……,"{""brace_token"":[],""escaped_control"":[],""literal_newline"":[],""markup_tag"":[],""printf_token"":[],""var_tag"":[]}",
HGHU-TW-003736,角色與劇情,……只要你能提供給我一把<hgh_f c=0>上好的斬首劍</hgh_f>，並且浸泡在悲傷的新生紅毛猩猩眼淚中！,"{""brace_token"":[],""escaped_control"":[],""literal_newline"":[],""markup_tag"":[""</hgh_f>"",""<hgh_f c=0>""],""printf_token"":[],""var_tag"":[]}",
HGHU-TW-003737,角色與劇情,你可以潛入深海來取得這把<hgh_f c=0>劍</hgh_f>……,"{""brace_token"":[],""escaped_control"":[],""literal_newline"":[],""markup_tag"":[""</hgh_f>"",""<hgh_f c=0>""],""printf_token"":[],""var_tag"":[]}",
HGHU-TW-003738,角色與劇情,……進入腐臭的下水道，到那個<hgh_f c=0>冒險者</hgh_f>會向你挑戰的地方！,"{""brace_token"":[],""escaped_control"":[],""literal_newline"":[],""markup_tag"":[""</hgh_f>"",""<hgh_f c=0>""],""printf_token"":[],""var_tag"":[]}",
HGHU-TW-003739,角色與劇情,如果你能成功克服他充滿詭計與欺騙的智力考驗……,"{""brace_token"":[],""escaped_control"":[],""literal_newline"":[],""markup_tag"":[],""printf_token"":[],""var_tag"":[]}",
HGHU-TW-003740,角色與劇情,……並且在夕陽接觸到浩瀚海洋之前，把這把<hgh_f c=0>斬首劍</hgh_f>交給我……,"{""brace_token"":[],""escaped_control"":[],""literal_newline"":[],""markup_tag"":[""</hgh_f>"",""<hgh_f c=0>""],""printf_token"":[],""var_tag"":[]}",
HGHU-TW-003741,角色與劇情,……這頂<hgh_f c=0>華麗頭飾</hgh_f>就是你的了！,"{""brace_token"":[],""escaped_control"":[],""literal_newline"":[],""markup_tag"":[""</hgh_f>"",""<hgh_f c=0>""],""printf_token"":[],""var_tag"":[]}",
HGHU-TW-003742,角色與劇情,把<hgh_f c=0>斬首劍</hgh_f>交給我……這頂<hgh_f c=0>華麗頭飾</hgh_f>就是你的了！,"{""brace_token"":[],""escaped_control"":[],""literal_newline"":[],""markup_tag"":[""</hgh_f>"",""</hgh_f>"",""<hgh_f c=0>"",""<hgh_f c=0>""],""printf_token"":[],""var_tag"":[]}",
HGHU-TW-003743,角色與劇情,我看到你已經取得<hgh_f c=0>斬首劍</hgh_f>了。,"{""brace_token"":[],""escaped_control"":[],""literal_newline"":[],""markup_tag"":[""</hgh_f>"",""<hgh_f c=0>""],""printf_token"":[],""var_tag"":[]}",
HGHU-TW-003744,角色與劇情,高貴的女士，你在說謊嗎？,"{""brace_token"":[],""escaped_control"":[],""literal_newline"":[],""markup_tag"":[],""printf_token"":[],""var_tag"":[]}",
HGHU-TW-003745,角色與劇情,你既高貴又勇敢！,"{""brace_token"":[],""escaped_control"":[],""literal_newline"":[],""markup_tag"":[],""printf_token"":[],""var_tag"":[]}",
HGHU-TW-003746,角色與劇情,因此，如我所承諾，我將這頂<hgh_f c=0>華麗頭飾</hgh_f>賜予你。,"{""brace_token"":[],""escaped_control"":[],""literal_newline"":[],""markup_tag"":[""</hgh_f>"",""<hgh_f c=0>""],""printf_token"":[],""var_tag"":[]}",
HGHU-TW-003747,角色與劇情,從今以後就把它戴在頭上吧！,"{""brace_token"":[],""escaped_control"":[],""literal_newline"":[],""markup_tag"":[],""printf_token"":[],""var_tag"":[]}",
HGHU-TW-003748,角色與劇情,我開始覺得這口音是裝出來的了。,"{""brace_token"":[],""escaped_control"":[],""literal_newline"":[],""markup_tag"":[],""printf_token"":[],""var_tag"":[]}",
HGHU-TW-003749,角色與劇情,啊啊啊啊！！,"{""brace_token"":[],""escaped_control"":[],""literal_newline"":[],""markup_tag"":[],""printf_token"":[],""var_tag"":[]}",
HGHU-TW-003750,角色與劇情,或許我們會再相見的，有著薰衣草色長髮的女士。,"{""brace_token"":[],""escaped_control"":[],""literal_newline"":[],""markup_tag"":[],""printf_token"":[],""var_tag"":[]}",
HGHU-TW-003751,角色與劇情,噢，嘿，小甜瓜。,"{""brace_token"":[],""escaped_control"":[],""literal_newline"":[],""markup_tag"":[],""printf_token"":[],""var_tag"":[]}",
HGHU-TW-003752,角色與劇情,是我，和以前一樣的水滴魚奶奶。,"{""brace_token"":[],""escaped_control"":[],""literal_newline"":[],""markup_tag"":[],""printf_token"":[],""var_tag"":[]}",
HGHU-TW-003753,角色與劇情,我的孫子們都跑去看電影了。,"{""brace_token"":[],""escaped_control"":[],""literal_newline"":[],""markup_tag"":[],""printf_token"":[],""var_tag"":[]}",
HGHU-TW-003754,角色與劇情,你覺得我的帽子看起來太過時了嗎？,"{""brace_token"":[],""escaped_control"":[],""literal_newline"":[],""markup_tag"":[],""printf_token"":[],""var_tag"":[]}",
HGHU-TW-003755,角色與劇情,孫子們說我得找頂新帽子。,"{""brace_token"":[],""escaped_control"":[],""literal_newline"":[],""markup_tag"":[],""printf_token"":[],""var_tag"":[]}",
HGHU-TW-003756,角色與劇情,我不知道，我想大概需要一些更現代的款式吧。,"{""brace_token"":[],""escaped_control"":[],""literal_newline"":[],""markup_tag"":[],""printf_token"":[],""var_tag"":[]}",
HGHU-TW-003757,角色與劇情,一隻叮咯鬼！,"{""brace_token"":[],""escaped_control"":[],""literal_newline"":[],""markup_tag"":[],""printf_token"":[],""var_tag"":[]}",
HGHU-TW-003758,角色與劇情,你能再幫我一次嗎？,"{""brace_token"":[],""escaped_control"":[],""literal_newline"":[],""markup_tag"":[],""printf_token"":[],""var_tag"":[]}",
HGHU-TW-003759,角色與劇情,幫我找一頂好看的帽子？,"{""brace_token"":[],""escaped_control"":[],""literal_newline"":[],""markup_tag"":[],""printf_token"":[],""var_tag"":[]}",
HGHU-TW-003760,角色與劇情,我會和以前一樣在這裡等。,"{""brace_token"":[],""escaped_control"":[],""literal_newline"":[],""markup_tag"":[],""printf_token"":[],""var_tag"":[]}",
HGHU-TW-003761,角色與劇情,幫我找一頂真的很好看的帽子，好嗎？,"{""brace_token"":[],""escaped_control"":[],""literal_newline"":[],""markup_tag"":[],""printf_token"":[],""var_tag"":[]}",
HGHU-TW-003762,角色與劇情,你幫我找到新帽子了嗎？,"{""brace_token"":[],""escaped_control"":[],""literal_newline"":[],""markup_tag"":[],""printf_token"":[],""var_tag"":[]}",
HGHU-TW-003763,角色與劇情,那個骯髒的海盜剛剛拿著我的<hgh_f c=0>藍圖</hgh_f>跑了！,"{""brace_token"":[],""escaped_control"":[],""literal_newline"":[],""markup_tag"":[""</hgh_f>"",""<hgh_f c=0>""],""printf_token"":[],""var_tag"":[]}",
HGHU-TW-003764,角色與劇情,我的帽子可能很舊了，但我可不是老古董。幫我找點新花樣。,"{""brace_token"":[],""escaped_control"":[],""literal_newline"":[],""markup_tag"":[],""printf_token"":[],""var_tag"":[]}",
HGHU-TW-003765,角色與劇情,哎呀。,"{""brace_token"":[],""escaped_control"":[],""literal_newline"":[],""markup_tag"":[],""printf_token"":[],""var_tag"":[]}",
HGHU-TW-003766,角色與劇情,現在的人都戴這種帽子嗎？,"{""brace_token"":[],""escaped_control"":[],""literal_newline"":[],""markup_tag"":[],""printf_token"":[],""var_tag"":[]}",
HGHU-TW-003767,角色與劇情,好吧，如果你覺得我應該戴上它，那我就戴了。,"{""brace_token"":[],""escaped_control"":[],""literal_newline"":[],""markup_tag"":[],""printf_token"":[],""var_tag"":[]}",
HGHU-TW-003768,角色與劇情,別擔心，叔叔，我會——,"{""brace_token"":[],""escaped_control"":[],""literal_newline"":[],""markup_tag"":[],""printf_token"":[],""var_tag"":[]}",
HGHU-TW-003769,角色與劇情,狐狸奶奶。,"{""brace_token"":[],""escaped_control"":[],""literal_newline"":[],""markup_tag"":[],""printf_token"":[],""var_tag"":[]}",
HGHU-TW-003770,角色與劇情,噢，我的天啊，我看起來比燉管蟲還要火辣。,"{""brace_token"":[],""escaped_control"":[],""literal_newline"":[],""markup_tag"":[],""printf_token"":[],""var_tag"":[]}",
HGHU-TW-003771,角色與劇情,狐狸奶奶。,"{""brace_token"":[],""escaped_control"":[],""literal_newline"":[],""markup_tag"":[],""printf_token"":[],""var_tag"":[]}",
HGHU-TW-003772,角色與劇情,這話說得真對。,"{""brace_token"":[],""escaped_control"":[],""literal_newline"":[],""markup_tag"":[],""printf_token"":[],""var_tag"":[]}",
HGHU-TW-003773,角色與劇情,這頂帽子讓這個老太婆有了思春的感覺，你懂我的意思吧。,"{""brace_token"":[],""escaped_control"":[],""literal_newline"":[],""markup_tag"":[],""printf_token"":[],""var_tag"":[]}",
HGHU-TW-003774,角色與劇情,呵呵呵。,"{""brace_token"":[],""escaped_control"":[],""literal_newline"":[],""markup_tag"":[],""printf_token"":[],""var_tag"":[]}",
HGHU-TW-003775,角色與劇情,事實上，我覺得我想唱首浪漫的情歌了。,"{""brace_token"":[],""escaped_control"":[],""literal_newline"":[],""markup_tag"":[],""printf_token"":[],""var_tag"":[]}",
HGHU-TW-003776,角色與劇情,希望這對一般觀眾來說不會太火辣煽情。,"{""brace_token"":[],""escaped_control"":[],""literal_newline"":[],""markup_tag"":[],""printf_token"":[],""var_tag"":[]}",
HGHU-TW-003777,角色與劇情,我要開始囉。,"{""brace_token"":[],""escaped_control"":[],""literal_newline"":[],""markup_tag"":[],""printf_token"":[],""var_tag"":[]}",
HGHU-TW-003778,角色與劇情,親愛的，我很想給你一點東西作為回報。但你必須先學會美人魚之舞才行。,"{""brace_token"":[],""escaped_control"":[],""literal_newline"":[],""markup_tag"":[],""printf_token"":[],""var_tag"":[]}",
HGHU-TW-003779,角色與劇情,等你學會了再來吧！,"{""brace_token"":[],""escaped_control"":[],""literal_newline"":[],""markup_tag"":[],""printf_token"":[],""var_tag"":[]}",
HGHU-TW-003780,角色與劇情,噗嚕嚕嚕嚕！,"{""brace_token"":[],""escaped_control"":[],""literal_newline"":[],""markup_tag"":[],""printf_token"":[],""var_tag"":[]}",
HGHU-TW-003781,角色與劇情,哎呀，這可不在計畫中。,"{""brace_token"":[],""escaped_control"":[],""literal_newline"":[],""markup_tag"":[],""printf_token"":[],""var_tag"":[]}",
HGHU-TW-003782,角色與劇情,那顆<hgh_f c=0>美人魚泡泡</hgh_f>一定是和我的感情一起被卡在內心深處了。,"{""brace_token"":[],""escaped_control"":[],""literal_newline"":[],""markup_tag"":[""</hgh_f>"",""<hgh_f c=0>""],""printf_token"":[],""var_tag"":[]}",
HGHU-TW-003783,角色與劇情,嗯，你可以<hgh_f c=0>收下它</hgh_f>。,"{""brace_token"":[],""escaped_control"":[],""literal_newline"":[],""markup_tag"":[""</hgh_f>"",""<hgh_f c=0>""],""printf_token"":[],""var_tag"":[]}",
HGHU-TW-003784,角色與劇情,如果你是美人魚，你就可以用那個小玩意兒從嘴裡吐出<hgh_f c=0>泡泡</hgh_f>，並且<hgh_f c=0>摧毀海底的大岩石</hgh_f>。,"{""brace_token"":[],""escaped_control"":[],""literal_newline"":[],""markup_tag"":[""</hgh_f>"",""</hgh_f>"",""<hgh_f c=0>"",""<hgh_f c=0>""],""printf_token"":[],""var_tag"":[]}",
HGHU-TW-003785,角色與劇情,坡 *暫譯*！,"{""brace_token"":[],""escaped_control"":[],""literal_newline"":[],""markup_tag"":[],""printf_token"":[],""var_tag"":[]}",
HGHU-TW-003786,角色與劇情,好久不見！,"{""brace_token"":[],""escaped_control"":[],""literal_newline"":[],""markup_tag"":[],""printf_token"":[],""var_tag"":[]}",
HGHU-TW-003787,角色與劇情,剛才是……,"{""brace_token"":[],""escaped_control"":[],""literal_newline"":[],""markup_tag"":[],""printf_token"":[],""var_tag"":[]}",
HGHU-TW-003788,角色與劇情,你好，女士！,"{""brace_token"":[],""escaped_control"":[],""literal_newline"":[],""markup_tag"":[],""printf_token"":[],""var_tag"":[]}",
HGHU-TW-003789,角色與劇情,這座城堡真是讓我百看不厭！,"{""brace_token"":[],""escaped_control"":[],""literal_newline"":[],""markup_tag"":[],""printf_token"":[],""var_tag"":[]}",
HGHU-TW-003790,角色與劇情,很不可思議，對吧？,"{""brace_token"":[],""escaped_control"":[],""literal_newline"":[],""markup_tag"":[],""printf_token"":[],""var_tag"":[]}",
HGHU-TW-003791,角色與劇情,嗯，對我來說有點太可怕了。,"{""brace_token"":[],""escaped_control"":[],""literal_newline"":[],""markup_tag"":[],""printf_token"":[],""var_tag"":[]}",
HGHU-TW-003792,角色與劇情,才不會。,"{""brace_token"":[],""escaped_control"":[],""literal_newline"":[],""markup_tag"":[],""printf_token"":[],""var_tag"":[]}",
HGHU-TW-003793,角色與劇情,我可以想像自己在這裡定居的樣子。,"{""brace_token"":[],""escaped_control"":[],""literal_newline"":[],""markup_tag"":[],""printf_token"":[],""var_tag"":[]}",
HGHU-TW-003794,角色與劇情,（嘆氣）,"{""brace_token"":[],""escaped_control"":[],""literal_newline"":[],""markup_tag"":[],""printf_token"":[],""var_tag"":[]}",
HGHU-TW-003795,角色與劇情,聽起來你有點煩惱，坡 *暫譯*。,"{""brace_token"":[],""escaped_control"":[],""literal_newline"":[],""markup_tag"":[],""printf_token"":[],""var_tag"":[]}",
HGHU-TW-003796,角色與劇情,是啊。就是我的寵物……他一點也不適應這個地方。,"{""brace_token"":[],""escaped_control"":[],""literal_newline"":[],""markup_tag"":[],""printf_token"":[],""var_tag"":[]}",
HGHU-TW-003797,角色與劇情,他喜歡<hgh_f c=0>跑</hgh_f>啊<hgh_f c=0>跑</hgh_f>的。但在這裡……,"{""brace_token"":[],""escaped_control"":[],""literal_newline"":[],""markup_tag"":[""</hgh_f>"",""</hgh_f>"",""<hgh_f c=0>"",""<hgh_f c=0>""],""printf_token"":[],""var_tag"":[]}",
HGHU-TW-003798,角色與劇情,砲火聲！？,"{""brace_token"":[],""escaped_control"":[],""literal_newline"":[],""markup_tag"":[],""printf_token"":[],""var_tag"":[]}",
HGHU-TW-003799,角色與劇情,我不知道。,"{""brace_token"":[],""escaped_control"":[],""literal_newline"":[],""markup_tag"":[],""printf_token"":[],""var_tag"":[]}",
HGHU-TW-003800,角色與劇情,他可能會走失受傷的，你知道嗎？,"{""brace_token"":[],""escaped_control"":[],""literal_newline"":[],""markup_tag"":[],""printf_token"":[],""var_tag"":[]}",
HGHU-TW-003801,角色與劇情,我真的很希望他能有一個<hgh_f c=0>好歸宿</hgh_f>，在那裡他可以開開心心地盡情<hgh_f c=0>扭動</hgh_f>奔跑。,"{""brace_token"":[],""escaped_control"":[],""literal_newline"":[],""markup_tag"":[""</hgh_f>"",""</hgh_f>"",""<hgh_f c=0>"",""<hgh_f c=0>""],""printf_token"":[],""var_tag"":[]}",
HGHU-TW-003802,角色與劇情,我知道一個很棒的地方！,"{""brace_token"":[],""escaped_control"":[],""literal_newline"":[],""markup_tag"":[],""printf_token"":[],""var_tag"":[]}",
HGHU-TW-003803,角色與劇情,你……知道？真的嗎？,"{""brace_token"":[],""escaped_control"":[],""literal_newline"":[],""markup_tag"":[],""printf_token"":[],""var_tag"":[]}",
HGHU-TW-003804,角色與劇情,既然如此，給你！,"{""brace_token"":[],""escaped_control"":[],""literal_newline"":[],""markup_tag"":[],""printf_token"":[],""var_tag"":[]}",
HGHU-TW-003805,角色與劇情,爆炸聲是從<hgh_f c=0>主街</hgh_f>傳來的！,"{""brace_token"":[],""escaped_control"":[],""literal_newline"":[],""markup_tag"":[""</hgh_f>"",""<hgh_f c=0>""],""printf_token"":[],""var_tag"":[]}",
HGHU-TW-003806,角色與劇情,我想知道<hgh_f c=0>她</hgh_f>是不是在外面某個地方……,"{""brace_token"":[],""escaped_control"":[],""literal_newline"":[],""markup_tag"":[""</hgh_f>"",""<hgh_f c=0>""],""printf_token"":[],""var_tag"":[]}",
HGHU-TW-003807,角色與劇情,（嘆氣）怎麼了？,"{""brace_token"":[],""escaped_control"":[],""literal_newline"":[],""markup_tag"":[],""printf_token"":[],""var_tag"":[]}",
HGHU-TW-003808,角色與劇情,（嘆氣）,"{""brace_token"":[],""escaped_control"":[],""literal_newline"":[],""markup_tag"":[],""printf_token"":[],""var_tag"":[]}",
HGHU-TW-003809,角色與劇情,我得走了！,"{""brace_token"":[],""escaped_control"":[],""literal_newline"":[],""markup_tag"":[],""printf_token"":[],""var_tag"":[]}",
HGHU-TW-003810,角色與劇情,坡 *暫譯*，你應該聽聽音樂！,"{""brace_token"":[],""escaped_control"":[],""literal_newline"":[],""markup_tag"":[],""printf_token"":[],""var_tag"":[]}",
HGHU-TW-003811,角色與劇情,你有什麼音樂？,"{""brace_token"":[],""escaped_control"":[],""literal_newline"":[],""markup_tag"":[],""printf_token"":[],""var_tag"":[]}",
HGHU-TW-003812,角色與劇情,閉上眼睛聽就好了……,"{""brace_token"":[],""escaped_control"":[],""literal_newline"":[],""markup_tag"":[],""printf_token"":[],""var_tag"":[]}",
HGHU-TW-003813,角色與劇情,哇……,"{""brace_token"":[],""escaped_control"":[],""literal_newline"":[],""markup_tag"":[],""printf_token"":[],""var_tag"":[]}",
HGHU-TW-003814,角色與劇情,那個<hgh_f c=0>聲音</hgh_f>……,"{""brace_token"":[],""escaped_control"":[],""literal_newline"":[],""markup_tag"":[""</hgh_f>"",""<hgh_f c=0>""],""printf_token"":[],""var_tag"":[]}",
HGHU-TW-003815,角色與劇情,這就是我想到<hgh_f c=0>她</hgh_f>時，心裡發出的聲音。,"{""brace_token"":[],""escaped_control"":[],""literal_newline"":[],""markup_tag"":[""</hgh_f>"",""<hgh_f c=0>""],""printf_token"":[],""var_tag"":[]}",
HGHU-TW-003816,角色與劇情,她在外面。,"{""brace_token"":[],""escaped_control"":[],""literal_newline"":[],""markup_tag"":[],""printf_token"":[],""var_tag"":[]}",
HGHU-TW-003817,角色與劇情,總有一天，我會見到唱這首歌的女孩。,"{""brace_token"":[],""escaped_control"":[],""literal_newline"":[],""markup_tag"":[],""printf_token"":[],""var_tag"":[]}",
HGHU-TW-003818,角色與劇情,我在心裡感覺得到。,"{""brace_token"":[],""escaped_control"":[],""literal_newline"":[],""markup_tag"":[],""printf_token"":[],""var_tag"":[]}",
HGHU-TW-003819,角色與劇情,謝謝你。,"{""brace_token"":[],""escaped_control"":[],""literal_newline"":[],""markup_tag"":[],""printf_token"":[],""var_tag"":[]}",
HGHU-TW-003820,角色與劇情,嘿，等等。我有東西要給你。,"{""brace_token"":[],""escaped_control"":[],""literal_newline"":[],""markup_tag"":[],""printf_token"":[],""var_tag"":[]}",
HGHU-TW-003821,角色與劇情,他是有點愛扭動的小怪物，但他需要一個好歸宿。,"{""brace_token"":[],""escaped_control"":[],""literal_newline"":[],""markup_tag"":[],""printf_token"":[],""var_tag"":[]}",
HGHU-TW-003822,角色與劇情,噢，他真可愛！,"{""brace_token"":[],""escaped_control"":[],""literal_newline"":[],""markup_tag"":[],""printf_token"":[],""var_tag"":[]}",
HGHU-TW-003823,角色與劇情,他非常有活力，所以一定要給他準備一個又大又棒的倉鼠滾輪讓他跑，好嗎？,"{""brace_token"":[],""escaped_control"":[],""literal_newline"":[],""markup_tag"":[],""printf_token"":[],""var_tag"":[]}",
HGHU-TW-003824,角色與劇情,斯卡托鎮受到攻擊了！,"{""brace_token"":[],""escaped_control"":[],""literal_newline"":[],""markup_tag"":[],""printf_token"":[],""var_tag"":[]}",
HGHU-TW-003825,角色與劇情,當你找到<hgh_f c=0>殭屍倉鼠</hgh_f>和<hgh_f c=0>鐵板</hgh_f>時，就把他們帶來這裡！,"{""brace_token"":[],""escaped_control"":[],""literal_newline"":[],""markup_tag"":[""</hgh_f>"",""</hgh_f>"",""<hgh_f c=0>"",""<hgh_f c=0>""],""printf_token"":[],""var_tag"":[]}",
HGHU-TW-003826,角色與劇情,當你找到<hgh_f c=0>殭屍倉鼠</hgh_f>和<hgh_f c=0>鐵板</hgh_f>時，就把他們帶來這裡！,"{""brace_token"":[],""escaped_control"":[],""literal_newline"":[],""markup_tag"":[""</hgh_f>"",""</hgh_f>"",""<hgh_f c=0>"",""<hgh_f c=0>""],""printf_token"":[],""var_tag"":[]}",
HGHU-TW-003827,角色與劇情,妳需要代步工具！快點去<hgh_f c=0>史凱的孵化場</hgh_f>！,"{""brace_token"":[],""escaped_control"":[],""literal_newline"":[],""markup_tag"":[""</hgh_f>"",""<hgh_f c=0>""],""printf_token"":[],""var_tag"":[]}",
HGHU-TW-003828,角色與劇情,叔叔！我幫你找到<hgh_f c=0>鐵板</hgh_f>了！還有一隻<hgh_f c=0>倉鼠</hgh_f>！,"{""brace_token"":[],""escaped_control"":[],""literal_newline"":[],""markup_tag"":[""</hgh_f>"",""</hgh_f>"",""<hgh_f c=0>"",""<hgh_f c=0>""],""printf_token"":[],""var_tag"":[]}",
HGHU-TW-003829,角色與劇情,太完美了！來，讓我把那些拿過來。,"{""brace_token"":[],""escaped_control"":[],""literal_newline"":[],""markup_tag"":[],""printf_token"":[],""var_tag"":[]}",
HGHU-TW-003830,角色與劇情,等這小傢伙準備好了就告訴我。,"{""brace_token"":[],""escaped_control"":[],""literal_newline"":[],""markup_tag"":[],""printf_token"":[],""var_tag"":[]}",
HGHU-TW-003831,角色與劇情,他非常適合我的機器！,"{""brace_token"":[],""escaped_control"":[],""literal_newline"":[],""markup_tag"":[],""printf_token"":[],""var_tag"":[]}",
HGHU-TW-003832,角色與劇情,現在我們只要把這塊醜陋的<hgh_f c=0>鐵板</hgh_f>塞進我的倉鼠滾輪模具裡……,"{""brace_token"":[],""escaped_control"":[],""literal_newline"":[],""markup_tag"":[""</hgh_f>"",""<hgh_f c=0>""],""printf_token"":[],""var_tag"":[]}",
HGHU-TW-003833,角色與劇情,……小心地把我們毛茸茸的朋友放進去……,"{""brace_token"":[],""escaped_control"":[],""literal_newline"":[],""markup_tag"":[],""printf_token"":[],""var_tag"":[]}",
HGHU-TW-003834,角色與劇情,……然後把滾輪安裝好……,"{""brace_token"":[],""escaped_control"":[],""literal_newline"":[],""markup_tag"":[],""printf_token"":[],""var_tag"":[]}",
HGHU-TW-003835,角色與劇情,就像這樣！,"{""brace_token"":[],""escaped_control"":[],""literal_newline"":[],""markup_tag"":[],""printf_token"":[],""var_tag"":[]}",
HGHU-TW-003836,角色與劇情,大功告成！,"{""brace_token"":[],""escaped_control"":[],""literal_newline"":[],""markup_tag"":[],""printf_token"":[],""var_tag"":[]}",
HGHU-TW-003837,角色與劇情,<hgh_f c=0>發電機</hgh_f>完成了！,"{""brace_token"":[],""escaped_control"":[],""literal_newline"":[],""markup_tag"":[""</hgh_f>"",""<hgh_f c=0>""],""printf_token"":[],""var_tag"":[]}",
HGHU-TW-003838,角色與劇情,我錯過了什麼嗎？,"{""brace_token"":[],""escaped_control"":[],""literal_newline"":[],""markup_tag"":[],""printf_token"":[],""var_tag"":[]}",
HGHU-TW-003839,角色與劇情,沒有！你來得正是時候。,"{""brace_token"":[],""escaped_control"":[],""literal_newline"":[],""markup_tag"":[],""printf_token"":[],""var_tag"":[]}",
HGHU-TW-003840,角色與劇情,大家靠過來！,"{""brace_token"":[],""escaped_control"":[],""literal_newline"":[],""markup_tag"":[],""printf_token"":[],""var_tag"":[]}",
HGHU-TW-003841,角色與劇情,我們啟動它，看看會發生什麼事！,"{""brace_token"":[],""escaped_control"":[],""literal_newline"":[],""markup_tag"":[],""printf_token"":[],""var_tag"":[]}",
HGHU-TW-003842,角色與劇情,終於！,"{""brace_token"":[],""escaped_control"":[],""literal_newline"":[],""markup_tag"":[],""printf_token"":[],""var_tag"":[]}",
HGHU-TW-003843,角色與劇情,我們準備好了，叔叔！,"{""brace_token"":[],""escaped_control"":[],""literal_newline"":[],""markup_tag"":[],""printf_token"":[],""var_tag"":[]}",
HGHU-TW-003844,角色與劇情,我希望它會爆炸！,"{""brace_token"":[],""escaped_control"":[],""literal_newline"":[],""markup_tag"":[],""printf_token"":[],""var_tag"":[]}",
HGHU-TW-003845,角色與劇情,開始囉！,"{""brace_token"":[],""escaped_control"":[],""literal_newline"":[],""markup_tag"":[],""printf_token"":[],""var_tag"":[]}",
HGHU-TW-003846,角色與劇情,到目前為止一切順利！,"{""brace_token"":[],""escaped_control"":[],""literal_newline"":[],""markup_tag"":[],""printf_token"":[],""var_tag"":[]}",
HGHU-TW-003847,角色與劇情,咦？,"{""brace_token"":[],""escaped_control"":[],""literal_newline"":[],""markup_tag"":[],""printf_token"":[],""var_tag"":[]}",
HGHU-TW-003848,角色與劇情,這情況看起來不太妙。,"{""brace_token"":[],""escaped_control"":[],""literal_newline"":[],""markup_tag"":[],""printf_token"":[],""var_tag"":[]}",
HGHU-TW-003849,角色與劇情,叔叔，你也許最好把它關掉！,"{""brace_token"":[],""escaped_control"":[],""literal_newline"":[],""markup_tag"":[],""printf_token"":[],""var_tag"":[]}",
HGHU-TW-003850,角色與劇情,太危險了！小心！,"{""brace_token"":[],""escaped_control"":[],""literal_newline"":[],""markup_tag"":[],""printf_token"":[],""var_tag"":[]}",
HGHU-TW-003851,角色與劇情,咿呀呀呀呀！！！,"{""brace_token"":[],""escaped_control"":[],""literal_newline"":[],""markup_tag"":[],""printf_token"":[],""var_tag"":[]}",
HGHU-TW-003852,角色與劇情,她被困住了！,"{""brace_token"":[],""escaped_control"":[],""literal_newline"":[],""markup_tag"":[],""printf_token"":[],""var_tag"":[]}",
HGHU-TW-003853,角色與劇情,我們該怎麼辦？,"{""brace_token"":[],""escaped_control"":[],""literal_newline"":[],""markup_tag"":[],""printf_token"":[],""var_tag"":[]}",
HGHU-TW-003854,角色與劇情,我沒辦法關掉它！,"{""brace_token"":[],""escaped_control"":[],""literal_newline"":[],""markup_tag"":[],""printf_token"":[],""var_tag"":[]}",
HGHU-TW-003855,角色與劇情,呵呵！,"{""brace_token"":[],""escaped_control"":[],""literal_newline"":[],""markup_tag"":[],""printf_token"":[],""var_tag"":[]}",
HGHU-TW-003856,角色與劇情,呵呵呵！,"{""brace_token"":[],""escaped_control"":[],""literal_newline"":[],""markup_tag"":[],""printf_token"":[],""var_tag"":[]}",
HGHU-TW-003857,角色與劇情,呵呵——哈哈哈哈！！！,"{""brace_token"":[],""escaped_control"":[],""literal_newline"":[],""markup_tag"":[],""printf_token"":[],""var_tag"":[]}",
HGHU-TW-003858,角色與劇情,<hgh_f c=0>主街</hgh_f>在城鎮的另一邊！走過去太花時間了！,"{""brace_token"":[],""escaped_control"":[],""literal_newline"":[],""markup_tag"":[""</hgh_f>"",""<hgh_f c=0>""],""printf_token"":[],""var_tag"":[]}",
HGHU-TW-003859,角色與劇情,看看你們這些可憐、困惑的蠢蛋。,"{""brace_token"":[],""escaped_control"":[],""literal_newline"":[],""markup_tag"":[],""printf_token"":[],""var_tag"":[]}",
HGHU-TW-003860,角色與劇情,這是你搞的鬼，對吧？,"{""brace_token"":[],""escaped_control"":[],""literal_newline"":[],""markup_tag"":[],""printf_token"":[],""var_tag"":[]}",
HGHU-TW-003861,角色與劇情,如果你傷害了我的小女孩，我會——,"{""brace_token"":[],""escaped_control"":[],""literal_newline"":[],""markup_tag"":[],""printf_token"":[],""var_tag"":[]}",
HGHU-TW-003862,角色與劇情,你會怎樣？,"{""brace_token"":[],""escaped_control"":[],""literal_newline"":[],""markup_tag"":[],""printf_token"":[],""var_tag"":[]}",
HGHU-TW-003863,角色與劇情,再造一台機器來阻止我嗎？,"{""brace_token"":[],""escaped_control"":[],""literal_newline"":[],""markup_tag"":[],""printf_token"":[],""var_tag"":[]}",
HGHU-TW-003864,角色與劇情,你真是個老糊塗！,"{""brace_token"":[],""escaped_control"":[],""literal_newline"":[],""markup_tag"":[],""printf_token"":[],""var_tag"":[]}",
HGHU-TW-003865,角色與劇情,你以為我會<hgh_f c=0>心甘情願</hgh_f>把藍圖還給你嗎？！,"{""brace_token"":[],""escaped_control"":[],""literal_newline"":[],""markup_tag"":[""</hgh_f>"",""<hgh_f c=0>""],""printf_token"":[],""var_tag"":[]}",
HGHU-TW-003866,角色與劇情,你……,"{""brace_token"":[],""escaped_control"":[],""literal_newline"":[],""markup_tag"":[],""printf_token"":[],""var_tag"":[]}",
HGHU-TW-003867,角色與劇情,你調包了藍圖！,"{""brace_token"":[],""escaped_control"":[],""literal_newline"":[],""markup_tag"":[],""printf_token"":[],""var_tag"":[]}",
HGHU-TW-003868,角色與劇情,沒錯！,"{""brace_token"":[],""escaped_control"":[],""literal_newline"":[],""markup_tag"":[],""printf_token"":[],""var_tag"":[]}",
HGHU-TW-003869,角色與劇情,<hgh_f c=0>史凱的孵化場</hgh_f>就在附近……去問她能不能<hgh_f c=0>載</hgh_f>妳一程！,"{""brace_token"":[],""escaped_control"":[],""literal_newline"":[],""markup_tag"":[""</hgh_f>"",""</hgh_f>"",""<hgh_f c=0>"",""<hgh_f c=0>""],""printf_token"":[],""var_tag"":[]}",
HGHU-TW-003870,角色與劇情,你一直都是照著<hgh_f c=0>我</hgh_f>的規格在建造這台機器！,"{""brace_token"":[],""escaped_control"":[],""literal_newline"":[],""markup_tag"":[""</hgh_f>"",""<hgh_f c=0>""],""printf_token"":[],""var_tag"":[]}",
HGHU-TW-003871,角色與劇情,你的設計從一開始就有缺陷。,"{""brace_token"":[],""escaped_control"":[],""literal_newline"":[],""markup_tag"":[],""printf_token"":[],""var_tag"":[]}",
HGHU-TW-003872,角色與劇情,你的<hgh_f c=0>發電機</hgh_f>的確能產生大量的電力。,"{""brace_token"":[],""escaped_control"":[],""literal_newline"":[],""markup_tag"":[""</hgh_f>"",""<hgh_f c=0>""],""printf_token"":[],""var_tag"":[]}",
HGHU-TW-003873,角色與劇情,但作為副產品……,"{""brace_token"":[],""escaped_control"":[],""literal_newline"":[],""markup_tag"":[],""printf_token"":[],""var_tag"":[]}",
HGHU-TW-003874,角色與劇情,……它在每次運轉時，也會產生大量負能量的<hgh_f c=0>逆流</hgh_f>！,"{""brace_token"":[],""escaped_control"":[],""literal_newline"":[],""markup_tag"":[""</hgh_f>"",""<hgh_f c=0>""],""printf_token"":[],""var_tag"":[]}",
HGHU-TW-003875,角色與劇情,所以……,"{""brace_token"":[],""escaped_control"":[],""literal_newline"":[],""markup_tag"":[],""printf_token"":[],""var_tag"":[]}",
HGHU-TW-003876,角色與劇情,我只是修改了計畫，將那股負能量轉變成……,"{""brace_token"":[],""escaped_control"":[],""literal_newline"":[],""markup_tag"":[],""printf_token"":[],""var_tag"":[]}",
HGHU-TW-003877,角色與劇情,<hgh_f c=0>黑暗魔法</hgh_f>。,"{""brace_token"":[],""escaped_control"":[],""literal_newline"":[],""markup_tag"":[""</hgh_f>"",""<hgh_f c=0>""],""printf_token"":[],""var_tag"":[]}",
HGHU-TW-003878,角色與劇情,為什麼？！,"{""brace_token"":[],""escaped_control"":[],""literal_newline"":[],""markup_tag"":[],""printf_token"":[],""var_tag"":[]}",
HGHU-TW-003879,角色與劇情,當然是為了做實驗！,"{""brace_token"":[],""escaped_control"":[],""literal_newline"":[],""markup_tag"":[],""printf_token"":[],""var_tag"":[]}",
HGHU-TW-003880,角色與劇情,如你所見，我已經成功將那小鬼的魔法<hgh_f c=0>反轉</hgh_f>了！,"{""brace_token"":[],""escaped_control"":[],""literal_newline"":[],""markup_tag"":[""</hgh_f>"",""<hgh_f c=0>""],""printf_token"":[],""var_tag"":[]}",
HGHU-TW-003881,角色與劇情,我把她從<hgh_f c=0>善良</hgh_f>變成了<hgh_f c=0>邪惡</hgh_f>。,"{""brace_token"":[],""escaped_control"":[],""literal_newline"":[],""markup_tag"":[""</hgh_f>"",""</hgh_f>"",""<hgh_f c=0>"",""<hgh_f c=0>""],""printf_token"":[],""var_tag"":[]}",
HGHU-TW-003882,角色與劇情,你這個怪物！,"{""brace_token"":[],""escaped_control"":[],""literal_newline"":[],""markup_tag"":[],""printf_token"":[],""var_tag"":[]}",
HGHU-TW-003883,角色與劇情,放開她！,"{""brace_token"":[],""escaped_control"":[],""literal_newline"":[],""markup_tag"":[],""printf_token"":[],""var_tag"":[]}",
HGHU-TW-003884,角色與劇情,哈！我根本沒打算留著她。,"{""brace_token"":[],""escaped_control"":[],""literal_newline"":[],""markup_tag"":[],""printf_token"":[],""var_tag"":[]}",
HGHU-TW-003885,角色與劇情,那小鬼已經達到了她的目的。,"{""brace_token"":[],""escaped_control"":[],""literal_newline"":[],""markup_tag"":[],""printf_token"":[],""var_tag"":[]}",
HGHU-TW-003886,角色與劇情,接下來我要<hgh_f c=0>改造發電機</hgh_f>，讓它產生<hgh_f c=0>大規模</hgh_f>的黑暗魔法！,"{""brace_token"":[],""escaped_control"":[],""literal_newline"":[],""markup_tag"":[""</hgh_f>"",""</hgh_f>"",""<hgh_f c=0>"",""<hgh_f c=0>""],""printf_token"":[],""var_tag"":[]}",
HGHU-TW-003887,角色與劇情,你看……,"{""brace_token"":[],""escaped_control"":[],""literal_newline"":[],""markup_tag"":[],""printf_token"":[],""var_tag"":[]}",
HGHU-TW-003888,角色與劇情,我猜，能夠<hgh_f c=0>腐化</hgh_f>一個半精靈的力量還算不錯。,"{""brace_token"":[],""escaped_control"":[],""literal_newline"":[],""markup_tag"":[""</hgh_f>"",""<hgh_f c=0>""],""printf_token"":[],""var_tag"":[]}",
HGHU-TW-003889,角色與劇情,但何必就此打住呢？,"{""brace_token"":[],""escaped_control"":[],""literal_newline"":[],""markup_tag"":[],""printf_token"":[],""var_tag"":[]}",
HGHU-TW-003890,角色與劇情,當我可以用這台機器反轉<hgh_f c=0>魔法的極性</hgh_f>時……,"{""brace_token"":[],""escaped_control"":[],""literal_newline"":[],""markup_tag"":[""</hgh_f>"",""<hgh_f c=0>""],""printf_token"":[],""var_tag"":[]}",
HGHU-TW-003891,角色與劇情,<hgh_f c=0>整個精靈界</hgh_f>的極性！！！,"{""brace_token"":[],""escaped_control"":[],""literal_newline"":[],""markup_tag"":[""</hgh_f>"",""<hgh_f c=0>""],""printf_token"":[],""var_tag"":[]}",
HGHU-TW-003892,角色與劇情,不可能！！,"{""brace_token"":[],""escaped_control"":[],""literal_newline"":[],""markup_tag"":[],""printf_token"":[],""var_tag"":[]}",
HGHU-TW-003893,角色與劇情,現在不可能的事也變成可能了，這都要多虧了<hgh_f c=0>你們</hgh_f>！,"{""brace_token"":[],""escaped_control"":[],""literal_newline"":[],""markup_tag"":[""</hgh_f>"",""<hgh_f c=0>""],""printf_token"":[],""var_tag"":[]}",
HGHU-TW-003894,角色與劇情,我本想向這個半精靈小鬼說再見的……,"{""brace_token"":[],""escaped_control"":[],""literal_newline"":[],""markup_tag"":[],""printf_token"":[],""var_tag"":[]}",
HGHU-TW-003895,角色與劇情,但隨著所有這些<hgh_f c=0>邪惡魔法</hgh_f>在她體內流竄……,"{""brace_token"":[],""escaped_control"":[],""literal_newline"":[],""markup_tag"":[""</hgh_f>"",""<hgh_f c=0>""],""printf_token"":[],""var_tag"":[]}",
HGHU-TW-003896,角色與劇情,嗯……就這麼說吧，她現在是<hgh_f c=0>你們的問題</hgh_f>了。,"{""brace_token"":[],""escaped_control"":[],""literal_newline"":[],""markup_tag"":[""</hgh_f>"",""<hgh_f c=0>""],""printf_token"":[],""var_tag"":[]}",
HGHU-TW-003897,角色與劇情,再會啦！！！,"{""brace_token"":[],""escaped_control"":[],""literal_newline"":[],""markup_tag"":[],""printf_token"":[],""var_tag"":[]}",
HGHU-TW-003898,角色與劇情,那個沒人性的<hgh_f c=0>惡魔</hgh_f>！,"{""brace_token"":[],""escaped_control"":[],""literal_newline"":[],""markup_tag"":[""</hgh_f>"",""<hgh_f c=0>""],""printf_token"":[],""var_tag"":[]}",
HGHU-TW-003899,角色與劇情,別管她了。桑塔 怎麼辦？,"{""brace_token"":[],""escaped_control"":[],""literal_newline"":[],""markup_tag"":[],""printf_token"":[],""var_tag"":[]}",
HGHU-TW-003900,角色與劇情,她現在真的變邪惡了嗎？,"{""brace_token"":[],""escaped_control"":[],""literal_newline"":[],""markup_tag"":[],""printf_token"":[],""var_tag"":[]}",
HGHU-TW-003901,角色與劇情,桑塔……你聽得到我的聲音嗎？,"{""brace_token"":[],""escaped_control"":[],""literal_newline"":[],""markup_tag"":[],""printf_token"":[],""var_tag"":[]}",
HGHU-TW-003902,角色與劇情,啊！這涼爽的海風感覺真棒！,"{""brace_token"":[],""escaped_control"":[],""literal_newline"":[],""markup_tag"":[],""printf_token"":[],""var_tag"":[]}",
HGHU-TW-003903,角色與劇情,哈、哈、哈……哈哈哈哈……,"{""brace_token"":[],""escaped_control"":[],""literal_newline"":[],""markup_tag"":[],""printf_token"":[],""var_tag"":[]}",
HGHU-TW-003904,角色與劇情,如此……,"{""brace_token"":[],""escaped_control"":[],""literal_newline"":[],""markup_tag"":[],""printf_token"":[],""var_tag"":[]}",
HGHU-TW-003905,角色與劇情,不可思議的……,"{""brace_token"":[],""escaped_control"":[],""literal_newline"":[],""markup_tag"":[],""printf_token"":[],""var_tag"":[]}",
HGHU-TW-003906,角色與劇情,力量！！！,"{""brace_token"":[],""escaped_control"":[],""literal_newline"":[],""markup_tag"":[],""printf_token"":[],""var_tag"":[]}",
HGHU-TW-003907,角色與劇情,我們該怎麼辦？,"{""brace_token"":[],""escaped_control"":[],""literal_newline"":[],""markup_tag"":[],""printf_token"":[],""var_tag"":[]}",
HGHU-TW-003908,角色與劇情,我們<hgh_f c=0>能</hgh_f>怎麼辦？,"{""brace_token"":[],""escaped_control"":[],""literal_newline"":[],""markup_tag"":[""</hgh_f>"",""<hgh_f c=0>""],""printf_token"":[],""var_tag"":[]}",
HGHU-TW-003909,角色與劇情,我知道……,"{""brace_token"":[],""escaped_control"":[],""literal_newline"":[],""markup_tag"":[],""printf_token"":[],""var_tag"":[]}",
HGHU-TW-003910,角色與劇情,……你們……能做什麼……,"{""brace_token"":[],""escaped_control"":[],""literal_newline"":[],""markup_tag"":[],""printf_token"":[],""var_tag"":[]}",
HGHU-TW-003911,角色與劇情,?,"{""brace_token"":[],""escaped_control"":[],""literal_newline"":[],""markup_tag"":[],""printf_token"":[],""var_tag"":[]}",
HGHU-TW-003912,角色與劇情,但我想我們又要迎來炎熱的一天了！,"{""brace_token"":[],""escaped_control"":[],""literal_newline"":[],""markup_tag"":[],""printf_token"":[],""var_tag"":[]}",
HGHU-TW-003913,角色與劇情,?,"{""brace_token"":[],""escaped_control"":[],""literal_newline"":[],""markup_tag"":[],""printf_token"":[],""var_tag"":[]}",
HGHU-TW-003914,角色與劇情,?,"{""brace_token"":[],""escaped_control"":[],""literal_newline"":[],""markup_tag"":[],""printf_token"":[],""var_tag"":[]}",
HGHU-TW-003915,角色與劇情,?,"{""brace_token"":[],""escaped_control"":[],""literal_newline"":[],""markup_tag"":[],""printf_token"":[],""var_tag"":[]}",
HGHU-TW-003916,角色與劇情,<hgh_f c=0>你們可以受苦受難</hgh_f>！,"{""brace_token"":[],""escaped_control"":[],""literal_newline"":[],""markup_tag"":[""</hgh_f>"",""<hgh_f c=0>""],""printf_token"":[],""var_tag"":[]}",
HGHU-TW-003917,角色與劇情,<hgh_f c=0>你們可以像可悲的蛆蟲一樣蠕動</hgh_f>！！,"{""brace_token"":[],""escaped_control"":[],""literal_newline"":[],""markup_tag"":[""</hgh_f>"",""<hgh_f c=0>""],""printf_token"":[],""var_tag"":[]}",
HGHU-TW-003918,角色與劇情,<hgh_f c=0>在遺忘中永遠沉淪於折磨和痛苦之中吧</hgh_f>！！！,"{""brace_token"":[],""escaped_control"":[],""literal_newline"":[],""markup_tag"":[""</hgh_f>"",""<hgh_f c=0>""],""printf_token"":[],""var_tag"":[]}",
HGHU-TW-003919,角色與劇情,現在<hgh_f c=0>求我</hgh_f>吧！！,"{""brace_token"":[],""escaped_control"":[],""literal_newline"":[],""markup_tag"":[""</hgh_f>"",""<hgh_f c=0>""],""printf_token"":[],""var_tag"":[]}",
HGHU-TW-003920,角色與劇情,<hgh_f c=0>為了你們的狗命乞求吧</hgh_f>！！,"{""brace_token"":[],""escaped_control"":[],""literal_newline"":[],""markup_tag"":[""</hgh_f>"",""<hgh_f c=0>""],""printf_token"":[],""var_tag"":[]}",
HGHU-TW-003921,角色與劇情,早安，史凱！,"{""brace_token"":[],""escaped_control"":[],""literal_newline"":[],""markup_tag"":[],""printf_token"":[],""var_tag"":[]}",
HGHU-TW-003922,角色與劇情,<hgh_f c=0>小心</hgh_f>！！！,"{""brace_token"":[],""escaped_control"":[],""literal_newline"":[],""markup_tag"":[""</hgh_f>"",""<hgh_f c=0>""],""printf_token"":[],""var_tag"":[]}",
HGHU-TW-003923,角色與劇情,哈哈哈……,"{""brace_token"":[],""escaped_control"":[],""literal_newline"":[],""markup_tag"":[],""printf_token"":[],""var_tag"":[]}",
HGHU-TW-003924,角色與劇情,我能感覺到……,"{""brace_token"":[],""escaped_control"":[],""literal_newline"":[],""markup_tag"":[],""printf_token"":[],""var_tag"":[]}",
HGHU-TW-003925,角色與劇情,<hgh_f c=0>黑暗在蔓延</hgh_f>……,"{""brace_token"":[],""escaped_control"":[],""literal_newline"":[],""markup_tag"":[""</hgh_f>"",""<hgh_f c=0>""],""printf_token"":[],""var_tag"":[]}",
HGHU-TW-003926,角色與劇情,我的<hgh_f c=0>力量在增強</hgh_f>……,"{""brace_token"":[],""escaped_control"":[],""literal_newline"":[],""markup_tag"":[""</hgh_f>"",""<hgh_f c=0>""],""printf_token"":[],""var_tag"":[]}",
HGHU-TW-003927,角色與劇情,至於你。,"{""brace_token"":[],""escaped_control"":[],""literal_newline"":[],""markup_tag"":[],""printf_token"":[],""var_tag"":[]}",
HGHU-TW-003928,角色與劇情,不要這樣！,"{""brace_token"":[],""escaped_control"":[],""literal_newline"":[],""markup_tag"":[],""printf_token"":[],""var_tag"":[]}",
HGHU-TW-003929,角色與劇情,妳有看到<hgh_f c=0>博羅</hgh_f>嗎？,"{""brace_token"":[],""escaped_control"":[],""literal_newline"":[],""markup_tag"":[""</hgh_f>"",""<hgh_f c=0>""],""printf_token"":[],""var_tag"":[]}",
HGHU-TW-003930,角色與劇情,你太弱了。,"{""brace_token"":[],""escaped_control"":[],""literal_newline"":[],""markup_tag"":[],""printf_token"":[],""var_tag"":[]}",
HGHU-TW-003931,角色與劇情,<hgh_f c=0>失敗</hgh_f>的感覺如何？,"{""brace_token"":[],""escaped_control"":[],""literal_newline"":[],""markup_tag"":[""</hgh_f>"",""<hgh_f c=0>""],""printf_token"":[],""var_tag"":[]}",
HGHU-TW-003932,角色與劇情,如此悲慘地辜負了你的<hgh_f c=0>朋友</hgh_f>和<hgh_f c=0>家人</hgh_f>？,"{""brace_token"":[],""escaped_control"":[],""literal_newline"":[],""markup_tag"":[""</hgh_f>"",""</hgh_f>"",""<hgh_f c=0>"",""<hgh_f c=0>""],""printf_token"":[],""var_tag"":[]}",
HGHU-TW-003933,角色與劇情,拜託，大家還在指望你呢！,"{""brace_token"":[],""escaped_control"":[],""literal_newline"":[],""markup_tag"":[],""printf_token"":[],""var_tag"":[]}",
HGHU-TW-003934,角色與劇情,不。這就是結局。,"{""brace_token"":[],""escaped_control"":[],""literal_newline"":[],""markup_tag"":[],""printf_token"":[],""var_tag"":[]}",
HGHU-TW-003935,角色與劇情,在這裡，在<hgh_f c=0>黑暗</hgh_f>中……,"{""brace_token"":[],""escaped_control"":[],""literal_newline"":[],""markup_tag"":[""</hgh_f>"",""<hgh_f c=0>""],""printf_token"":[],""var_tag"":[]}",
HGHU-TW-003936,角色與劇情,在一個<hgh_f c=0>沒有人</hgh_f>能救你的地方。,"{""brace_token"":[],""escaped_control"":[],""literal_newline"":[],""markup_tag"":[""</hgh_f>"",""<hgh_f c=0>""],""printf_token"":[],""var_tag"":[]}",
HGHU-TW-003937,角色與劇情,不——不要！！,"{""brace_token"":[],""escaped_control"":[],""literal_newline"":[],""markup_tag"":[],""printf_token"":[],""var_tag"":[]}",
HGHU-TW-003938,角色與劇情,去<hgh_f c=0>澡堂</hgh_f>找找看。,"{""brace_token"":[],""escaped_control"":[],""literal_newline"":[],""markup_tag"":[""</hgh_f>"",""<hgh_f c=0>""],""printf_token"":[],""var_tag"":[]}",
HGHU-TW-003939,角色與劇情,你根本沒有勝算。,"{""brace_token"":[],""escaped_control"":[],""literal_newline"":[],""markup_tag"":[],""printf_token"":[],""var_tag"":[]}",
HGHU-TW-003940,角色與劇情,再見了。,"{""brace_token"":[],""escaped_control"":[],""literal_newline"":[],""markup_tag"":[],""printf_token"":[],""var_tag"":[]}",
HGHU-TW-003941,角色與劇情,<hgh_f c=0>住手</hgh_f>！！,"{""brace_token"":[],""escaped_control"":[],""literal_newline"":[],""markup_tag"":[""</hgh_f>"",""<hgh_f c=0>""],""printf_token"":[],""var_tag"":[]}",
HGHU-TW-003942,角色與劇情,<hgh_f c=0>你</hgh_f>是怎麼來到這裡的？,"{""brace_token"":[],""escaped_control"":[],""literal_newline"":[],""markup_tag"":[""</hgh_f>"",""<hgh_f c=0>""],""printf_token"":[],""var_tag"":[]}",
HGHU-TW-003943,角色與劇情,真可悲。,"{""brace_token"":[],""escaped_control"":[],""literal_newline"":[],""markup_tag"":[],""printf_token"":[],""var_tag"":[]}",
HGHU-TW-003944,角色與劇情,桑塔，聽我說。,"{""brace_token"":[],""escaped_control"":[],""literal_newline"":[],""markup_tag"":[],""printf_token"":[],""var_tag"":[]}",
HGHU-TW-003945,角色與劇情,是我，史凱。,"{""brace_token"":[],""escaped_control"":[],""literal_newline"":[],""markup_tag"":[],""printf_token"":[],""var_tag"":[]}",
HGHU-TW-003946,角色與劇情,我最後一次看到他時，他是往那個方向走。,"{""brace_token"":[],""escaped_control"":[],""literal_newline"":[],""markup_tag"":[],""printf_token"":[],""var_tag"":[]}",
HGHU-TW-003947,角色與劇情,從我有記憶以來，我們就是最好的朋友。,"{""brace_token"":[],""escaped_control"":[],""literal_newline"":[],""markup_tag"":[],""printf_token"":[],""var_tag"":[]}",
HGHU-TW-003948,角色與劇情,我知道你現在很困惑，而且被<hgh_f c=0>黑暗魔法</hgh_f>給包圍了。,"{""brace_token"":[],""escaped_control"":[],""literal_newline"":[],""markup_tag"":[""</hgh_f>"",""<hgh_f c=0>""],""printf_token"":[],""var_tag"":[]}",
HGHU-TW-003949,角色與劇情,但你必須<hgh_f c=0>對抗它</hgh_f>！,"{""brace_token"":[],""escaped_control"":[],""literal_newline"":[],""markup_tag"":[""</hgh_f>"",""<hgh_f c=0>""],""printf_token"":[],""var_tag"":[]}",
HGHU-TW-003950,角色與劇情,記住你<hgh_f c=0>到底是誰</hgh_f>！,"{""brace_token"":[],""escaped_control"":[],""literal_newline"":[],""markup_tag"":[""</hgh_f>"",""<hgh_f c=0>""],""printf_token"":[],""var_tag"":[]}",
HGHU-TW-003951,角色與劇情,找回你的<hgh_f c=0>忠誠</hgh_f>與<hgh_f c=0>誠實</hgh_f>！,"{""brace_token"":[],""escaped_control"":[],""literal_newline"":[],""markup_tag"":[""</hgh_f>"",""</hgh_f>"",""<hgh_f c=0>"",""<hgh_f c=0>""],""printf_token"":[],""var_tag"":[]}",
HGHU-TW-003952,角色與劇情,掙脫<hgh_f c=0>黑暗</hgh_f>，跟隨你的<hgh_f c=0>心</hgh_f>吧！,"{""brace_token"":[],""escaped_control"":[],""literal_newline"":[],""markup_tag"":[""</hgh_f>"",""</hgh_f>"",""<hgh_f c=0>"",""<hgh_f c=0>""],""printf_token"":[],""var_tag"":[]}",
HGHU-TW-003953,角色與劇情,桑塔……,"{""brace_token"":[],""escaped_control"":[],""literal_newline"":[],""markup_tag"":[],""printf_token"":[],""var_tag"":[]}",
HGHU-TW-003954,角色與劇情,我知道我有時是個很糟糕的朋友，也常常把事情搞砸。,"{""brace_token"":[],""escaped_control"":[],""literal_newline"":[],""markup_tag"":[],""printf_token"":[],""var_tag"":[]}",
HGHU-TW-003955,角色與劇情,但是……我希望你知道，我一直都相信著你！,"{""brace_token"":[],""escaped_control"":[],""literal_newline"":[],""markup_tag"":[],""printf_token"":[],""var_tag"":[]}",
HGHU-TW-003956,角色與劇情,你是每個人的<hgh_f c=0>朋友</hgh_f>……,"{""brace_token"":[],""escaped_control"":[],""literal_newline"":[],""markup_tag"":[""</hgh_f>"",""<hgh_f c=0>""],""printf_token"":[],""var_tag"":[]}",
HGHU-TW-003957,角色與劇情,即使對像我這樣，每個人都害怕的人來說……,"{""brace_token"":[],""escaped_control"":[],""literal_newline"":[],""markup_tag"":[],""printf_token"":[],""var_tag"":[]}",
HGHU-TW-003958,角色與劇情,記住你<hgh_f c=0>到底是誰</hgh_f>！,"{""brace_token"":[],""escaped_control"":[],""literal_newline"":[],""markup_tag"":[""</hgh_f>"",""<hgh_f c=0>""],""printf_token"":[],""var_tag"":[]}",
HGHU-TW-003959,角色與劇情,找回你的<hgh_f c=0>善良</hgh_f>與<hgh_f c=0>同情心</hgh_f>！,"{""brace_token"":[],""escaped_control"":[],""literal_newline"":[],""markup_tag"":[""</hgh_f>"",""</hgh_f>"",""<hgh_f c=0>"",""<hgh_f c=0>""],""printf_token"":[],""var_tag"":[]}",
HGHU-TW-003960,角色與劇情,掙脫<hgh_f c=0>黑暗</hgh_f>，跟隨你的<hgh_f c=0>心</hgh_f>吧！,"{""brace_token"":[],""escaped_control"":[],""literal_newline"":[],""markup_tag"":[""</hgh_f>"",""</hgh_f>"",""<hgh_f c=0>"",""<hgh_f c=0>""],""printf_token"":[],""var_tag"":[]}",
HGHU-TW-003961,角色與劇情,桑塔，你在那裡啊。,"{""brace_token"":[],""escaped_control"":[],""literal_newline"":[],""markup_tag"":[],""printf_token"":[],""var_tag"":[]}",
HGHU-TW-003962,角色與劇情,聽著，我知道你只是因為體內的<hgh_f c=0>黑暗魔法</hgh_f>才變得這麼奇怪。,"{""brace_token"":[],""escaped_control"":[],""literal_newline"":[],""markup_tag"":[""</hgh_f>"",""<hgh_f c=0>""],""printf_token"":[],""var_tag"":[]}",
HGHU-TW-003963,角色與劇情,但你叔叔真的很擔心你。,"{""brace_token"":[],""escaped_control"":[],""literal_newline"":[],""markup_tag"":[],""printf_token"":[],""var_tag"":[]}",
HGHU-TW-003964,角色與劇情,我們都很擔心。,"{""brace_token"":[],""escaped_control"":[],""literal_newline"":[],""markup_tag"":[],""printf_token"":[],""var_tag"":[]}",
HGHU-TW-003965,角色與劇情,我知道你永遠不會放棄我們，所以<hgh_f c=0>我們也不會放棄你</hgh_f>！,"{""brace_token"":[],""escaped_control"":[],""literal_newline"":[],""markup_tag"":[""</hgh_f>"",""<hgh_f c=0>""],""printf_token"":[],""var_tag"":[]}",
HGHU-TW-003966,角色與劇情,記住你<hgh_f c=0>到底是誰</hgh_f>！,"{""brace_token"":[],""escaped_control"":[],""literal_newline"":[],""markup_tag"":[""</hgh_f>"",""<hgh_f c=0>""],""printf_token"":[],""var_tag"":[]}",
HGHU-TW-003967,角色與劇情,找回你的<hgh_f c=0>力量</hgh_f>與<hgh_f c=0>勇氣</hgh_f>！,"{""brace_token"":[],""escaped_control"":[],""literal_newline"":[],""markup_tag"":[""</hgh_f>"",""</hgh_f>"",""<hgh_f c=0>"",""<hgh_f c=0>""],""printf_token"":[],""var_tag"":[]}",
HGHU-TW-003968,角色與劇情,現在<hgh_f c=0>醒過來</hgh_f>吧！,"{""brace_token"":[],""escaped_control"":[],""literal_newline"":[],""markup_tag"":[""</hgh_f>"",""<hgh_f c=0>""],""printf_token"":[],""var_tag"":[]}",
HGHU-TW-003969,角色與劇情,<hgh_f c=0>醒過來</hgh_f>，然後<hgh_f c=0>戰鬥</hgh_f>！！,"{""brace_token"":[],""escaped_control"":[],""literal_newline"":[],""markup_tag"":[""</hgh_f>"",""</hgh_f>"",""<hgh_f c=0>"",""<hgh_f c=0>""],""printf_token"":[],""var_tag"":[]}",
HGHU-TW-003970,角色與劇情,怎麼……,"{""brace_token"":[],""escaped_control"":[],""literal_newline"":[],""markup_tag"":[],""printf_token"":[],""var_tag"":[]}",
HGHU-TW-003971,角色與劇情,發生什麼事了？,"{""brace_token"":[],""escaped_control"":[],""literal_newline"":[],""markup_tag"":[],""printf_token"":[],""var_tag"":[]}",
HGHU-TW-003972,角色與劇情,我在哪裡？,"{""brace_token"":[],""escaped_control"":[],""literal_newline"":[],""markup_tag"":[],""printf_token"":[],""var_tag"":[]}",
HGHU-TW-003973,角色與劇情,我們試著喚醒你已經好幾個小時了！,"{""brace_token"":[],""escaped_control"":[],""literal_newline"":[],""markup_tag"":[],""printf_token"":[],""var_tag"":[]}",
HGHU-TW-003974,角色與劇情,你還好嗎？,"{""brace_token"":[],""escaped_control"":[],""literal_newline"":[],""markup_tag"":[],""printf_token"":[],""var_tag"":[]}",
HGHU-TW-003975,角色與劇情,我真怕你會……,"{""brace_token"":[],""escaped_control"":[],""literal_newline"":[],""markup_tag"":[],""printf_token"":[],""var_tag"":[]}",
HGHU-TW-003976,角色與劇情,噓……給她一點時間。,"{""brace_token"":[],""escaped_control"":[],""literal_newline"":[],""markup_tag"":[],""printf_token"":[],""var_tag"":[]}",
HGHU-TW-003977,角色與劇情,歡迎來到<hgh_f c=0>道具店</hgh_f>！,"{""brace_token"":[],""escaped_control"":[],""literal_newline"":[],""markup_tag"":[""</hgh_f>"",""<hgh_f c=0>""],""printf_token"":[],""var_tag"":[]}",
HGHU-TW-003978,角色與劇情,你感覺怎麼樣？,"{""brace_token"":[],""escaped_control"":[],""literal_newline"":[],""markup_tag"":[],""printf_token"":[],""var_tag"":[]}",
HGHU-TW-003979,角色與劇情,我想……我沒事……,"{""brace_token"":[],""escaped_control"":[],""literal_newline"":[],""markup_tag"":[],""printf_token"":[],""var_tag"":[]}",
HGHU-TW-003980,角色與劇情,你被<hgh_f c=0>黑暗魔法</hgh_f>給控制了。,"{""brace_token"":[],""escaped_control"":[],""literal_newline"":[],""markup_tag"":[""</hgh_f>"",""<hgh_f c=0>""],""printf_token"":[],""var_tag"":[]}",
HGHU-TW-003981,角色與劇情,恐怕這是我的錯。,"{""brace_token"":[],""escaped_control"":[],""literal_newline"":[],""markup_tag"":[],""printf_token"":[],""var_tag"":[]}",
HGHU-TW-003982,角色與劇情,不，叔叔……,"{""brace_token"":[],""escaped_control"":[],""literal_newline"":[],""markup_tag"":[],""printf_token"":[],""var_tag"":[]}",
HGHU-TW-003983,角色與劇情,是我的錯。,"{""brace_token"":[],""escaped_control"":[],""literal_newline"":[],""markup_tag"":[],""printf_token"":[],""var_tag"":[]}",
HGHU-TW-003984,角色與劇情,我<hgh_f c=0>知道</hgh_f><hgh_f c=0>精靈界</hgh_f>正處於危險之中。,"{""brace_token"":[],""escaped_control"":[],""literal_newline"":[],""markup_tag"":[""</hgh_f>"",""</hgh_f>"",""<hgh_f c=0>"",""<hgh_f c=0>""],""printf_token"":[],""var_tag"":[]}",
HGHU-TW-003985,角色與劇情,我想要成為<hgh_f c=0>英雄</hgh_f>，拯救一切。,"{""brace_token"":[],""escaped_control"":[],""literal_newline"":[],""markup_tag"":[""</hgh_f>"",""<hgh_f c=0>""],""printf_token"":[],""var_tag"":[]}",
HGHU-TW-003986,角色與劇情,但是……,"{""brace_token"":[],""escaped_control"":[],""literal_newline"":[],""markup_tag"":[],""printf_token"":[],""var_tag"":[]}",
HGHU-TW-003987,角色與劇情,……我想要靠自己的力量做到。,"{""brace_token"":[],""escaped_control"":[],""literal_newline"":[],""markup_tag"":[],""printf_token"":[],""var_tag"":[]}",
HGHU-TW-003988,角色與劇情,我們再過幾分鐘就開始營業了！,"{""brace_token"":[],""escaped_control"":[],""literal_newline"":[],""markup_tag"":[],""printf_token"":[],""var_tag"":[]}",
HGHU-TW-003989,角色與劇情,我想在我的內心深處，還是覺得自己必須彌補我那<hgh_f c=0>人類的一半血統</hgh_f>。,"{""brace_token"":[],""escaped_control"":[],""literal_newline"":[],""markup_tag"":[""</hgh_f>"",""<hgh_f c=0>""],""printf_token"":[],""var_tag"":[]}",
HGHU-TW-003990,角色與劇情,但如果沒有我人類朋友們的力量，我現在早就<hgh_f c=0>迷失</hgh_f>了。,"{""brace_token"":[],""escaped_control"":[],""literal_newline"":[],""markup_tag"":[""</hgh_f>"",""<hgh_f c=0>""],""printf_token"":[],""var_tag"":[]}",
HGHU-TW-003991,角色與劇情,我讓你們大家都陷入了這麼大的危險之中……,"{""brace_token"":[],""escaped_control"":[],""literal_newline"":[],""markup_tag"":[],""printf_token"":[],""var_tag"":[]}",
HGHU-TW-003992,角色與劇情,對不起。,"{""brace_token"":[],""escaped_control"":[],""literal_newline"":[],""markup_tag"":[],""printf_token"":[],""var_tag"":[]}",
HGHU-TW-003993,角色與劇情,我們很高興你回來了。,"{""brace_token"":[],""escaped_control"":[],""literal_newline"":[],""markup_tag"":[],""printf_token"":[],""var_tag"":[]}",
HGHU-TW-003994,角色與劇情,恕我直言，我開始覺得你<hgh_f c=0>人類的那一半</hgh_f>才是你<hgh_f c=0>更強大</hgh_f>的部分！,"{""brace_token"":[],""escaped_control"":[],""literal_newline"":[],""markup_tag"":[""</hgh_f>"",""</hgh_f>"",""<hgh_f c=0>"",""<hgh_f c=0>""],""printf_token"":[],""var_tag"":[]}",
HGHU-TW-003995,角色與劇情,嘿——謝謝你，叔叔。,"{""brace_token"":[],""escaped_control"":[],""literal_newline"":[],""markup_tag"":[],""printf_token"":[],""var_tag"":[]}",
HGHU-TW-003996,角色與劇情,唉……,"{""brace_token"":[],""escaped_control"":[],""literal_newline"":[],""markup_tag"":[],""printf_token"":[],""var_tag"":[]}",
HGHU-TW-003997,角色與劇情,話說……,"{""brace_token"":[],""escaped_control"":[],""literal_newline"":[],""markup_tag"":[],""printf_token"":[],""var_tag"":[]}",
HGHU-TW-003998,角色與劇情,地上的這是什麼？,"{""brace_token"":[],""escaped_control"":[],""literal_newline"":[],""markup_tag"":[],""printf_token"":[],""var_tag"":[]}",
HGHU-TW-003999,角色與劇情,這一定是 里絲琦 偷走<hgh_f c=0>發電機</hgh_f>時掉下來的！,"{""brace_token"":[],""escaped_control"":[],""literal_newline"":[],""markup_tag"":[""</hgh_f>"",""<hgh_f c=0>""],""printf_token"":[],""var_tag"":[]}",
HGHU-TW-004000,角色與劇情,這就是她計畫攻擊<hgh_f c=0>精靈界</hgh_f>的地方！,"{""brace_token"":[],""escaped_control"":[],""literal_newline"":[],""markup_tag"":[""</hgh_f>"",""<hgh_f c=0>""],""printf_token"":[],""var_tag"":[]}",
HGHU-TW-004001,角色與劇情,沒時間浪費了。,"{""brace_token"":[],""escaped_control"":[],""literal_newline"":[],""markup_tag"":[],""printf_token"":[],""var_tag"":[]}",
HGHU-TW-004002,角色與劇情,我們得去抓個<hgh_f c=0>海盜女王</hgh_f>！,"{""brace_token"":[],""escaped_control"":[],""literal_newline"":[],""markup_tag"":[""</hgh_f>"",""<hgh_f c=0>""],""printf_token"":[],""var_tag"":[]}",
HGHU-TW-004003,角色與劇情,哇！慢點！,"{""brace_token"":[],""escaped_control"":[],""literal_newline"":[],""markup_tag"":[],""printf_token"":[],""var_tag"":[]}",
HGHU-TW-004004,角色與劇情,是啊，我們對她的計畫<hgh_f c=0>一無所知</hgh_f>！,"{""brace_token"":[],""escaped_control"":[],""literal_newline"":[],""markup_tag"":[""</hgh_f>"",""<hgh_f c=0>""],""printf_token"":[],""var_tag"":[]}",
HGHU-TW-004005,角色與劇情,你可能會直接走進另一個陷阱裡！,"{""brace_token"":[],""escaped_control"":[],""literal_newline"":[],""markup_tag"":[],""printf_token"":[],""var_tag"":[]}",
HGHU-TW-004006,角色與劇情,他們說得對。這種情況需要<hgh_f c=0>耐心</hgh_f>。,"{""brace_token"":[],""escaped_control"":[],""literal_newline"":[],""markup_tag"":[""</hgh_f>"",""<hgh_f c=0>""],""printf_token"":[],""var_tag"":[]}",
HGHU-TW-004007,角色與劇情,嗯。,"{""brace_token"":[],""escaped_control"":[],""literal_newline"":[],""markup_tag"":[],""printf_token"":[],""var_tag"":[]}",
HGHU-TW-004008,角色與劇情,她說過她要改造那台機器。,"{""brace_token"":[],""escaped_control"":[],""literal_newline"":[],""markup_tag"":[],""printf_token"":[],""var_tag"":[]}",
HGHU-TW-004009,角色與劇情,我們也知道她只曉得有<hgh_f c=0>四個</hgh_f>零件。,"{""brace_token"":[],""escaped_control"":[],""literal_newline"":[],""markup_tag"":[""</hgh_f>"",""<hgh_f c=0>""],""printf_token"":[],""var_tag"":[]}",
HGHU-TW-004010,角色與劇情,如果我們能找到關於她計畫如何改造那些零件的<hgh_f c=0>線索</hgh_f>……,"{""brace_token"":[],""escaped_control"":[],""literal_newline"":[],""markup_tag"":[""</hgh_f>"",""<hgh_f c=0>""],""printf_token"":[],""var_tag"":[]}",
HGHU-TW-004011,角色與劇情,……我就能製造一個<hgh_f c=0>裝置</hgh_f>來<hgh_f c=0>反制</hgh_f>她的計畫。,"{""brace_token"":[],""escaped_control"":[],""literal_newline"":[],""markup_tag"":[""</hgh_f>"",""</hgh_f>"",""<hgh_f c=0>"",""<hgh_f c=0>""],""printf_token"":[],""var_tag"":[]}",
HGHU-TW-004012,角色與劇情,可是叔叔，我們每拖延一秒，里絲琦 就離<hgh_f c=0>腐化</hgh_f><hgh_f c=0>精靈界</hgh_f>更近一步！,"{""brace_token"":[],""escaped_control"":[],""literal_newline"":[],""markup_tag"":[""</hgh_f>"",""</hgh_f>"",""<hgh_f c=0>"",""<hgh_f c=0>""],""printf_token"":[],""var_tag"":[]}",
HGHU-TW-004013,角色與劇情,如果我<hgh_f c=0>媽媽</hgh_f>真的<hgh_f c=0>在</hgh_f>那裡面，這可能是我找到她的最後機會了！,"{""brace_token"":[],""escaped_control"":[],""literal_newline"":[],""markup_tag"":[""</hgh_f>"",""</hgh_f>"",""<hgh_f c=0>"",""<hgh_f c=0>""],""printf_token"":[],""var_tag"":[]}",
HGHU-TW-004014,角色與劇情,你說的當然沒錯。,"{""brace_token"":[],""escaped_control"":[],""literal_newline"":[],""markup_tag"":[],""printf_token"":[],""var_tag"":[]}",
HGHU-TW-004015,角色與劇情,嗯。,"{""brace_token"":[],""escaped_control"":[],""literal_newline"":[],""markup_tag"":[],""printf_token"":[],""var_tag"":[]}",
HGHU-TW-004016,角色與劇情,你現在可以去跟 里絲琦・布茲 <hgh_f c=0>正面對決</hgh_f>，或者繼續尋找<hgh_f c=0>線索</hgh_f>。,"{""brace_token"":[],""escaped_control"":[],""literal_newline"":[],""markup_tag"":[""</hgh_f>"",""</hgh_f>"",""<hgh_f c=0>"",""<hgh_f c=0>""],""printf_token"":[],""var_tag"":[]}",
HGHU-TW-004017,角色與劇情,選擇權在你手上。,"{""brace_token"":[],""escaped_control"":[],""literal_newline"":[],""markup_tag"":[],""printf_token"":[],""var_tag"":[]}",
HGHU-TW-004018,角色與劇情,如果你們任何人找到<hgh_f c=0>線索</hgh_f>，不管它看起來多麼微不足道……,"{""brace_token"":[],""escaped_control"":[],""literal_newline"":[],""markup_tag"":[""</hgh_f>"",""<hgh_f c=0>""],""printf_token"":[],""var_tag"":[]}",
HGHU-TW-004019,角色與劇情,立刻把它帶到<hgh_f c=0>我的工作室</hgh_f>來！明白嗎？,"{""brace_token"":[],""escaped_control"":[],""literal_newline"":[],""markup_tag"":[""</hgh_f>"",""<hgh_f c=0>""],""printf_token"":[],""var_tag"":[]}",
HGHU-TW-004020,角色與劇情,收到！,"{""brace_token"":[],""escaped_control"":[],""literal_newline"":[],""markup_tag"":[],""printf_token"":[],""var_tag"":[]}",
HGHU-TW-004021,角色與劇情,包在我身上！,"{""brace_token"":[],""escaped_control"":[],""literal_newline"":[],""markup_tag"":[],""printf_token"":[],""var_tag"":[]}",
HGHU-TW-004022,角色與劇情,我會讓扳手準備好起飛。,"{""brace_token"":[],""escaped_control"":[],""literal_newline"":[],""markup_tag"":[],""printf_token"":[],""var_tag"":[]}",
HGHU-TW-004023,角色與劇情,里絲琦 可能暫時佔了上風，但我們還沒完呢！,"{""brace_token"":[],""escaped_control"":[],""literal_newline"":[],""markup_tag"":[],""printf_token"":[],""var_tag"":[]}",
HGHU-TW-004024,角色與劇情,我本來想幫點忙的……,"{""brace_token"":[],""escaped_control"":[],""literal_newline"":[],""markup_tag"":[],""printf_token"":[],""var_tag"":[]}",
HGHU-TW-004025,角色與劇情,……但我忘了你在找什麼。,"{""brace_token"":[],""escaped_control"":[],""literal_newline"":[],""markup_tag"":[],""printf_token"":[],""var_tag"":[]}",
HGHU-TW-004026,角色與劇情,也許你應該跟鎮上的居民聊聊。,"{""brace_token"":[],""escaped_control"":[],""literal_newline"":[],""markup_tag"":[],""printf_token"":[],""var_tag"":[]}",
HGHU-TW-004027,角色與劇情,他們很多人都很了解這個地區……,"{""brace_token"":[],""escaped_control"":[],""literal_newline"":[],""markup_tag"":[],""printf_token"":[],""var_tag"":[]}",
HGHU-TW-004028,角色與劇情,<hgh_f c=0>道具店</hgh_f>馬上就開門了！正在卸貨！,"{""brace_token"":[],""escaped_control"":[],""literal_newline"":[],""markup_tag"":[""</hgh_f>"",""<hgh_f c=0>""],""printf_token"":[],""var_tag"":[]}",
HGHU-TW-004029,角色與劇情,……也許他們看到了什麼不尋常的東西。,"{""brace_token"":[],""escaped_control"":[],""literal_newline"":[],""markup_tag"":[],""printf_token"":[],""var_tag"":[]}",
HGHU-TW-004030,角色與劇情,彈藥男爵！？,"{""brace_token"":[],""escaped_control"":[],""literal_newline"":[],""markup_tag"":[],""printf_token"":[],""var_tag"":[]}",
HGHU-TW-004031,角色與劇情,<hgh_f c=0>你</hgh_f>在這裡做什麼？,"{""brace_token"":[],""escaped_control"":[],""literal_newline"":[],""markup_tag"":[""</hgh_f>"",""<hgh_f c=0>""],""printf_token"":[],""var_tag"":[]}",
HGHU-TW-004032,角色與劇情,看起來像在做什麼？,"{""brace_token"":[],""escaped_control"":[],""literal_newline"":[],""markup_tag"":[],""printf_token"":[],""var_tag"":[]}",
HGHU-TW-004033,角色與劇情,我在買<hgh_f c=0>備用零件</hgh_f>啊！,"{""brace_token"":[],""escaped_control"":[],""literal_newline"":[],""markup_tag"":[""</hgh_f>"",""<hgh_f c=0>""],""printf_token"":[],""var_tag"":[]}",
HGHU-TW-004034,角色與劇情,在我修好我的飛船並讓她升空之前，我的<hgh_f c=0>整個艦隊</hgh_f>都在天上白白浪費燃料！,"{""brace_token"":[],""escaped_control"":[],""literal_newline"":[],""markup_tag"":[""</hgh_f>"",""<hgh_f c=0>""],""printf_token"":[],""var_tag"":[]}",
HGHU-TW-004035,角色與劇情,如果我有<hgh_f c=0>五塊廢金屬</hgh_f>，我就能修好我的飛船，不再煩你了！,"{""brace_token"":[],""escaped_control"":[],""literal_newline"":[],""markup_tag"":[""</hgh_f>"",""<hgh_f c=0>""],""printf_token"":[],""var_tag"":[]}",
HGHU-TW-004036,角色與劇情,除非你有<hgh_f c=0>五塊廢金屬</hgh_f>，否則別跟我說話！,"{""brace_token"":[],""escaped_control"":[],""literal_newline"":[],""markup_tag"":[""</hgh_f>"",""<hgh_f c=0>""],""printf_token"":[],""var_tag"":[]}",
HGHU-TW-004037,角色與劇情,先等一下！,"{""brace_token"":[],""escaped_control"":[],""literal_newline"":[],""markup_tag"":[],""printf_token"":[],""var_tag"":[]}",
HGHU-TW-004038,角色與劇情,那<hgh_f c=0>廢金屬</hgh_f>是給本大爺我的嗎？,"{""brace_token"":[],""escaped_control"":[],""literal_newline"":[],""markup_tag"":[""</hgh_f>"",""<hgh_f c=0>""],""printf_token"":[],""var_tag"":[]}",
HGHU-TW-004039,角色與劇情,廢話！……那不夠。等你湊齊<hgh_f c=0>五塊</hgh_f>再來吧。,"{""brace_token"":[],""escaped_control"":[],""literal_newline"":[],""markup_tag"":[""</hgh_f>"",""<hgh_f c=0>""],""printf_token"":[],""var_tag"":[]}",
HGHU-TW-004040,角色與劇情,那就別再廢話了！,"{""brace_token"":[],""escaped_control"":[],""literal_newline"":[],""markup_tag"":[],""printf_token"":[],""var_tag"":[]}",
HGHU-TW-004041,角色與劇情,你知道嗎，你還挺不賴的，寶貝！,"{""brace_token"":[],""escaped_control"":[],""literal_newline"":[],""markup_tag"":[],""printf_token"":[],""var_tag"":[]}",
HGHU-TW-004042,角色與劇情,我要跟你分享一個小祕密。,"{""brace_token"":[],""escaped_control"":[],""literal_newline"":[],""markup_tag"":[],""printf_token"":[],""var_tag"":[]}",
HGHU-TW-004043,角色與劇情,我前陣子和<hgh_f c=0>Boots 小姐</hgh_f>發生了一點衝突，她掉了<hgh_f c=0>這個</hgh_f>。,"{""brace_token"":[],""escaped_control"":[],""literal_newline"":[],""markup_tag"":[""</hgh_f>"",""</hgh_f>"",""<hgh_f c=0>"",""<hgh_f c=0>""],""printf_token"":[],""var_tag"":[]}",
HGHU-TW-004044,角色與劇情,我從來就不喜歡那女人仗勢欺人的樣子。,"{""brace_token"":[],""escaped_control"":[],""literal_newline"":[],""markup_tag"":[],""printf_token"":[],""var_tag"":[]}",
HGHU-TW-004045,角色與劇情,或許那東西能幫你挫挫她的銳氣，嗯？,"{""brace_token"":[],""escaped_control"":[],""literal_newline"":[],""markup_tag"":[],""printf_token"":[],""var_tag"":[]}",
HGHU-TW-004046,角色與劇情,這件事只有你知我知。,"{""brace_token"":[],""escaped_control"":[],""literal_newline"":[],""markup_tag"":[],""printf_token"":[],""var_tag"":[]}",
HGHU-TW-004047,角色與劇情,把這個小祕密藏在你我之間就好。,"{""brace_token"":[],""escaped_control"":[],""literal_newline"":[],""markup_tag"":[],""printf_token"":[],""var_tag"":[]}",
HGHU-TW-004048,角色與劇情,噢！,"{""brace_token"":[],""escaped_control"":[],""literal_newline"":[],""markup_tag"":[],""printf_token"":[],""var_tag"":[]}",
HGHU-TW-004049,角色與劇情,催眠男爵！,"{""brace_token"":[],""escaped_control"":[],""literal_newline"":[],""markup_tag"":[],""printf_token"":[],""var_tag"":[]}",
HGHU-TW-004050,角色與劇情,你在這裡做什麼？,"{""brace_token"":[],""escaped_control"":[],""literal_newline"":[],""markup_tag"":[],""printf_token"":[],""var_tag"":[]}",
HGHU-TW-004051,角色與劇情,跟那個白痴<hgh_f c=0>魷魚男爵</hgh_f>根本沒辦法合作！,"{""brace_token"":[],""escaped_control"":[],""literal_newline"":[],""markup_tag"":[""</hgh_f>"",""<hgh_f c=0>""],""printf_token"":[],""var_tag"":[]}",
HGHU-TW-004052,角色與劇情,所以我決定<hgh_f c=0>重新</hgh_f>開始！,"{""brace_token"":[],""escaped_control"":[],""literal_newline"":[],""markup_tag"":[""</hgh_f>"",""<hgh_f c=0>""],""printf_token"":[],""var_tag"":[]}",
HGHU-TW-004053,角色與劇情,我拒絕淪為只會搞笑鬥嘴的角色！,"{""brace_token"":[],""escaped_control"":[],""literal_newline"":[],""markup_tag"":[],""printf_token"":[],""var_tag"":[]}",
HGHU-TW-004054,角色與劇情,我要靠吸食<hgh_f c=0>沉沒的靈魂</hgh_f>來重建一個<hgh_f c=0>恐懼帝國</hgh_f>！,"{""brace_token"":[],""escaped_control"":[],""literal_newline"":[],""markup_tag"":[""</hgh_f>"",""</hgh_f>"",""<hgh_f c=0>"",""<hgh_f c=0>""],""printf_token"":[],""var_tag"":[]}",
HGHU-TW-004055,角色與劇情,我命令你去<hgh_f c=0>找十個來</hgh_f>！,"{""brace_token"":[],""escaped_control"":[],""literal_newline"":[],""markup_tag"":[""</hgh_f>"",""<hgh_f c=0>""],""printf_token"":[],""var_tag"":[]}",
HGHU-TW-004056,角色與劇情,那麼妳是來幫妳叔叔拿東西的？,"{""brace_token"":[],""escaped_control"":[],""literal_newline"":[],""markup_tag"":[],""printf_token"":[],""var_tag"":[]}",
HGHU-TW-004057,角色與劇情,如果失敗了，我就會<hgh_f c=0>佔據</hgh_f>斯卡托鎮所有居民的心智，讓他們陷入<hgh_f c=0>瘋狂</hgh_f>！,"{""brace_token"":[],""escaped_control"":[],""literal_newline"":[],""markup_tag"":[""</hgh_f>"",""</hgh_f>"",""<hgh_f c=0>"",""<hgh_f c=0>""],""printf_token"":[],""var_tag"":[]}",
HGHU-TW-004058,角色與劇情,這聽起來才像我認識的那個催眠男爵。,"{""brace_token"":[],""escaped_control"":[],""literal_newline"":[],""markup_tag"":[],""printf_token"":[],""var_tag"":[]}",
HGHU-TW-004059,角色與劇情,<hgh_f c=0>把沉沒的靈魂給我帶來</hgh_f>！,"{""brace_token"":[],""escaped_control"":[],""literal_newline"":[],""markup_tag"":[""</hgh_f>"",""<hgh_f c=0>""],""printf_token"":[],""var_tag"":[]}",
HGHU-TW-004060,角色與劇情,別讓我的<hgh_f c=0>恐懼帝國</hgh_f>久等了！給我帶來<hgh_f c=0>十個沉沒的靈魂</hgh_f>！,"{""brace_token"":[],""escaped_control"":[],""literal_newline"":[],""markup_tag"":[""</hgh_f>"",""</hgh_f>"",""<hgh_f c=0>"",""<hgh_f c=0>""],""printf_token"":[],""var_tag"":[]}",
HGHU-TW-004061,角色與劇情,哈哈哈哈！,"{""brace_token"":[],""escaped_control"":[],""literal_newline"":[],""markup_tag"":[],""printf_token"":[],""var_tag"":[]}",
HGHU-TW-004062,角色與劇情,只要給我看<hgh_f c=0>收據</hgh_f>，我就拿給妳。,"{""brace_token"":[],""escaped_control"":[],""literal_newline"":[],""markup_tag"":[""</hgh_f>"",""<hgh_f c=0>""],""printf_token"":[],""var_tag"":[]}",
HGHU-TW-004063,角色與劇情,沉沒的靈魂！把它們放在我的<hgh_f c=0>腳邊</hgh_f>！,"{""brace_token"":[],""escaped_control"":[],""literal_newline"":[],""markup_tag"":[""</hgh_f>"",""<hgh_f c=0>""],""printf_token"":[],""var_tag"":[]}",
HGHU-TW-004064,角色與劇情,還不夠。你必須給我帶來<hgh_f c=0>十個沉沒的靈魂</hgh_f>！,"{""brace_token"":[],""escaped_control"":[],""literal_newline"":[],""markup_tag"":[""</hgh_f>"",""<hgh_f c=0>""],""printf_token"":[],""var_tag"":[]}",
HGHU-TW-004065,角色與劇情,不——不要？難道你的願望是眼睜睜看著斯卡托鎮的居民陷入瘋狂嗎？,"{""brace_token"":[],""escaped_control"":[],""literal_newline"":[],""markup_tag"":[],""printf_token"":[],""var_tag"":[]}",
HGHU-TW-004066,角色與劇情,看他們多麼害怕他們的<hgh_f c=0>主人</hgh_f>，嚇得發抖扭動！,"{""brace_token"":[],""escaped_control"":[],""literal_newline"":[],""markup_tag"":[""</hgh_f>"",""<hgh_f c=0>""],""printf_token"":[],""var_tag"":[]}",
HGHU-TW-004067,角色與劇情,你做得很好。,"{""brace_token"":[],""escaped_control"":[],""literal_newline"":[],""markup_tag"":[],""printf_token"":[],""var_tag"":[]}",
HGHU-TW-004068,角色與劇情,我會給你一個禮物！,"{""brace_token"":[],""escaped_control"":[],""literal_newline"":[],""markup_tag"":[],""printf_token"":[],""var_tag"":[]}",
HGHU-TW-004069,角色與劇情,那個<hgh_f c=0>物品</hgh_f>是充滿<hgh_f c=0>純粹仇恨</hgh_f>的裝飾品！,"{""brace_token"":[],""escaped_control"":[],""literal_newline"":[],""markup_tag"":[""</hgh_f>"",""</hgh_f>"",""<hgh_f c=0>"",""<hgh_f c=0>""],""printf_token"":[],""var_tag"":[]}",
HGHU-TW-004070,角色與劇情,謝了，催眠男爵！,"{""brace_token"":[],""escaped_control"":[],""literal_newline"":[],""markup_tag"":[],""printf_token"":[],""var_tag"":[]}",
HGHU-TW-004071,角色與劇情,祝你建立恐懼帝國順利！,"{""brace_token"":[],""escaped_control"":[],""literal_newline"":[],""markup_tag"":[],""printf_token"":[],""var_tag"":[]}",
HGHU-TW-004072,角色與劇情,哈哈哈哈！,"{""brace_token"":[],""escaped_control"":[],""literal_newline"":[],""markup_tag"":[],""printf_token"":[],""var_tag"":[]}",
HGHU-TW-004073,角色與劇情,科技男爵！,"{""brace_token"":[],""escaped_control"":[],""literal_newline"":[],""markup_tag"":[],""printf_token"":[],""var_tag"":[]}",
HGHU-TW-004074,角色與劇情,<hgh_f c=0>你</hgh_f>大老遠跑來這裡做什麼？,"{""brace_token"":[],""escaped_control"":[],""literal_newline"":[],""markup_tag"":[""</hgh_f>"",""<hgh_f c=0>""],""printf_token"":[],""var_tag"":[]}",
HGHU-TW-004075,角色與劇情,純粹是拖延時間！我被判了<hgh_f c=0>十億小時</hgh_f>的社區服務！,"{""brace_token"":[],""escaped_control"":[],""literal_newline"":[],""markup_tag"":[""</hgh_f>"",""<hgh_f c=0>""],""printf_token"":[],""var_tag"":[]}",
HGHU-TW-004076,角色與劇情,他們要我拆掉工廠，讓位給什麼見鬼的<hgh_f c=0>美人魚保護區</hgh_f>！,"{""brace_token"":[],""escaped_control"":[],""literal_newline"":[],""markup_tag"":[""</hgh_f>"",""<hgh_f c=0>""],""printf_token"":[],""var_tag"":[]}",
HGHU-TW-004077,角色與劇情,咿呀呀呀啊啊啊！！！,"{""brace_token"":[],""escaped_control"":[],""literal_newline"":[],""markup_tag"":[],""printf_token"":[],""var_tag"":[]}",
HGHU-TW-004078,角色與劇情,嗯，我想這就是你應得的報應吧。,"{""brace_token"":[],""escaped_control"":[],""literal_newline"":[],""markup_tag"":[],""printf_token"":[],""var_tag"":[]}",
HGHU-TW-004079,角色與劇情,你越早回去工作，就能越早做完。試著吹個口哨吧！,"{""brace_token"":[],""escaped_control"":[],""literal_newline"":[],""markup_tag"":[],""printf_token"":[],""var_tag"":[]}",
HGHU-TW-004080,角色與劇情,絕不！<hgh_f c=0>絕不</hgh_f>！！<hgh_f c=0>我說絕不</hgh_f>！！,"{""brace_token"":[],""escaped_control"":[],""literal_newline"":[],""markup_tag"":[""</hgh_f>"",""</hgh_f>"",""<hgh_f c=0>"",""<hgh_f c=0>""],""printf_token"":[],""var_tag"":[]}",
HGHU-TW-004081,角色與劇情,除非有人找回我的<hgh_f c=0>數據晶片</hgh_f>，否則我<hgh_f c=0>拒絕</hgh_f>動<hgh_f c=0>任何一根手指頭</hgh_f>！,"{""brace_token"":[],""escaped_control"":[],""literal_newline"":[],""markup_tag"":[""</hgh_f>"",""</hgh_f>"",""</hgh_f>"",""<hgh_f c=0>"",""<hgh_f c=0>"",""<hgh_f c=0>""],""printf_token"":[],""var_tag"":[]}",
HGHU-TW-004082,角色與劇情,我把它藏在<hgh_f c=0>工廠</hgh_f>裡了！上面有我所有的<hgh_f c=0>財務資料</hgh_f>！,"{""brace_token"":[],""escaped_control"":[],""literal_newline"":[],""markup_tag"":[""</hgh_f>"",""</hgh_f>"",""<hgh_f c=0>"",""<hgh_f c=0>""],""printf_token"":[],""var_tag"":[]}",
HGHU-TW-004083,角色與劇情,<hgh_f c=0>去找出來</hgh_f>！<hgh_f c=0>我說去找出來</hgh_f>！！,"{""brace_token"":[],""escaped_control"":[],""literal_newline"":[],""markup_tag"":[""</hgh_f>"",""</hgh_f>"",""<hgh_f c=0>"",""<hgh_f c=0>""],""printf_token"":[],""var_tag"":[]}",
HGHU-TW-004084,角色與劇情,沒有<hgh_f c=0>收據</hgh_f>我就不知道哪批貨是妳的！,"{""brace_token"":[],""escaped_control"":[],""literal_newline"":[],""markup_tag"":[""</hgh_f>"",""<hgh_f c=0>""],""printf_token"":[],""var_tag"":[]}",
HGHU-TW-004085,角色與劇情,快去<hgh_f c=0>工廠</hgh_f>找我的<hgh_f c=0>數據晶片</hgh_f>，不然我就要損失<hgh_f c=0>一大筆錢</hgh_f>來補繳稅款了！,"{""brace_token"":[],""escaped_control"":[],""literal_newline"":[],""markup_tag"":[""</hgh_f>"",""</hgh_f>"",""</hgh_f>"",""<hgh_f c=0>"",""<hgh_f c=0>"",""<hgh_f c=0>""],""printf_token"":[],""var_tag"":[]}",
HGHU-TW-004086,角色與劇情,……怎麼了？你找到我的<hgh_f c=0>數據晶片</hgh_f>了，是嗎？,"{""brace_token"":[],""escaped_control"":[],""literal_newline"":[],""markup_tag"":[""</hgh_f>"",""<hgh_f c=0>""],""printf_token"":[],""var_tag"":[]}",
HGHU-TW-004087,角色與劇情,我現在就要！<hgh_f c=0>現在</hgh_f>，<hgh_f c=0>我說</hgh_f>！！,"{""brace_token"":[],""escaped_control"":[],""literal_newline"":[],""markup_tag"":[""</hgh_f>"",""</hgh_f>"",""<hgh_f c=0>"",""<hgh_f c=0>""],""printf_token"":[],""var_tag"":[]}",
HGHU-TW-004088,角色與劇情,騙人！你根本沒有我的<hgh_f c=0>數據晶片</hgh_f>！,"{""brace_token"":[],""escaped_control"":[],""literal_newline"":[],""markup_tag"":[""</hgh_f>"",""<hgh_f c=0>""],""printf_token"":[],""var_tag"":[]}",
HGHU-TW-004089,角色與劇情,那是<hgh_f c=0>我的</hgh_f>！交出來！哈哈哈哈哈！,"{""brace_token"":[],""escaped_control"":[],""literal_newline"":[],""markup_tag"":[""</hgh_f>"",""<hgh_f c=0>""],""printf_token"":[],""var_tag"":[]}",
HGHU-TW-004090,角色與劇情,好吧。,"{""brace_token"":[],""escaped_control"":[],""literal_newline"":[],""markup_tag"":[],""printf_token"":[],""var_tag"":[]}",
HGHU-TW-004091,角色與劇情,我想不出有什麼理由不給你這個鄉巴佬應得的獎賞。,"{""brace_token"":[],""escaped_control"":[],""literal_newline"":[],""markup_tag"":[],""printf_token"":[],""var_tag"":[]}",
HGHU-TW-004092,角色與劇情,……你在看什麼？！,"{""brace_token"":[],""escaped_control"":[],""literal_newline"":[],""markup_tag"":[],""printf_token"":[],""var_tag"":[]}",
HGHU-TW-004093,角色與劇情,拿走你的獎賞然後<hgh_f c=0>給我滾</hgh_f>！,"{""brace_token"":[],""escaped_control"":[],""literal_newline"":[],""markup_tag"":[""</hgh_f>"",""<hgh_f c=0>""],""printf_token"":[],""var_tag"":[]}",
HGHU-TW-004094,角色與劇情,謝謝，科技男爵！,"{""brace_token"":[],""escaped_control"":[],""literal_newline"":[],""markup_tag"":[],""printf_token"":[],""var_tag"":[]}",
HGHU-TW-004095,角色與劇情,祝你早日還清債務！,"{""brace_token"":[],""escaped_control"":[],""literal_newline"":[],""markup_tag"":[],""printf_token"":[],""var_tag"":[]}",
HGHU-TW-004096,角色與劇情,下一個商業計畫一定會讓科技男爵<hgh_f c=0>名揚天下</hgh_f>！嘻嘻！,"{""brace_token"":[],""escaped_control"":[],""literal_newline"":[],""markup_tag"":[""</hgh_f>"",""<hgh_f c=0>""],""printf_token"":[],""var_tag"":[]}",
HGHU-TW-004097,角色與劇情,魷魚男爵！,"{""brace_token"":[],""escaped_control"":[],""literal_newline"":[],""markup_tag"":[],""printf_token"":[],""var_tag"":[]}",
HGHU-TW-004098,角色與劇情,喲！,"{""brace_token"":[],""escaped_control"":[],""literal_newline"":[],""markup_tag"":[],""printf_token"":[],""var_tag"":[]}",
HGHU-TW-004099,角色與劇情,你在這裡？,"{""brace_token"":[],""escaped_control"":[],""literal_newline"":[],""markup_tag"":[],""printf_token"":[],""var_tag"":[]}",
HGHU-TW-004100,角色與劇情,我以為我在戰鬥中已經把你消滅了！,"{""brace_token"":[],""escaped_control"":[],""literal_newline"":[],""markup_tag"":[],""printf_token"":[],""var_tag"":[]}",
HGHU-TW-004101,角色與劇情,哪有～～，過陣子你就會習慣那些爆炸和清屏大絕招了啦。,"{""brace_token"":[],""escaped_control"":[],""literal_newline"":[],""markup_tag"":[],""printf_token"":[],""var_tag"":[]}",
HGHU-TW-004102,角色與劇情,沒受到什麼永久性的傷害。,"{""brace_token"":[],""escaped_control"":[],""literal_newline"":[],""markup_tag"":[],""printf_token"":[],""var_tag"":[]}",
HGHU-TW-004103,角色與劇情,不過你看看這個！,"{""brace_token"":[],""escaped_control"":[],""literal_newline"":[],""markup_tag"":[],""printf_token"":[],""var_tag"":[]}",
HGHU-TW-004104,角色與劇情,好的！讓我看看……,"{""brace_token"":[],""escaped_control"":[],""literal_newline"":[],""markup_tag"":[],""printf_token"":[],""var_tag"":[]}",
HGHU-TW-004105,角色與劇情,你有看到這裡所有的<hgh_f c=0>魷魚男爵粉絲創作</hgh_f>嗎？,"{""brace_token"":[],""escaped_control"":[],""literal_newline"":[],""markup_tag"":[""</hgh_f>"",""<hgh_f c=0>""],""printf_token"":[],""var_tag"":[]}",
HGHU-TW-004106,角色與劇情,我簡直成了某種全球現象了！,"{""brace_token"":[],""escaped_control"":[],""literal_newline"":[],""markup_tag"":[],""printf_token"":[],""var_tag"":[]}",
HGHU-TW-004107,角色與劇情,事實上，給你。,"{""brace_token"":[],""escaped_control"":[],""literal_newline"":[],""markup_tag"":[],""printf_token"":[],""var_tag"":[]}",
HGHU-TW-004108,角色與劇情,我不得不拿掉一些作品，好騰出空間放更多我的照片！,"{""brace_token"":[],""escaped_control"":[],""literal_newline"":[],""markup_tag"":[],""printf_token"":[],""var_tag"":[]}",
HGHU-TW-004109,角色與劇情,但這是某人的藝術作品啊！,"{""brace_token"":[],""escaped_control"":[],""literal_newline"":[],""markup_tag"":[],""printf_token"":[],""var_tag"":[]}",
HGHU-TW-004110,角色與劇情,某人可是傾注了<hgh_f c=0>心血</hgh_f>與<hgh_f c=0>靈魂</hgh_f>在上面的！,"{""brace_token"":[],""escaped_control"":[],""literal_newline"":[],""markup_tag"":[""</hgh_f>"",""</hgh_f>"",""<hgh_f c=0>"",""<hgh_f c=0>""],""printf_token"":[],""var_tag"":[]}",
HGHU-TW-004111,角色與劇情,呸，扔了吧。,"{""brace_token"":[],""escaped_control"":[],""literal_newline"":[],""markup_tag"":[],""printf_token"":[],""var_tag"":[]}",
HGHU-TW-004112,角色與劇情,才不要！,"{""brace_token"":[],""escaped_control"":[],""literal_newline"":[],""markup_tag"":[],""printf_token"":[],""var_tag"":[]}",
HGHU-TW-004113,角色與劇情,我要幫它找個<hgh_f c=0>好歸宿</hgh_f>！,"{""brace_token"":[],""escaped_control"":[],""literal_newline"":[],""markup_tag"":[""</hgh_f>"",""<hgh_f c=0>""],""printf_token"":[],""var_tag"":[]}",
HGHU-TW-004114,角色與劇情,我想要更多<hgh_f c=0>魷魚男爵粉絲創作</hgh_f>！,"{""brace_token"":[],""escaped_control"":[],""literal_newline"":[],""markup_tag"":[""</hgh_f>"",""<hgh_f c=0>""],""printf_token"":[],""var_tag"":[]}",
HGHU-TW-004115,角色與劇情,沒錯！,"{""brace_token"":[],""escaped_control"":[],""literal_newline"":[],""markup_tag"":[],""printf_token"":[],""var_tag"":[]}",
HGHU-TW-004116,角色與劇情,這個地方需要一張海報。,"{""brace_token"":[],""escaped_control"":[],""literal_newline"":[],""markup_tag"":[],""printf_token"":[],""var_tag"":[]}",
HGHU-TW-004117,角色與劇情,像是<hgh_f c=0>超讚的海報</hgh_f>！,"{""brace_token"":[],""escaped_control"":[],""literal_newline"":[],""markup_tag"":[""</hgh_f>"",""<hgh_f c=0>""],""printf_token"":[],""var_tag"":[]}",
HGHU-TW-004118,角色與劇情,阿布納 *暫譯*！,"{""brace_token"":[],""escaped_control"":[],""literal_newline"":[],""markup_tag"":[],""printf_token"":[],""var_tag"":[]}",
HGHU-TW-004119,角色與劇情,咦？,"{""brace_token"":[],""escaped_control"":[],""literal_newline"":[],""markup_tag"":[],""printf_token"":[],""var_tag"":[]}",
HGHU-TW-004120,角色與劇情,哦，是那個長了腿的腦袋啊。,"{""brace_token"":[],""escaped_control"":[],""literal_newline"":[],""markup_tag"":[],""printf_token"":[],""var_tag"":[]}",
HGHU-TW-004121,角色與劇情,你有什麼東西要給我嗎？,"{""brace_token"":[],""escaped_control"":[],""literal_newline"":[],""markup_tag"":[],""printf_token"":[],""var_tag"":[]}",
HGHU-TW-004122,角色與劇情,咖啡？,"{""brace_token"":[],""escaped_control"":[],""literal_newline"":[],""markup_tag"":[],""printf_token"":[],""var_tag"":[]}",
HGHU-TW-004123,角色與劇情,大腦？,"{""brace_token"":[],""escaped_control"":[],""literal_newline"":[],""markup_tag"":[],""printf_token"":[],""var_tag"":[]}",
HGHU-TW-004124,角色與劇情,加了腦袋的咖啡？,"{""brace_token"":[],""escaped_control"":[],""literal_newline"":[],""markup_tag"":[],""printf_token"":[],""var_tag"":[]}",
HGHU-TW-004125,角色與劇情,沒有耶。,"{""brace_token"":[],""escaped_control"":[],""literal_newline"":[],""markup_tag"":[],""printf_token"":[],""var_tag"":[]}",
HGHU-TW-004126,角色與劇情,這是他的貨。吸在這箱硬碟上了！,"{""brace_token"":[],""escaped_control"":[],""literal_newline"":[],""markup_tag"":[],""printf_token"":[],""var_tag"":[]}",
HGHU-TW-004127,角色與劇情,那快滾吧。,"{""brace_token"":[],""escaped_control"":[],""literal_newline"":[],""markup_tag"":[],""printf_token"":[],""var_tag"":[]}",
HGHU-TW-004128,角色與劇情,你真是個混蛋。,"{""brace_token"":[],""escaped_control"":[],""literal_newline"":[],""markup_tag"":[],""printf_token"":[],""var_tag"":[]}",
HGHU-TW-004129,角色與劇情,<hgh_f c=0>你才是個混蛋</hgh_f>。,"{""brace_token"":[],""escaped_control"":[],""literal_newline"":[],""markup_tag"":[""</hgh_f>"",""<hgh_f c=0>""],""printf_token"":[],""var_tag"":[]}",
HGHU-TW-004130,角色與劇情,所以……,"{""brace_token"":[],""escaped_control"":[],""literal_newline"":[],""markup_tag"":[],""printf_token"":[],""var_tag"":[]}",
HGHU-TW-004131,角色與劇情,你為什麼想要海報？,"{""brace_token"":[],""escaped_control"":[],""literal_newline"":[],""markup_tag"":[],""printf_token"":[],""var_tag"":[]}",
HGHU-TW-004132,角色與劇情,我和 坡 *暫譯* 打算接管這座舊城堡。,"{""brace_token"":[],""escaped_control"":[],""literal_newline"":[],""markup_tag"":[],""printf_token"":[],""var_tag"":[]}",
HGHU-TW-004133,角色與劇情,但我很在意這面牆。它簡直在呼喚著需要一張<hgh_f c=0>海報</hgh_f>。,"{""brace_token"":[],""escaped_control"":[],""literal_newline"":[],""markup_tag"":[""</hgh_f>"",""<hgh_f c=0>""],""printf_token"":[],""var_tag"":[]}",
HGHU-TW-004134,角色與劇情,某種超酷的黑光海報之類的。,"{""brace_token"":[],""escaped_control"":[],""literal_newline"":[],""markup_tag"":[],""printf_token"":[],""var_tag"":[]}",
HGHU-TW-004135,角色與劇情,對……我都能想像它貼在那面牆上的樣子了。一張<hgh_f c=0>甜美又帶點叛逆的海報</hgh_f>。,"{""brace_token"":[],""escaped_control"":[],""literal_newline"":[],""markup_tag"":[""</hgh_f>"",""<hgh_f c=0>""],""printf_token"":[],""var_tag"":[]}",
HGHU-TW-004136,角色與劇情,嘿。,"{""brace_token"":[],""escaped_control"":[],""literal_newline"":[],""markup_tag"":[],""printf_token"":[],""var_tag"":[]}",
HGHU-TW-004137,角色與劇情,你有一張。,"{""brace_token"":[],""escaped_control"":[],""literal_newline"":[],""markup_tag"":[],""printf_token"":[],""var_tag"":[]}",
HGHU-TW-004138,角色與劇情,讓我看看。,"{""brace_token"":[],""escaped_control"":[],""literal_newline"":[],""markup_tag"":[],""printf_token"":[],""var_tag"":[]}",
HGHU-TW-004139,角色與劇情,然後滾開！,"{""brace_token"":[],""escaped_control"":[],""literal_newline"":[],""markup_tag"":[],""printf_token"":[],""var_tag"":[]}",
HGHU-TW-004140,角色與劇情,這跟我想的完全不一樣。,"{""brace_token"":[],""escaped_control"":[],""literal_newline"":[],""markup_tag"":[],""printf_token"":[],""var_tag"":[]}",
HGHU-TW-004141,角色與劇情,它比我想的<hgh_f c=0>好太多了</hgh_f>！,"{""brace_token"":[],""escaped_control"":[],""literal_newline"":[],""markup_tag"":[""</hgh_f>"",""<hgh_f c=0>""],""printf_token"":[],""var_tag"":[]}",
HGHU-TW-004142,角色與劇情,對，我超愛這個。,"{""brace_token"":[],""escaped_control"":[],""literal_newline"":[],""markup_tag"":[],""printf_token"":[],""var_tag"":[]}",
HGHU-TW-004143,角色與劇情,給你。,"{""brace_token"":[],""escaped_control"":[],""literal_newline"":[],""markup_tag"":[],""printf_token"":[],""var_tag"":[]}",
HGHU-TW-004144,角色與劇情,坡 *暫譯* 在某個阿宅大會上買了那張看起來很可悲的<hgh_f c=0>魷魚海報</hgh_f>。不准退貨喔。,"{""brace_token"":[],""escaped_control"":[],""literal_newline"":[],""markup_tag"":[""</hgh_f>"",""<hgh_f c=0>""],""printf_token"":[],""var_tag"":[]}",
HGHU-TW-004145,角色與劇情,保持格調，阿布納 *暫譯*。,"{""brace_token"":[],""escaped_control"":[],""literal_newline"":[],""markup_tag"":[],""printf_token"":[],""var_tag"":[]}",
HGHU-TW-004146,角色與劇情,這裡變得有生氣多了。以殭屍的住所來說啦。,"{""brace_token"":[],""escaped_control"":[],""literal_newline"":[],""markup_tag"":[],""printf_token"":[],""var_tag"":[]}",
HGHU-TW-004147,角色與劇情,繼續給我更多<hgh_f c=0>魷魚男爵粉絲創作</hgh_f>吧！,"{""brace_token"":[],""escaped_control"":[],""literal_newline"":[],""markup_tag"":[""</hgh_f>"",""<hgh_f c=0>""],""printf_token"":[],""var_tag"":[]}",
HGHU-TW-004148,角色與劇情,不知道那東西是做什麼用的，但以妳叔叔的個性，一定是很特別的東西！,"{""brace_token"":[],""escaped_control"":[],""literal_newline"":[],""markup_tag"":[],""printf_token"":[],""var_tag"":[]}",
HGHU-TW-004149,角色與劇情,繼續給我更多<hgh_f c=0>魷魚男爵粉絲創作</hgh_f>吧！,"{""brace_token"":[],""escaped_control"":[],""literal_newline"":[],""markup_tag"":[""</hgh_f>"",""<hgh_f c=0>""],""printf_token"":[],""var_tag"":[]}",
HGHU-TW-004150,角色與劇情,嘿！你那張<hgh_f c=0>魷魚海報</hgh_f>看起來真<hgh_f c=0>史詩</hgh_f>！,"{""brace_token"":[],""escaped_control"":[],""literal_newline"":[],""markup_tag"":[""</hgh_f>"",""</hgh_f>"",""<hgh_f c=0>"",""<hgh_f c=0>""],""printf_token"":[],""var_tag"":[]}",
HGHU-TW-004151,角色與劇情,<hgh_f c=0>給我</hgh_f>！,"{""brace_token"":[],""escaped_control"":[],""literal_newline"":[],""markup_tag"":[""</hgh_f>"",""<hgh_f c=0>""],""printf_token"":[],""var_tag"":[]}",
HGHU-TW-004152,角色與劇情,<hgh_f c=0>為什麼啊</hgh_f>？！,"{""brace_token"":[],""escaped_control"":[],""literal_newline"":[],""markup_tag"":[""</hgh_f>"",""<hgh_f c=0>""],""printf_token"":[],""var_tag"":[]}",
HGHU-TW-004153,角色與劇情,哦對了。我<hgh_f c=0>一定</hgh_f>要把這個拿去護貝。,"{""brace_token"":[],""escaped_control"":[],""literal_newline"":[],""markup_tag"":[""</hgh_f>"",""<hgh_f c=0>""],""printf_token"":[],""var_tag"":[]}",
HGHU-TW-004154,角色與劇情,來。給你點東西作為回報。,"{""brace_token"":[],""escaped_control"":[],""literal_newline"":[],""markup_tag"":[],""printf_token"":[],""var_tag"":[]}",
HGHU-TW-004155,角色與劇情,看起來像是從一雙有著好聞氣味的七號時尚皮靴上掉下來的。,"{""brace_token"":[],""escaped_control"":[],""literal_newline"":[],""markup_tag"":[],""printf_token"":[],""var_tag"":[]}",
HGHU-TW-004156,角色與劇情,像甜甜圈一樣圓，下次見啦！（再見啦！）,"{""brace_token"":[],""escaped_control"":[],""literal_newline"":[],""markup_tag"":[],""printf_token"":[],""var_tag"":[]}",
HGHU-TW-004157,角色與劇情,所以……,"{""brace_token"":[],""escaped_control"":[],""literal_newline"":[],""markup_tag"":[],""printf_token"":[],""var_tag"":[]}",
HGHU-TW-004158,角色與劇情,你要和 里絲琦・布茲 <hgh_f c=0>正面對決</hgh_f>，盡快阻止她嗎？,"{""brace_token"":[],""escaped_control"":[],""literal_newline"":[],""markup_tag"":[""</hgh_f>"",""<hgh_f c=0>""],""printf_token"":[],""var_tag"":[]}",
HGHU-TW-004159,角色與劇情,還是你要尋找那<hgh_f c=0>四個線索</hgh_f>，並擬定一個攻擊計畫？,"{""brace_token"":[],""escaped_control"":[],""literal_newline"":[],""markup_tag"":[""</hgh_f>"",""<hgh_f c=0>""],""printf_token"":[],""var_tag"":[]}",
HGHU-TW-004160,角色與劇情,由你來<hgh_f c=0>決定</hgh_f>。,"{""brace_token"":[],""escaped_control"":[],""literal_newline"":[],""markup_tag"":[""</hgh_f>"",""<hgh_f c=0>""],""printf_token"":[],""var_tag"":[]}",
HGHU-TW-004161,角色與劇情,等待程式更新任務前的臨時台詞。,"{""brace_token"":[],""escaped_control"":[],""literal_newline"":[],""markup_tag"":[],""printf_token"":[],""var_tag"":[]}",
HGHU-TW-004162,角色與劇情,等待程式更新任務前的臨時台詞。,"{""brace_token"":[],""escaped_control"":[],""literal_newline"":[],""markup_tag"":[],""printf_token"":[],""var_tag"":[]}",
HGHU-TW-004163,角色與劇情,你看叔叔！我發現了什麼！,"{""brace_token"":[],""escaped_control"":[],""literal_newline"":[],""markup_tag"":[],""printf_token"":[],""var_tag"":[]}",
HGHU-TW-004164,角色與劇情,找到任何線索了嗎？,"{""brace_token"":[],""escaped_control"":[],""literal_newline"":[],""markup_tag"":[],""printf_token"":[],""var_tag"":[]}",
HGHU-TW-004165,角色與劇情,還有別的嗎？,"{""brace_token"":[],""escaped_control"":[],""literal_newline"":[],""markup_tag"":[],""printf_token"":[],""var_tag"":[]}",
HGHU-TW-004166,角色與劇情,目前我只找到這些。,"{""brace_token"":[],""escaped_control"":[],""literal_newline"":[],""markup_tag"":[],""printf_token"":[],""var_tag"":[]}",
HGHU-TW-004167,角色與劇情,嗯，這點資訊還不足以推斷出她的<hgh_f c=0>確切計畫</hgh_f>。,"{""brace_token"":[],""escaped_control"":[],""literal_newline"":[],""markup_tag"":[""</hgh_f>"",""<hgh_f c=0>""],""printf_token"":[],""var_tag"":[]}",
HGHU-TW-004168,角色與劇情,我想如果我們能集齊<hgh_f c=0>四個線索</hgh_f>，我們就能解開這個謎團了。,"{""brace_token"":[],""escaped_control"":[],""literal_newline"":[],""markup_tag"":[""</hgh_f>"",""<hgh_f c=0>""],""printf_token"":[],""var_tag"":[]}",
HGHU-TW-004169,角色與劇情,早安，歡迎來到<hgh_f c=0>澡堂</hgh_f>！,"{""brace_token"":[],""escaped_control"":[],""literal_newline"":[],""markup_tag"":[""</hgh_f>"",""<hgh_f c=0>""],""printf_token"":[],""var_tag"":[]}",
HGHU-TW-004170,角色與劇情,我想這是<hgh_f c=0>里絲琦 的皮帶扣</hgh_f>！,"{""brace_token"":[],""escaped_control"":[],""literal_newline"":[],""markup_tag"":[""</hgh_f>"",""<hgh_f c=0>""],""printf_token"":[],""var_tag"":[]}",
HGHU-TW-004171,角色與劇情,讓我看看。,"{""brace_token"":[],""escaped_control"":[],""literal_newline"":[],""markup_tag"":[],""printf_token"":[],""var_tag"":[]}",
HGHU-TW-004172,角色與劇情,嗯。,"{""brace_token"":[],""escaped_control"":[],""literal_newline"":[],""markup_tag"":[],""printf_token"":[],""var_tag"":[]}",
HGHU-TW-004173,角色與劇情,它似乎沾滿了金屬鍛造爐的灰燼。,"{""brace_token"":[],""escaped_control"":[],""literal_newline"":[],""markup_tag"":[],""printf_token"":[],""var_tag"":[]}",
HGHU-TW-004174,角色與劇情,我會繼續研究它的。做得好！,"{""brace_token"":[],""escaped_control"":[],""literal_newline"":[],""markup_tag"":[],""printf_token"":[],""var_tag"":[]}",
HGHU-TW-004175,角色與劇情,……一個讓您在硬核、緊張刺激、火力全開的極致放鬆中，透過寧靜的聲音與香氣恢復身心活力的地方！,"{""brace_token"":[],""escaped_control"":[],""literal_newline"":[],""markup_tag"":[],""printf_token"":[],""var_tag"":[]}",
HGHU-TW-004176,角色與劇情,嗯，這可能是<hgh_f c=0>里絲琦 的袖扣</hgh_f>！,"{""brace_token"":[],""escaped_control"":[],""literal_newline"":[],""markup_tag"":[""</hgh_f>"",""<hgh_f c=0>""],""printf_token"":[],""var_tag"":[]}",
HGHU-TW-004177,角色與劇情,讓我看看。,"{""brace_token"":[],""escaped_control"":[],""literal_newline"":[],""markup_tag"":[],""printf_token"":[],""var_tag"":[]}",
HGHU-TW-004178,角色與劇情,嗯。,"{""brace_token"":[],""escaped_control"":[],""literal_newline"":[],""markup_tag"":[],""printf_token"":[],""var_tag"":[]}",
HGHU-TW-004179,角色與劇情,上面有污漬……通常用於絕緣橡膠軟管的密封劑。,"{""brace_token"":[],""escaped_control"":[],""literal_newline"":[],""markup_tag"":[],""printf_token"":[],""var_tag"":[]}",
HGHU-TW-004180,角色與劇情,我會繼續研究它的。做得好！,"{""brace_token"":[],""escaped_control"":[],""literal_newline"":[],""markup_tag"":[],""printf_token"":[],""var_tag"":[]}",
HGHU-TW-004181,角色與劇情,通常我會為妳的<hgh_f c=0>任務</hgh_f>提供一些<hgh_f c=0>建議</hgh_f>。,"{""brace_token"":[],""escaped_control"":[],""literal_newline"":[],""markup_tag"":[""</hgh_f>"",""</hgh_f>"",""<hgh_f c=0>"",""<hgh_f c=0>""],""printf_token"":[],""var_tag"":[]}",
HGHU-TW-004182,角色與劇情,這可能是<hgh_f c=0>里絲琦 的項鍊</hgh_f>！,"{""brace_token"":[],""escaped_control"":[],""literal_newline"":[],""markup_tag"":[""</hgh_f>"",""<hgh_f c=0>""],""printf_token"":[],""var_tag"":[]}",
HGHU-TW-004183,角色與劇情,讓我看看。,"{""brace_token"":[],""escaped_control"":[],""literal_newline"":[],""markup_tag"":[],""printf_token"":[],""var_tag"":[]}",
HGHU-TW-004184,角色與劇情,嗯。,"{""brace_token"":[],""escaped_control"":[],""literal_newline"":[],""markup_tag"":[],""printf_token"":[],""var_tag"":[]}",
HGHU-TW-004185,角色與劇情,表面布滿了油斑。也不是一般的等級。,"{""brace_token"":[],""escaped_control"":[],""literal_newline"":[],""markup_tag"":[],""printf_token"":[],""var_tag"":[]}",
HGHU-TW-004186,角色與劇情,我會繼續研究它的。做得好！,"{""brace_token"":[],""escaped_control"":[],""literal_newline"":[],""markup_tag"":[],""printf_token"":[],""var_tag"":[]}",
HGHU-TW-004187,角色與劇情,但現在我正試圖弄清楚這張<hgh_f c=0>收據</hgh_f>是哪來的。,"{""brace_token"":[],""escaped_control"":[],""literal_newline"":[],""markup_tag"":[""</hgh_f>"",""<hgh_f c=0>""],""printf_token"":[],""var_tag"":[]}",
HGHU-TW-004188,角色與劇情,我找到了<hgh_f c=0>里絲琦 的絲帶</hgh_f>！,"{""brace_token"":[],""escaped_control"":[],""literal_newline"":[],""markup_tag"":[""</hgh_f>"",""<hgh_f c=0>""],""printf_token"":[],""var_tag"":[]}",
HGHU-TW-004189,角色與劇情,讓我看看。,"{""brace_token"":[],""escaped_control"":[],""literal_newline"":[],""markup_tag"":[],""printf_token"":[],""var_tag"":[]}",
HGHU-TW-004190,角色與劇情,嗯。,"{""brace_token"":[],""escaped_control"":[],""literal_newline"":[],""markup_tag"":[],""printf_token"":[],""var_tag"":[]}",
HGHU-TW-004191,角色與劇情,有硫磺的味道。她正在建造的東西使用巨大的熱量作為動力來源。,"{""brace_token"":[],""escaped_control"":[],""literal_newline"":[],""markup_tag"":[],""printf_token"":[],""var_tag"":[]}",
HGHU-TW-004192,角色與劇情,我會繼續研究它的。做得好！,"{""brace_token"":[],""escaped_control"":[],""literal_newline"":[],""markup_tag"":[],""printf_token"":[],""var_tag"":[]}",
HGHU-TW-004193,角色與劇情,這就是我能找到的全部了，<hgh_f c=0>叔叔</hgh_f>。,"{""brace_token"":[],""escaped_control"":[],""literal_newline"":[],""markup_tag"":[""</hgh_f>"",""<hgh_f c=0>""],""printf_token"":[],""var_tag"":[]}",
HGHU-TW-004194,角色與劇情,一定是運送那個<hgh_f c=0>流口水的笨蛋雕像</hgh_f>的人掉的。,"{""brace_token"":[],""escaped_control"":[],""literal_newline"":[],""markup_tag"":[""</hgh_f>"",""<hgh_f c=0>""],""printf_token"":[],""var_tag"":[]}",
HGHU-TW-004195,角色與劇情,太完美了！,"{""brace_token"":[],""escaped_control"":[],""literal_newline"":[],""markup_tag"":[],""printf_token"":[],""var_tag"":[]}",
HGHU-TW-004196,角色與劇情,有了<hgh_f c=0>這四個線索</hgh_f>在手，我應該能破解她的計畫。,"{""brace_token"":[],""escaped_control"":[],""literal_newline"":[],""markup_tag"":[""</hgh_f>"",""<hgh_f c=0>""],""printf_token"":[],""var_tag"":[]}",
HGHU-TW-004197,角色與劇情,等一下……,"{""brace_token"":[],""escaped_control"":[],""literal_newline"":[],""markup_tag"":[],""printf_token"":[],""var_tag"":[]}",
HGHU-TW-004198,角色與劇情,現在只差弄清楚她去了哪裡，以及她要找什麼材料了。,"{""brace_token"":[],""escaped_control"":[],""literal_newline"":[],""markup_tag"":[],""printf_token"":[],""var_tag"":[]}",
HGHU-TW-004199,角色與劇情,……嗯……更廣的擴散需要……不，不是這樣……,"{""brace_token"":[],""escaped_control"":[],""literal_newline"":[],""markup_tag"":[],""printf_token"":[],""var_tag"":[]}",
HGHU-TW-004200,角色與劇情,……某種能放大逆流的東西……,"{""brace_token"":[],""escaped_control"":[],""literal_newline"":[],""markup_tag"":[],""printf_token"":[],""var_tag"":[]}",
HGHU-TW-004201,角色與劇情,……不，她不可能知道倉鼠滾輪的事……,"{""brace_token"":[],""escaped_control"":[],""literal_newline"":[],""markup_tag"":[],""printf_token"":[],""var_tag"":[]}",
HGHU-TW-004202,角色與劇情,……沒錯……一個<hgh_f c=0>大得多</hgh_f>的魔法進氣閥……,"{""brace_token"":[],""escaped_control"":[],""literal_newline"":[],""markup_tag"":[""</hgh_f>"",""<hgh_f c=0>""],""printf_token"":[],""var_tag"":[]}",
HGHU-TW-004203,角色與劇情,<hgh_f c=0>我發現了！</hgh_f>,"{""brace_token"":[],""escaped_control"":[],""literal_newline"":[],""markup_tag"":[""</hgh_f>"",""<hgh_f c=0>""],""printf_token"":[],""var_tag"":[]}",
HGHU-TW-004204,角色與劇情,總之，如果妳要去<hgh_f c=0>隔壁</hgh_f>的店，請把這張<hgh_f c=0>收據</hgh_f>帶上吧！,"{""brace_token"":[],""escaped_control"":[],""literal_newline"":[],""markup_tag"":[""</hgh_f>"",""</hgh_f>"",""<hgh_f c=0>"",""<hgh_f c=0>""],""printf_token"":[],""var_tag"":[]}",
HGHU-TW-004205,角色與劇情,這就是答案！,"{""brace_token"":[],""escaped_control"":[],""literal_newline"":[],""markup_tag"":[],""printf_token"":[],""var_tag"":[]}",
HGHU-TW-004206,角色與劇情,這是什麼？,"{""brace_token"":[],""escaped_control"":[],""literal_newline"":[],""markup_tag"":[],""printf_token"":[],""var_tag"":[]}",
HGHU-TW-004207,角色與劇情,那是一個<hgh_f c=0>魔法偏振器</hgh_f>。,"{""brace_token"":[],""escaped_control"":[],""literal_newline"":[],""markup_tag"":[""</hgh_f>"",""<hgh_f c=0>""],""printf_token"":[],""var_tag"":[]}",
HGHU-TW-004208,角色與劇情,有了這個物品，你就可以<hgh_f c=0>取消</hgh_f>反轉過程，並像<hgh_f c=0>避雷針</hgh_f>一樣<hgh_f c=0>重新導向</hgh_f><hgh_f c=0>魔法</hgh_f>！,"{""brace_token"":[],""escaped_control"":[],""literal_newline"":[],""markup_tag"":[""</hgh_f>"",""</hgh_f>"",""</hgh_f>"",""</hgh_f>"",""<hgh_f c=0>"",""<hgh_f c=0>"",""<hgh_f c=0>"",""<hgh_f c=0>""],""printf_token"":[],""var_tag"":[]}",
HGHU-TW-004209,角色與劇情,咦？,"{""brace_token"":[],""escaped_control"":[],""literal_newline"":[],""markup_tag"":[],""printf_token"":[],""var_tag"":[]}",
HGHU-TW-004210,角色與劇情,如果那個海盜試圖<hgh_f c=0>轉換</hgh_f>你的魔法，你就可以把它轉換<hgh_f c=0>回來</hgh_f>！,"{""brace_token"":[],""escaped_control"":[],""literal_newline"":[],""markup_tag"":[""</hgh_f>"",""</hgh_f>"",""<hgh_f c=0>"",""<hgh_f c=0>""],""printf_token"":[],""var_tag"":[]}",
HGHU-TW-004211,角色與劇情,酷！,"{""brace_token"":[],""escaped_control"":[],""literal_newline"":[],""markup_tag"":[],""printf_token"":[],""var_tag"":[]}",
HGHU-TW-004212,角色與劇情,這真的有用嗎？,"{""brace_token"":[],""escaped_control"":[],""literal_newline"":[],""markup_tag"":[],""printf_token"":[],""var_tag"":[]}",
HGHU-TW-004213,角色與劇情,不知道！但有總比沒有好。,"{""brace_token"":[],""escaped_control"":[],""literal_newline"":[],""markup_tag"":[],""printf_token"":[],""var_tag"":[]}",
HGHU-TW-004214,角色與劇情,拜託，她搞得定的。,"{""brace_token"":[],""escaped_control"":[],""literal_newline"":[],""markup_tag"":[],""printf_token"":[],""var_tag"":[]}",
HGHU-TW-004215,角色與劇情,去狠狠踢她的屁股吧，冠軍！,"{""brace_token"":[],""escaped_control"":[],""literal_newline"":[],""markup_tag"":[],""printf_token"":[],""var_tag"":[]}",
HGHU-TW-004216,角色與劇情,是時候一勞永逸地阻止 里絲琦・布茲 了！,"{""brace_token"":[],""escaped_control"":[],""literal_newline"":[],""markup_tag"":[],""printf_token"":[],""var_tag"":[]}",
HGHU-TW-004217,角色與劇情,就是現在！出發前別忘了做最後的物資補給！,"{""brace_token"":[],""escaped_control"":[],""literal_newline"":[],""markup_tag"":[],""printf_token"":[],""var_tag"":[]}",
HGHU-TW-004218,角色與劇情,史凱 正在等你，要載你一程！一定要平安回來！,"{""brace_token"":[],""escaped_control"":[],""literal_newline"":[],""markup_tag"":[],""printf_token"":[],""var_tag"":[]}",
HGHU-TW-004219,角色與劇情,如果你沒能活下來，你的大腦就歸我啦！,"{""brace_token"":[],""escaped_control"":[],""literal_newline"":[],""markup_tag"":[],""printf_token"":[],""var_tag"":[]}",
HGHU-TW-004220,角色與劇情,記住……如果妳<hgh_f c=0>迷路</hgh_f>了，就來找我要個<hgh_f c=0>免費提示</hgh_f>吧！,"{""brace_token"":[],""escaped_control"":[],""literal_newline"":[],""markup_tag"":[""</hgh_f>"",""</hgh_f>"",""<hgh_f c=0>"",""<hgh_f c=0>""],""printf_token"":[],""var_tag"":[]}",
HGHU-TW-004221,角色與劇情,史凱 正在等你，要載你一程！一定要平安回來！,"{""brace_token"":[],""escaped_control"":[],""literal_newline"":[],""markup_tag"":[],""printf_token"":[],""var_tag"":[]}",
HGHU-TW-004222,角色與劇情,如果你沒能活下來，你的大腦就歸我啦！,"{""brace_token"":[],""escaped_control"":[],""literal_newline"":[],""markup_tag"":[],""printf_token"":[],""var_tag"":[]}",
HGHU-TW-004223,角色與劇情,扳手已經準備好起飛了。你準備好對付 <hgh_f c=0>里絲琦・布茲</hgh_f> 了嗎？,"{""brace_token"":[],""escaped_control"":[],""literal_newline"":[],""markup_tag"":[""</hgh_f>"",""<hgh_f c=0>""],""printf_token"":[],""var_tag"":[]}",
HGHU-TW-004224,角色與劇情,包在我身上！,"{""brace_token"":[],""escaped_control"":[],""literal_newline"":[],""markup_tag"":[],""printf_token"":[],""var_tag"":[]}",
HGHU-TW-004225,角色與劇情,不管她煮了什麼<hgh_f c=0>邪惡配方</hgh_f>，你大可放心，我一定會把它<hgh_f c=0>吃掉</hgh_f>！,"{""brace_token"":[],""escaped_control"":[],""literal_newline"":[],""markup_tag"":[""</hgh_f>"",""</hgh_f>"",""<hgh_f c=0>"",""<hgh_f c=0>""],""printf_token"":[],""var_tag"":[]}",
HGHU-TW-004226,角色與劇情,那<hgh_f c=0>好</hgh_f>吧！,"{""brace_token"":[],""escaped_control"":[],""literal_newline"":[],""markup_tag"":[""</hgh_f>"",""<hgh_f c=0>""],""printf_token"":[],""var_tag"":[]}",
HGHU-TW-004227,角色與劇情,就是這裡了！,"{""brace_token"":[],""escaped_control"":[],""literal_newline"":[],""markup_tag"":[],""printf_token"":[],""var_tag"":[]}",
HGHU-TW-004228,角色與劇情,里絲琦・布茲 把<hgh_f c=0>發電機</hgh_f>藏在這附近的某個地方！,"{""brace_token"":[],""escaped_control"":[],""literal_newline"":[],""markup_tag"":[""</hgh_f>"",""<hgh_f c=0>""],""printf_token"":[],""var_tag"":[]}",
HGHU-TW-004229,角色與劇情,<hgh_f c=0>最後的警告</hgh_f>。,"{""brace_token"":[],""escaped_control"":[],""literal_newline"":[],""markup_tag"":[""</hgh_f>"",""<hgh_f c=0>""],""printf_token"":[],""var_tag"":[]}",
HGHU-TW-004230,角色與劇情,是你！,"{""brace_token"":[],""escaped_control"":[],""literal_newline"":[],""markup_tag"":[],""printf_token"":[],""var_tag"":[]}",
HGHU-TW-004231,角色與劇情,如果敵人成功將<hgh_f c=0>精靈界</hgh_f>轉變為<hgh_f c=0>邪惡</hgh_f>……,"{""brace_token"":[],""escaped_control"":[],""literal_newline"":[],""markup_tag"":[""</hgh_f>"",""</hgh_f>"",""<hgh_f c=0>"",""<hgh_f c=0>""],""printf_token"":[],""var_tag"":[]}",
HGHU-TW-004232,角色與劇情,……你必須<hgh_f c=0>摧毀我們</hgh_f>，以及我們身上帶著的魔法。,"{""brace_token"":[],""escaped_control"":[],""literal_newline"":[],""markup_tag"":[""</hgh_f>"",""<hgh_f c=0>""],""printf_token"":[],""var_tag"":[]}",
HGHU-TW-004233,角色與劇情,一旦<hgh_f c=0>猶豫</hgh_f>，你們的世界將<hgh_f c=0>永遠陷入黑暗</hgh_f>。,"{""brace_token"":[],""escaped_control"":[],""literal_newline"":[],""markup_tag"":[""</hgh_f>"",""</hgh_f>"",""<hgh_f c=0>"",""<hgh_f c=0>""],""printf_token"":[],""var_tag"":[]}",
HGHU-TW-004234,角色與劇情,我明白了。,"{""brace_token"":[],""escaped_control"":[],""literal_newline"":[],""markup_tag"":[],""printf_token"":[],""var_tag"":[]}",
HGHU-TW-004235,角色與劇情,我<hgh_f c=0>相信</hgh_f>我朋友們說的話。,"{""brace_token"":[],""escaped_control"":[],""literal_newline"":[],""markup_tag"":[""</hgh_f>"",""<hgh_f c=0>""],""printf_token"":[],""var_tag"":[]}",
HGHU-TW-004236,角色與劇情,我<hgh_f c=0>再</hgh_f>也不能覺得自己只有<hgh_f c=0>一半</hgh_f>夠好了。,"{""brace_token"":[],""escaped_control"":[],""literal_newline"":[],""markup_tag"":[""</hgh_f>"",""</hgh_f>"",""<hgh_f c=0>"",""<hgh_f c=0>""],""printf_token"":[],""var_tag"":[]}",
HGHU-TW-004237,角色與劇情,斯卡托鎮裡的每一個人……,"{""brace_token"":[],""escaped_control"":[],""literal_newline"":[],""markup_tag"":[],""printf_token"":[],""var_tag"":[]}",
HGHU-TW-004238,角色與劇情,亮片大陸……,"{""brace_token"":[],""escaped_control"":[],""literal_newline"":[],""markup_tag"":[],""printf_token"":[],""var_tag"":[]}",
HGHU-TW-004239,角色與劇情,<hgh_f c=0>整個精靈界</hgh_f>都在指望我！,"{""brace_token"":[],""escaped_control"":[],""literal_newline"":[],""markup_tag"":[""</hgh_f>"",""<hgh_f c=0>""],""printf_token"":[],""var_tag"":[]}",
HGHU-TW-004240,角色與劇情,我不惜一切代價也要阻止 里絲琦・布茲！,"{""brace_token"":[],""escaped_control"":[],""literal_newline"":[],""markup_tag"":[],""printf_token"":[],""var_tag"":[]}",
HGHU-TW-004241,角色與劇情,看來這裡是盡頭了。,"{""brace_token"":[],""escaped_control"":[],""literal_newline"":[],""markup_tag"":[],""printf_token"":[],""var_tag"":[]}",
HGHU-TW-004242,角色與劇情,我現在一定很接近了。,"{""brace_token"":[],""escaped_control"":[],""literal_newline"":[],""markup_tag"":[],""printf_token"":[],""var_tag"":[]}",
HGHU-TW-004243,角色與劇情,<hgh_f c=0>站住</hgh_f>，里絲琦！,"{""brace_token"":[],""escaped_control"":[],""literal_newline"":[],""markup_tag"":[""</hgh_f>"",""<hgh_f c=0>""],""printf_token"":[],""var_tag"":[]}",
HGHU-TW-004244,角色與劇情,我好喜歡那個<hgh_f c=0>笨蛋雕像</hgh_f>的水景設計！水從它鬆垮的下巴慢慢滴下來的感覺真是太放鬆了！,"{""brace_token"":[],""escaped_control"":[],""literal_newline"":[],""markup_tag"":[""</hgh_f>"",""<hgh_f c=0>""],""printf_token"":[],""var_tag"":[]}",
HGHU-TW-004245,角色與劇情,一切都在計畫中。,"{""brace_token"":[],""escaped_control"":[],""literal_newline"":[],""markup_tag"":[],""printf_token"":[],""var_tag"":[]}",
HGHU-TW-004246,角色與劇情,我猜像你這種乖乖牌，可能會找到反轉<hgh_f c=0>黑暗魔法</hgh_f>效果的方法。,"{""brace_token"":[],""escaped_control"":[],""literal_newline"":[],""markup_tag"":[""</hgh_f>"",""<hgh_f c=0>""],""printf_token"":[],""var_tag"":[]}",
HGHU-TW-004247,角色與劇情,我向你保證，這個過程現在已經不可逆轉了。,"{""brace_token"":[],""escaped_control"":[],""literal_newline"":[],""markup_tag"":[],""printf_token"":[],""var_tag"":[]}",
HGHU-TW-004248,角色與劇情,<hgh_f c=0>發電機</hgh_f>在哪裡，里絲琦？,"{""brace_token"":[],""escaped_control"":[],""literal_newline"":[],""markup_tag"":[""</hgh_f>"",""<hgh_f c=0>""],""printf_token"":[],""var_tag"":[]}",
HGHU-TW-004249,角色與劇情,呵呵呵！,"{""brace_token"":[],""escaped_control"":[],""literal_newline"":[],""markup_tag"":[],""printf_token"":[],""var_tag"":[]}",
HGHU-TW-004250,角色與劇情,你很快就會看到了。,"{""brace_token"":[],""escaped_control"":[],""literal_newline"":[],""markup_tag"":[],""printf_token"":[],""var_tag"":[]}",
HGHU-TW-004251,角色與劇情,它正受到我的<hgh_f c=0>叮咯鬼們</hgh_f>無微不至的照顧。,"{""brace_token"":[],""escaped_control"":[],""literal_newline"":[],""markup_tag"":[""</hgh_f>"",""<hgh_f c=0>""],""printf_token"":[],""var_tag"":[]}",
HGHU-TW-004252,角色與劇情,我的手下一直在不知疲倦地工作，以解開這台發電機的<hgh_f c=0>全部潛能</hgh_f>。,"{""brace_token"":[],""escaped_control"":[],""literal_newline"":[],""markup_tag"":[""</hgh_f>"",""<hgh_f c=0>""],""printf_token"":[],""var_tag"":[]}",
HGHU-TW-004253,角色與劇情,它將會超越你那目光短淺的叔叔所能<hgh_f c=0>夢想</hgh_f>的一切！,"{""brace_token"":[],""escaped_control"":[],""literal_newline"":[],""markup_tag"":[""</hgh_f>"",""<hgh_f c=0>""],""printf_token"":[],""var_tag"":[]}",
HGHU-TW-004254,角色與劇情,但在他們完成工作之前……,"{""brace_token"":[],""escaped_control"":[],""literal_newline"":[],""markup_tag"":[],""printf_token"":[],""var_tag"":[]}",
HGHU-TW-004255,角色與劇情,我絕不允許你插手干預！！,"{""brace_token"":[],""escaped_control"":[],""literal_newline"":[],""markup_tag"":[],""printf_token"":[],""var_tag"":[]}",
HGHU-TW-004256,角色與劇情,到此為止了，里絲琦・布茲！,"{""brace_token"":[],""escaped_control"":[],""literal_newline"":[],""markup_tag"":[],""printf_token"":[],""var_tag"":[]}",
HGHU-TW-004257,角色與劇情,放棄吧！,"{""brace_token"":[],""escaped_control"":[],""literal_newline"":[],""markup_tag"":[],""printf_token"":[],""var_tag"":[]}",
HGHU-TW-004258,角色與劇情,哈！,"{""brace_token"":[],""escaped_control"":[],""literal_newline"":[],""markup_tag"":[],""printf_token"":[],""var_tag"":[]}",
HGHU-TW-004259,角色與劇情,你太遲了！,"{""brace_token"":[],""escaped_control"":[],""literal_newline"":[],""markup_tag"":[],""printf_token"":[],""var_tag"":[]}",
HGHU-TW-004260,角色與劇情,現在，讓我向你介紹我計畫的<hgh_f c=0>最終階段</hgh_f>！,"{""brace_token"":[],""escaped_control"":[],""literal_newline"":[],""markup_tag"":[""</hgh_f>"",""<hgh_f c=0>""],""printf_token"":[],""var_tag"":[]}",
HGHU-TW-004261,角色與劇情,看吧！,"{""brace_token"":[],""escaped_control"":[],""literal_newline"":[],""markup_tag"":[],""printf_token"":[],""var_tag"":[]}",
HGHU-TW-004262,角色與劇情,這、這是什麼？,"{""brace_token"":[],""escaped_control"":[],""literal_newline"":[],""markup_tag"":[],""printf_token"":[],""var_tag"":[]}",
HGHU-TW-004263,角色與劇情,<hgh_f c=0>全新改良版的發電機！！</hgh_f>,"{""brace_token"":[],""escaped_control"":[],""literal_newline"":[],""markup_tag"":[""</hgh_f>"",""<hgh_f c=0>""],""printf_token"":[],""var_tag"":[]}",
HGHU-TW-004264,角色與劇情,你對它做了什麼？！,"{""brace_token"":[],""escaped_control"":[],""literal_newline"":[],""markup_tag"":[],""printf_token"":[],""var_tag"":[]}",
HGHU-TW-004265,角色與劇情,我的叮咯鬼們已經全方位<hgh_f c=0>提升了它的潛能</hgh_f>！,"{""brace_token"":[],""escaped_control"":[],""literal_newline"":[],""markup_tag"":[""</hgh_f>"",""<hgh_f c=0>""],""printf_token"":[],""var_tag"":[]}",
HGHU-TW-004266,角色與劇情,我<hgh_f c=0>勝利</hgh_f>的時刻到了！,"{""brace_token"":[],""escaped_control"":[],""literal_newline"":[],""markup_tag"":[""</hgh_f>"",""<hgh_f c=0>""],""printf_token"":[],""var_tag"":[]}",
HGHU-TW-004267,角色與劇情,看著吧，看我如何將你珍貴的<hgh_f c=0>精靈界</hgh_f>……,"{""brace_token"":[],""escaped_control"":[],""literal_newline"":[],""markup_tag"":[""</hgh_f>"",""<hgh_f c=0>""],""printf_token"":[],""var_tag"":[]}",
HGHU-TW-004268,角色與劇情,<hgh_f c=0>徹底翻轉過來</hgh_f>！,"{""brace_token"":[],""escaped_control"":[],""literal_newline"":[],""markup_tag"":[""</hgh_f>"",""<hgh_f c=0>""],""printf_token"":[],""var_tag"":[]}",
HGHU-TW-004269,角色與劇情,呵呵呵！,"{""brace_token"":[],""escaped_control"":[],""literal_newline"":[],""markup_tag"":[],""printf_token"":[],""var_tag"":[]}",
HGHU-TW-004270,角色與劇情,她要打開通往<hgh_f c=0>精靈界</hgh_f>的通道了！,"{""brace_token"":[],""escaped_control"":[],""literal_newline"":[],""markup_tag"":[""</hgh_f>"",""<hgh_f c=0>""],""printf_token"":[],""var_tag"":[]}",
HGHU-TW-004271,角色與劇情,我必須在太遲之前<hgh_f c=0>摧毀那台發電機</hgh_f>！！,"{""brace_token"":[],""escaped_control"":[],""literal_newline"":[],""markup_tag"":[""</hgh_f>"",""<hgh_f c=0>""],""printf_token"":[],""var_tag"":[]}",
HGHU-TW-004272,角色與劇情,呼！好險！,"{""brace_token"":[],""escaped_control"":[],""literal_newline"":[],""markup_tag"":[],""printf_token"":[],""var_tag"":[]}",
HGHU-TW-004273,角色與劇情,我<hgh_f c=0>及時</hgh_f><hgh_f c=0>關閉</hgh_f>了發電機！,"{""brace_token"":[],""escaped_control"":[],""literal_newline"":[],""markup_tag"":[""</hgh_f>"",""</hgh_f>"",""<hgh_f c=0>"",""<hgh_f c=0>""],""printf_token"":[],""var_tag"":[]}",
HGHU-TW-004274,角色與劇情,而且<hgh_f c=0>精靈界</hgh_f>也安然無恙了！,"{""brace_token"":[],""escaped_control"":[],""literal_newline"":[],""markup_tag"":[""</hgh_f>"",""<hgh_f c=0>""],""printf_token"":[],""var_tag"":[]}",
HGHU-TW-004275,角色與劇情,咦？,"{""brace_token"":[],""escaped_control"":[],""literal_newline"":[],""markup_tag"":[],""printf_token"":[],""var_tag"":[]}",
HGHU-TW-004276,角色與劇情,那個聲音！,"{""brace_token"":[],""escaped_control"":[],""literal_newline"":[],""markup_tag"":[],""printf_token"":[],""var_tag"":[]}",
HGHU-TW-004277,角色與劇情,你已經<hgh_f c=0>英勇奮戰</hgh_f>並成就了這麼多。,"{""brace_token"":[],""escaped_control"":[],""literal_newline"":[],""markup_tag"":[""</hgh_f>"",""<hgh_f c=0>""],""printf_token"":[],""var_tag"":[]}",
HGHU-TW-004278,角色與劇情,<hgh_f c=0>精靈</hgh_f>的<hgh_f c=0>女兒</hgh_f>……,"{""brace_token"":[],""escaped_control"":[],""literal_newline"":[],""markup_tag"":[""</hgh_f>"",""</hgh_f>"",""<hgh_f c=0>"",""<hgh_f c=0>""],""printf_token"":[],""var_tag"":[]}",
HGHU-TW-004279,角色與劇情,是你們！,"{""brace_token"":[],""escaped_control"":[],""literal_newline"":[],""markup_tag"":[],""printf_token"":[],""var_tag"":[]}",
HGHU-TW-004280,角色與劇情,你為了服務他人，一次又一次地冒著生命危險為<hgh_f c=0>正義</hgh_f>而戰。,"{""brace_token"":[],""escaped_control"":[],""literal_newline"":[],""markup_tag"":[""</hgh_f>"",""<hgh_f c=0>""],""printf_token"":[],""var_tag"":[]}",
HGHU-TW-004281,角色與劇情,博羅！,"{""brace_token"":[],""escaped_control"":[],""literal_newline"":[],""markup_tag"":[],""printf_token"":[],""var_tag"":[]}",
HGHU-TW-004282,角色與劇情,我們對你的善良與忠誠永遠心存<hgh_f c=0>感激</hgh_f>。,"{""brace_token"":[],""escaped_control"":[],""literal_newline"":[],""markup_tag"":[""</hgh_f>"",""<hgh_f c=0>""],""printf_token"":[],""var_tag"":[]}",
HGHU-TW-004283,角色與劇情,代表<hgh_f c=0>整個精靈界</hgh_f>……,"{""brace_token"":[],""escaped_control"":[],""literal_newline"":[],""markup_tag"":[""</hgh_f>"",""<hgh_f c=0>""],""printf_token"":[],""var_tag"":[]}",
HGHU-TW-004284,角色與劇情,我們打從<hgh_f c=0>心底</hgh_f><hgh_f c=0>感謝你</hgh_f>。,"{""brace_token"":[],""escaped_control"":[],""literal_newline"":[],""markup_tag"":[""</hgh_f>"",""</hgh_f>"",""<hgh_f c=0>"",""<hgh_f c=0>""],""printf_token"":[],""var_tag"":[]}",
HGHU-TW-004285,角色與劇情,不會吧！,"{""brace_token"":[],""escaped_control"":[],""literal_newline"":[],""markup_tag"":[],""printf_token"":[],""var_tag"":[]}",
HGHU-TW-004286,角色與劇情,這是……,"{""brace_token"":[],""escaped_control"":[],""literal_newline"":[],""markup_tag"":[],""printf_token"":[],""var_tag"":[]}",
HGHU-TW-004287,角色與劇情,你在<hgh_f c=0>澡堂</hgh_f>裡做什麼？,"{""brace_token"":[],""escaped_control"":[],""literal_newline"":[],""markup_tag"":[""</hgh_f>"",""<hgh_f c=0>""],""printf_token"":[],""var_tag"":[]}",
HGHU-TW-004288,角色與劇情,……<hgh_f c=0>精靈界</hgh_f>嗎？,"{""brace_token"":[],""escaped_control"":[],""literal_newline"":[],""markup_tag"":[""</hgh_f>"",""<hgh_f c=0>""],""printf_token"":[],""var_tag"":[]}",
HGHU-TW-004289,角色與劇情,<hgh_f c=0>不幸的是</hgh_f>……,"{""brace_token"":[],""escaped_control"":[],""literal_newline"":[],""markup_tag"":[""</hgh_f>"",""<hgh_f c=0>""],""printf_token"":[],""var_tag"":[]}",
HGHU-TW-004290,角色與劇情,... !,"{""brace_token"":[],""escaped_control"":[],""literal_newline"":[],""markup_tag"":[],""printf_token"":[],""var_tag"":[]}",
HGHU-TW-004291,角色與劇情,<hgh_f c=0>我們魔法的腐化</hgh_f>……,"{""brace_token"":[],""escaped_control"":[],""literal_newline"":[],""markup_tag"":[""</hgh_f>"",""<hgh_f c=0>""],""printf_token"":[],""var_tag"":[]}",
HGHU-TW-004292,角色與劇情,……<hgh_f c=0>已經開始了。</hgh_f>,"{""brace_token"":[],""escaped_control"":[],""literal_newline"":[],""markup_tag"":[""</hgh_f>"",""<hgh_f c=0>""],""printf_token"":[],""var_tag"":[]}",
HGHU-TW-004293,角色與劇情,我們懇求你……,"{""brace_token"":[],""escaped_control"":[],""literal_newline"":[],""markup_tag"":[],""printf_token"":[],""var_tag"":[]}",
HGHU-TW-004294,角色與劇情,<hgh_f c=0>不擇手段</hgh_f>以確保<hgh_f c=0>和平</hgh_f>。,"{""brace_token"":[],""escaped_control"":[],""literal_newline"":[],""markup_tag"":[""</hgh_f>"",""</hgh_f>"",""<hgh_f c=0>"",""<hgh_f c=0>""],""printf_token"":[],""var_tag"":[]}",
HGHU-TW-004295,角色與劇情,叔叔還在等你送包裹過去呢！,"{""brace_token"":[],""escaped_control"":[],""literal_newline"":[],""markup_tag"":[],""printf_token"":[],""var_tag"":[]}",
HGHU-TW-004296,角色與劇情,呵呵呵！,"{""brace_token"":[],""escaped_control"":[],""literal_newline"":[],""markup_tag"":[],""printf_token"":[],""var_tag"":[]}",
HGHU-TW-004297,角色與劇情,我<hgh_f c=0>終於辦到了</hgh_f>！,"{""brace_token"":[],""escaped_control"":[],""literal_newline"":[],""markup_tag"":[""</hgh_f>"",""<hgh_f c=0>""],""printf_token"":[],""var_tag"":[]}",
HGHU-TW-004298,角色與劇情,<hgh_f c=0>魔法領域</hgh_f>的正<hgh_f c=0>中心</hgh_f>！,"{""brace_token"":[],""escaped_control"":[],""literal_newline"":[],""markup_tag"":[""</hgh_f>"",""</hgh_f>"",""<hgh_f c=0>"",""<hgh_f c=0>""],""printf_token"":[],""var_tag"":[]}",
HGHU-TW-004299,角色與劇情,精靈的力量將會是我的！,"{""brace_token"":[],""escaped_control"":[],""literal_newline"":[],""markup_tag"":[],""printf_token"":[],""var_tag"":[]}",
HGHU-TW-004300,角色與劇情,現在，聽從我的<hgh_f c=0>命令</hgh_f>！,"{""brace_token"":[],""escaped_control"":[],""literal_newline"":[],""markup_tag"":[""</hgh_f>"",""<hgh_f c=0>""],""printf_token"":[],""var_tag"":[]}",
HGHU-TW-004301,角色與劇情,<hgh_f c=0>臣服於我</hgh_f>，你們的<hgh_f c=0>絕對統治者</hgh_f>！！,"{""brace_token"":[],""escaped_control"":[],""literal_newline"":[],""markup_tag"":[""</hgh_f>"",""</hgh_f>"",""<hgh_f c=0>"",""<hgh_f c=0>""],""printf_token"":[],""var_tag"":[]}",
HGHU-TW-004302,角色與劇情,你跑錯店了，你這個笨蛋！,"{""brace_token"":[],""escaped_control"":[],""literal_newline"":[],""markup_tag"":[],""printf_token"":[],""var_tag"":[]}",
HGHU-TW-004303,角色與劇情,發生了什麼事？,"{""brace_token"":[],""escaped_control"":[],""literal_newline"":[],""markup_tag"":[],""printf_token"":[],""var_tag"":[]}",
HGHU-TW-004304,角色與劇情,<hgh_f c=0>不</hgh_f>！！！,"{""brace_token"":[],""escaped_control"":[],""literal_newline"":[],""markup_tag"":[""</hgh_f>"",""<hgh_f c=0>""],""printf_token"":[],""var_tag"":[]}",
HGHU-TW-004305,角色與劇情,成功了！！,"{""brace_token"":[],""escaped_control"":[],""literal_newline"":[],""markup_tag"":[],""printf_token"":[],""var_tag"":[]}",
HGHU-TW-004306,角色與劇情,<hgh_f c=0>精靈的力量</hgh_f>是我的了！,"{""brace_token"":[],""escaped_control"":[],""literal_newline"":[],""markup_tag"":[""</hgh_f>"",""<hgh_f c=0>""],""printf_token"":[],""var_tag"":[]}",
HGHU-TW-004307,角色與劇情,而<hgh_f c=0>這個世界</hgh_f>將<hgh_f c=0>向我鞠躬稱臣</hgh_f>！！,"{""brace_token"":[],""escaped_control"":[],""literal_newline"":[],""markup_tag"":[""</hgh_f>"",""</hgh_f>"",""<hgh_f c=0>"",""<hgh_f c=0>""],""printf_token"":[],""var_tag"":[]}",
HGHU-TW-004308,角色與劇情,哈 哈哈——哈哈——哈哈哈哈哈！！！！,"{""brace_token"":[],""escaped_control"":[],""literal_newline"":[],""markup_tag"":[],""printf_token"":[],""var_tag"":[]}",
HGHU-TW-004309,角色與劇情,這個女人……,"{""brace_token"":[],""escaped_control"":[],""literal_newline"":[],""markup_tag"":[],""printf_token"":[],""var_tag"":[]}",
HGHU-TW-004310,角色與劇情,我別無選擇！,"{""brace_token"":[],""escaped_control"":[],""literal_newline"":[],""markup_tag"":[],""printf_token"":[],""var_tag"":[]}",
HGHU-TW-004311,角色與劇情,在 里絲琦 奪取她們的力量之前……,"{""brace_token"":[],""escaped_control"":[],""literal_newline"":[],""markup_tag"":[],""printf_token"":[],""var_tag"":[]}",
HGHU-TW-004312,角色與劇情,<hgh_f c=0>我必須這麼做！</hgh_f>,"{""brace_token"":[],""escaped_control"":[],""literal_newline"":[],""markup_tag"":[""</hgh_f>"",""<hgh_f c=0>""],""printf_token"":[],""var_tag"":[]}",
HGHU-TW-004313,角色與劇情,我不惜<hgh_f c=0>任何代價</hgh_f>也要<hgh_f c=0>摧毀精靈界</hgh_f>！！,"{""brace_token"":[],""escaped_control"":[],""literal_newline"":[],""markup_tag"":[""</hgh_f>"",""</hgh_f>"",""<hgh_f c=0>"",""<hgh_f c=0>""],""printf_token"":[],""var_tag"":[]}",
HGHU-TW-004314,角色與劇情,<hgh_f c=0>蠢貨</hgh_f>！！,"{""brace_token"":[],""escaped_control"":[],""literal_newline"":[],""markup_tag"":[""</hgh_f>"",""<hgh_f c=0>""],""printf_token"":[],""var_tag"":[]}",
HGHU-TW-004315,角色與劇情,笨蛋！！,"{""brace_token"":[],""escaped_control"":[],""literal_newline"":[],""markup_tag"":[],""printf_token"":[],""var_tag"":[]}",
HGHU-TW-004316,角色與劇情,她就像……,"{""brace_token"":[],""escaped_control"":[],""literal_newline"":[],""markup_tag"":[],""printf_token"":[],""var_tag"":[]}",
HGHU-TW-004317,角色與劇情,<hgh_f c=0>該死的沒用的傢伙</hgh_f>！！,"{""brace_token"":[],""escaped_control"":[],""literal_newline"":[],""markup_tag"":[""</hgh_f>"",""<hgh_f c=0>""],""printf_token"":[],""var_tag"":[]}",
HGHU-TW-004318,角色與劇情,<hgh_f c=0>愛管閒事的可悲小鬼</hgh_f>！！,"{""brace_token"":[],""escaped_control"":[],""literal_newline"":[],""markup_tag"":[""</hgh_f>"",""<hgh_f c=0>""],""printf_token"":[],""var_tag"":[]}",
HGHU-TW-004319,角色與劇情,<hgh_f c=0>你毀了一切</hgh_f>！！,"{""brace_token"":[],""escaped_control"":[],""literal_newline"":[],""markup_tag"":[""</hgh_f>"",""<hgh_f c=0>""],""printf_token"":[],""var_tag"":[]}",
HGHU-TW-004320,角色與劇情,我那<hgh_f c=0>完美的</hgh_f>……,"{""brace_token"":[],""escaped_control"":[],""literal_newline"":[],""markup_tag"":[""</hgh_f>"",""<hgh_f c=0>""],""printf_token"":[],""var_tag"":[]}",
HGHU-TW-004321,角色與劇情,<hgh_f c=0>完美計畫！</hgh_f>,"{""brace_token"":[],""escaped_control"":[],""literal_newline"":[],""markup_tag"":[""</hgh_f>"",""<hgh_f c=0>""],""printf_token"":[],""var_tag"":[]}",
HGHU-TW-004322,角色與劇情,<hgh_f c=0>我差點</hgh_f>就擁有了<hgh_f c=0>一切！！！</hgh_f>,"{""brace_token"":[],""escaped_control"":[],""literal_newline"":[],""markup_tag"":[""</hgh_f>"",""</hgh_f>"",""<hgh_f c=0>"",""<hgh_f c=0>""],""printf_token"":[],""var_tag"":[]}",
HGHU-TW-004323,角色與劇情,但<hgh_f c=0>現在</hgh_f>……,"{""brace_token"":[],""escaped_control"":[],""literal_newline"":[],""markup_tag"":[""</hgh_f>"",""<hgh_f c=0>""],""printf_token"":[],""var_tag"":[]}",
HGHU-TW-004324,角色與劇情,我會得到一種<hgh_f c=0>滿足感</hgh_f>……,"{""brace_token"":[],""escaped_control"":[],""literal_newline"":[],""markup_tag"":[""</hgh_f>"",""<hgh_f c=0>""],""printf_token"":[],""var_tag"":[]}",
HGHU-TW-004325,角色與劇情,……那就是把你<hgh_f c=0>直接送進烈火的墳墓！</hgh_f>,"{""brace_token"":[],""escaped_control"":[],""literal_newline"":[],""markup_tag"":[""</hgh_f>"",""<hgh_f c=0>""],""printf_token"":[],""var_tag"":[]}",
HGHU-TW-004326,角色與劇情,……一個澡堂天使……,"{""brace_token"":[],""escaped_control"":[],""literal_newline"":[],""markup_tag"":[],""printf_token"":[],""var_tag"":[]}",
HGHU-TW-004327,角色與劇情,呵呵哈哈哈哈哈！！！！,"{""brace_token"":[],""escaped_control"":[],""literal_newline"":[],""markup_tag"":[],""printf_token"":[],""var_tag"":[]}",
HGHU-TW-004328,角色與劇情,我<hgh_f c=0>必須</hgh_f><hgh_f c=0>逃出</hgh_f>這裡！,"{""brace_token"":[],""escaped_control"":[],""literal_newline"":[],""markup_tag"":[""</hgh_f>"",""</hgh_f>"",""<hgh_f c=0>"",""<hgh_f c=0>""],""printf_token"":[],""var_tag"":[]}",
HGHU-TW-004329,角色與劇情,咦？,"{""brace_token"":[],""escaped_control"":[],""literal_newline"":[],""markup_tag"":[],""printf_token"":[],""var_tag"":[]}",
HGHU-TW-004330,角色與劇情,這是什麼？,"{""brace_token"":[],""escaped_control"":[],""literal_newline"":[],""markup_tag"":[],""printf_token"":[],""var_tag"":[]}",
HGHU-TW-004331,角色與劇情,老天爺，別又來了。,"{""brace_token"":[],""escaped_control"":[],""literal_newline"":[],""markup_tag"":[],""printf_token"":[],""var_tag"":[]}",
HGHU-TW-004332,角色與劇情,抓緊了！,"{""brace_token"":[],""escaped_control"":[],""literal_newline"":[],""markup_tag"":[],""printf_token"":[],""var_tag"":[]}",
HGHU-TW-004333,角色與劇情,我們要離開這裡了！！,"{""brace_token"":[],""escaped_control"":[],""literal_newline"":[],""markup_tag"":[],""printf_token"":[],""var_tag"":[]}",
HGHU-TW-004334,角色與劇情,快點！,"{""brace_token"":[],""escaped_control"":[],""literal_newline"":[],""markup_tag"":[],""printf_token"":[],""var_tag"":[]}",
HGHU-TW-004335,角色與劇情,史凱！,"{""brace_token"":[],""escaped_control"":[],""literal_newline"":[],""markup_tag"":[],""printf_token"":[],""var_tag"":[]}",
HGHU-TW-004336,角色與劇情,<hgh_f c=0>抓緊啊</hgh_f>！！,"{""brace_token"":[],""escaped_control"":[],""literal_newline"":[],""markup_tag"":[""</hgh_f>"",""<hgh_f c=0>""],""printf_token"":[],""var_tag"":[]}",
HGHU-TW-004337,角色與劇情,哇啊啊啊啊！,"{""brace_token"":[],""escaped_control"":[],""literal_newline"":[],""markup_tag"":[],""printf_token"":[],""var_tag"":[]}",
HGHU-TW-004338,角色與劇情,清醒點！,"{""brace_token"":[],""escaped_control"":[],""literal_newline"":[],""markup_tag"":[],""printf_token"":[],""var_tag"":[]}",
HGHU-TW-004339,角色與劇情,呼！我們成功了！,"{""brace_token"":[],""escaped_control"":[],""literal_newline"":[],""markup_tag"":[],""printf_token"":[],""var_tag"":[]}",
HGHU-TW-004340,角色與劇情,真是千鈞一髮。太驚險了。,"{""brace_token"":[],""escaped_control"":[],""literal_newline"":[],""markup_tag"":[],""printf_token"":[],""var_tag"":[]}",
HGHU-TW-004341,角色與劇情,謝謝你載我一程，史凱。,"{""brace_token"":[],""escaped_control"":[],""literal_newline"":[],""markup_tag"":[],""printf_token"":[],""var_tag"":[]}",
HGHU-TW-004342,角色與劇情,總得有人看著你才行！,"{""brace_token"":[],""escaped_control"":[],""literal_newline"":[],""markup_tag"":[],""printf_token"":[],""var_tag"":[]}",
HGHU-TW-004343,角色與劇情,……視線移不開……,"{""brace_token"":[],""escaped_control"":[],""literal_newline"":[],""markup_tag"":[],""printf_token"":[],""var_tag"":[]}",
HGHU-TW-004344,角色與劇情,看來亮片大陸又一次免於邪惡的威脅了！,"{""brace_token"":[],""escaped_control"":[],""literal_newline"":[],""markup_tag"":[],""printf_token"":[],""var_tag"":[]}",
HGHU-TW-004345,角色與劇情,是啊！多虧了我們的半精靈英雄！,"{""brace_token"":[],""escaped_control"":[],""literal_newline"":[],""markup_tag"":[],""printf_token"":[],""var_tag"":[]}",
HGHU-TW-004346,角色與劇情,嘿……沒有你們我是做不到的！,"{""brace_token"":[],""escaped_control"":[],""literal_newline"":[],""markup_tag"":[],""printf_token"":[],""var_tag"":[]}",
HGHU-TW-004347,角色與劇情,等等！,"{""brace_token"":[],""escaped_control"":[],""literal_newline"":[],""markup_tag"":[],""printf_token"":[],""var_tag"":[]}",
HGHU-TW-004348,角色與劇情,算了，我去找她聊聊。,"{""brace_token"":[],""escaped_control"":[],""literal_newline"":[],""markup_tag"":[],""printf_token"":[],""var_tag"":[]}",
HGHU-TW-004349,角色與劇情,市長？,"{""brace_token"":[],""escaped_control"":[],""literal_newline"":[],""markup_tag"":[],""printf_token"":[],""var_tag"":[]}",
HGHU-TW-004350,角色與劇情,所以，呃……,"{""brace_token"":[],""escaped_control"":[],""literal_newline"":[],""markup_tag"":[],""printf_token"":[],""var_tag"":[]}",
HGHU-TW-004351,角色與劇情,斯卡托鎮已經修復得差不多了，而且……,"{""brace_token"":[],""escaped_control"":[],""literal_newline"":[],""markup_tag"":[],""printf_token"":[],""var_tag"":[]}",
HGHU-TW-004352,角色與劇情,<hgh_f c=0>守護精靈</hgh_f>的職位仍然空缺。,"{""brace_token"":[],""escaped_control"":[],""literal_newline"":[],""markup_tag"":[""</hgh_f>"",""<hgh_f c=0>""],""printf_token"":[],""var_tag"":[]}",
HGHU-TW-004353,角色與劇情,你……是想問 桑塔 什麼事嗎，市長？,"{""brace_token"":[],""escaped_control"":[],""literal_newline"":[],""markup_tag"":[],""printf_token"":[],""var_tag"":[]}",
HGHU-TW-004354,角色與劇情,哦，好的。,"{""brace_token"":[],""escaped_control"":[],""literal_newline"":[],""markup_tag"":[],""printf_token"":[],""var_tag"":[]}",
HGHU-TW-004355,角色與劇情,我想不出有誰比你更符合資格了。,"{""brace_token"":[],""escaped_control"":[],""literal_newline"":[],""markup_tag"":[],""printf_token"":[],""var_tag"":[]}",
HGHU-TW-004356,角色與劇情,你願意回來嗎？,"{""brace_token"":[],""escaped_control"":[],""literal_newline"":[],""markup_tag"":[],""printf_token"":[],""var_tag"":[]}",
HGHU-TW-004357,角色與劇情,拜託妳了啦？,"{""brace_token"":[],""escaped_control"":[],""literal_newline"":[],""markup_tag"":[],""printf_token"":[],""var_tag"":[]}",
HGHU-TW-004358,角色與劇情,我根本就沒離開過！,"{""brace_token"":[],""escaped_control"":[],""literal_newline"":[],""markup_tag"":[],""printf_token"":[],""var_tag"":[]}",
HGHU-TW-004359,角色與劇情,呼！我還以為我得穿上那件紅色小衣服然後開始跳舞呢，你知道嗎？,"{""brace_token"":[],""escaped_control"":[],""literal_newline"":[],""markup_tag"":[],""printf_token"":[],""var_tag"":[]}",
HGHU-TW-004360,角色與劇情,哈哈哈！哦，市長。,"{""brace_token"":[],""escaped_control"":[],""literal_newline"":[],""markup_tag"":[],""printf_token"":[],""var_tag"":[]}",
HGHU-TW-004361,角色與劇情,所以，我想我還是別那樣做了。,"{""brace_token"":[],""escaped_control"":[],""literal_newline"":[],""markup_tag"":[],""printf_token"":[],""var_tag"":[]}",
HGHU-TW-004362,角色與劇情,同意。,"{""brace_token"":[],""escaped_control"":[],""literal_newline"":[],""markup_tag"":[],""printf_token"":[],""var_tag"":[]}",
HGHU-TW-004363,角色與劇情,總之，大家向<hgh_f c=0>斯卡托鎮</hgh_f>的新<hgh_f c=0>守護精靈</hgh_f>問好吧！耶！,"{""brace_token"":[],""escaped_control"":[],""literal_newline"":[],""markup_tag"":[""</hgh_f>"",""</hgh_f>"",""<hgh_f c=0>"",""<hgh_f c=0>""],""printf_token"":[],""var_tag"":[]}",
HGHU-TW-004364,角色與劇情,我覺得他做了個極好的選擇。,"{""brace_token"":[],""escaped_control"":[],""literal_newline"":[],""markup_tag"":[],""printf_token"":[],""var_tag"":[]}",
HGHU-TW-004365,角色與劇情,<hgh_f c=0>孩子們</hgh_f>！,"{""brace_token"":[],""escaped_control"":[],""literal_newline"":[],""markup_tag"":[""</hgh_f>"",""<hgh_f c=0>""],""printf_token"":[],""var_tag"":[]}",
HGHU-TW-004366,角色與劇情,謝天謝地，你平安無事地逃出來了！,"{""brace_token"":[],""escaped_control"":[],""literal_newline"":[],""markup_tag"":[],""printf_token"":[],""var_tag"":[]}",
HGHU-TW-004367,角色與劇情,當我看到火山爆發時，我好怕會失去你！,"{""brace_token"":[],""escaped_control"":[],""literal_newline"":[],""markup_tag"":[],""printf_token"":[],""var_tag"":[]}",
HGHU-TW-004368,角色與劇情,我沒事，而且亮片大陸也安全了，這都多虧了你們。,"{""brace_token"":[],""escaped_control"":[],""literal_newline"":[],""markup_tag"":[],""printf_token"":[],""var_tag"":[]}",
HGHU-TW-004369,角色與劇情,是啊，我這次可是幫了大忙呢。,"{""brace_token"":[],""escaped_control"":[],""literal_newline"":[],""markup_tag"":[],""printf_token"":[],""var_tag"":[]}",
HGHU-TW-004370,角色與劇情,感覺自己滿像英雄的，你知道吧？,"{""brace_token"":[],""escaped_control"":[],""literal_newline"":[],""markup_tag"":[],""printf_token"":[],""var_tag"":[]}",
HGHU-TW-004371,角色與劇情,我想我會開個道場。開始訓練下一批英雄。,"{""brace_token"":[],""escaped_control"":[],""literal_newline"":[],""markup_tag"":[],""printf_token"":[],""var_tag"":[]}",
HGHU-TW-004372,角色與劇情,夢想總是要遠大一點！！,"{""brace_token"":[],""escaped_control"":[],""literal_newline"":[],""markup_tag"":[],""printf_token"":[],""var_tag"":[]}",
HGHU-TW-004373,角色與劇情,我也要準備出發了。,"{""brace_token"":[],""escaped_control"":[],""literal_newline"":[],""markup_tag"":[],""printf_token"":[],""var_tag"":[]}",
HGHU-TW-004374,角色與劇情,噢，博羅……,"{""brace_token"":[],""escaped_control"":[],""literal_newline"":[],""markup_tag"":[],""printf_token"":[],""var_tag"":[]}",
HGHU-TW-004375,角色與劇情,我的兄弟，阿布納 和 坡……,"{""brace_token"":[],""escaped_control"":[],""literal_newline"":[],""markup_tag"":[],""printf_token"":[],""var_tag"":[]}",
HGHU-TW-004376,角色與劇情,他們正考慮翻修北方那棟舊豪宅。,"{""brace_token"":[],""escaped_control"":[],""literal_newline"":[],""markup_tag"":[],""printf_token"":[],""var_tag"":[]}",
HGHU-TW-004377,角色與劇情,太酷了！,"{""brace_token"":[],""escaped_control"":[],""literal_newline"":[],""markup_tag"":[],""printf_token"":[],""var_tag"":[]}",
HGHU-TW-004378,角色與劇情,我會去幫忙，但在那之後……,"{""brace_token"":[],""escaped_control"":[],""literal_newline"":[],""markup_tag"":[],""printf_token"":[],""var_tag"":[]}",
HGHU-TW-004379,角色與劇情,嗯，我想我會去找<hgh_f c=0>殭屍商隊</hgh_f>，到處旅行一下。,"{""brace_token"":[],""escaped_control"":[],""literal_newline"":[],""markup_tag"":[""</hgh_f>"",""<hgh_f c=0>""],""printf_token"":[],""var_tag"":[]}",
HGHU-TW-004380,角色與劇情,我想念我的馬車了，而且我想去看看更多外面的世界！,"{""brace_token"":[],""escaped_control"":[],""literal_newline"":[],""markup_tag"":[],""printf_token"":[],""var_tag"":[]}",
HGHU-TW-004381,角色與劇情,還有……,"{""brace_token"":[],""escaped_control"":[],""literal_newline"":[],""markup_tag"":[],""printf_token"":[],""var_tag"":[]}",
HGHU-TW-004382,角色與劇情,你應該跟我一起去！,"{""brace_token"":[],""escaped_control"":[],""literal_newline"":[],""markup_tag"":[],""printf_token"":[],""var_tag"":[]}",
HGHU-TW-004383,角色與劇情,殭屍公路之旅？,"{""brace_token"":[],""escaped_control"":[],""literal_newline"":[],""markup_tag"":[],""printf_token"":[],""var_tag"":[]}",
HGHU-TW-004384,角色與劇情,好啊，有何不可？,"{""brace_token"":[],""escaped_control"":[],""literal_newline"":[],""markup_tag"":[],""printf_token"":[],""var_tag"":[]}",
HGHU-TW-004385,角色與劇情,看來我得去幫叔叔拿貨了。,"{""brace_token"":[],""escaped_control"":[],""literal_newline"":[],""markup_tag"":[],""printf_token"":[],""var_tag"":[]}",
HGHU-TW-004386,角色與劇情,哈哈。讓我考慮（咀嚼）一下吧。,"{""brace_token"":[],""escaped_control"":[],""literal_newline"":[],""markup_tag"":[],""printf_token"":[],""var_tag"":[]}",
HGHU-TW-004387,角色與劇情,好好照顧 Dookie！,"{""brace_token"":[],""escaped_control"":[],""literal_newline"":[],""markup_tag"":[],""printf_token"":[],""var_tag"":[]}",
HGHU-TW-004388,角色與劇情,咦？,"{""brace_token"":[],""escaped_control"":[],""literal_newline"":[],""markup_tag"":[],""printf_token"":[],""var_tag"":[]}",
HGHU-TW-004389,角色與劇情,坡 *暫譯* 的倉鼠啊！,"{""brace_token"":[],""escaped_control"":[],""literal_newline"":[],""markup_tag"":[],""printf_token"":[],""var_tag"":[]}",
HGHU-TW-004390,角色與劇情,我也該出發了。,"{""brace_token"":[],""escaped_control"":[],""literal_newline"":[],""markup_tag"":[],""printf_token"":[],""var_tag"":[]}",
HGHU-TW-004391,角色與劇情,我得去餵<hgh_f c=0>扳手</hgh_f>，順便幫他清理一下。,"{""brace_token"":[],""escaped_control"":[],""literal_newline"":[],""markup_tag"":[""</hgh_f>"",""<hgh_f c=0>""],""printf_token"":[],""var_tag"":[]}",
HGHU-TW-004392,角色與劇情,你一直沒告訴我他是怎麼長這麼大的！有什麼秘方嗎？,"{""brace_token"":[],""escaped_control"":[],""literal_newline"":[],""markup_tag"":[],""printf_token"":[],""var_tag"":[]}",
HGHU-TW-004393,角色與劇情,這是一種特殊的飲食！,"{""brace_token"":[],""escaped_control"":[],""literal_newline"":[],""markup_tag"":[],""printf_token"":[],""var_tag"":[]}",
HGHU-TW-004394,角色與劇情,鳥類專用的海鹽焦糖！,"{""brace_token"":[],""escaped_control"":[],""literal_newline"":[],""markup_tag"":[],""printf_token"":[],""var_tag"":[]}",
HGHU-TW-004395,角色與劇情,扳手對它簡直為之瘋狂。,"{""brace_token"":[],""escaped_control"":[],""literal_newline"":[],""markup_tag"":[],""printf_token"":[],""var_tag"":[]}",
HGHU-TW-004396,角色與劇情,哈哈，原來如此！,"{""brace_token"":[],""escaped_control"":[],""literal_newline"":[],""markup_tag"":[],""printf_token"":[],""var_tag"":[]}",
HGHU-TW-004397,角色與劇情,我想我會讓他自由一段時間，讓他可以跟家人相聚。,"{""brace_token"":[],""escaped_control"":[],""literal_newline"":[],""markup_tag"":[],""printf_token"":[],""var_tag"":[]}",
HGHU-TW-004398,角色與劇情,以我對扳手的了解，他不會離開太久的。,"{""brace_token"":[],""escaped_control"":[],""literal_newline"":[],""markup_tag"":[],""printf_token"":[],""var_tag"":[]}",
HGHU-TW-004399,角色與劇情,他超愛你的。,"{""brace_token"":[],""escaped_control"":[],""literal_newline"":[],""markup_tag"":[],""printf_token"":[],""var_tag"":[]}",
HGHU-TW-004400,角色與劇情,我也超愛他的啦！,"{""brace_token"":[],""escaped_control"":[],""literal_newline"":[],""markup_tag"":[],""printf_token"":[],""var_tag"":[]}",
HGHU-TW-004401,角色與劇情,哎呀呀！,"{""brace_token"":[],""escaped_control"":[],""literal_newline"":[],""markup_tag"":[],""printf_token"":[],""var_tag"":[]}",
HGHU-TW-004402,角色與劇情,你經歷了一場多麼不可思議的冒險啊！,"{""brace_token"":[],""escaped_control"":[],""literal_newline"":[],""markup_tag"":[],""printf_token"":[],""var_tag"":[]}",
HGHU-TW-004403,角色與劇情,發電機的事我很抱歉，叔叔。,"{""brace_token"":[],""escaped_control"":[],""literal_newline"":[],""markup_tag"":[],""printf_token"":[],""var_tag"":[]}",
HGHU-TW-004404,角色與劇情,不不，沒關係的。,"{""brace_token"":[],""escaped_control"":[],""literal_newline"":[],""markup_tag"":[],""printf_token"":[],""var_tag"":[]}",
HGHU-TW-004405,角色與劇情,妳呢？妳還好嗎？,"{""brace_token"":[],""escaped_control"":[],""literal_newline"":[],""markup_tag"":[],""printf_token"":[],""var_tag"":[]}",
HGHU-TW-004406,角色與劇情,那裡到底發生了什麼事？,"{""brace_token"":[],""escaped_control"":[],""literal_newline"":[],""markup_tag"":[],""printf_token"":[],""var_tag"":[]}",
HGHU-TW-004407,角色與劇情,里絲琦 利用發電機將<hgh_f c=0>精靈界</hgh_f>從<hgh_f c=0>善良</hgh_f>轉變成了<hgh_f c=0>邪惡</hgh_f>。,"{""brace_token"":[],""escaped_control"":[],""literal_newline"":[],""markup_tag"":[""</hgh_f>"",""</hgh_f>"",""</hgh_f>"",""<hgh_f c=0>"",""<hgh_f c=0>"",""<hgh_f c=0>""],""printf_token"":[],""var_tag"":[]}",
HGHU-TW-004408,角色與劇情,有那麼一小段時間，我確實在哪裡，在精靈界和她們在一起。,"{""brace_token"":[],""escaped_control"":[],""literal_newline"":[],""markup_tag"":[],""printf_token"":[],""var_tag"":[]}",
HGHU-TW-004409,角色與劇情,這是我一直以來的夢想。,"{""brace_token"":[],""escaped_control"":[],""literal_newline"":[],""markup_tag"":[],""printf_token"":[],""var_tag"":[]}",
HGHU-TW-004410,角色與劇情,但為了阻止 里絲琦……,"{""brace_token"":[],""escaped_control"":[],""literal_newline"":[],""markup_tag"":[],""printf_token"":[],""var_tag"":[]}",
HGHU-TW-004411,角色與劇情,我必須……,"{""brace_token"":[],""escaped_control"":[],""literal_newline"":[],""markup_tag"":[],""printf_token"":[],""var_tag"":[]}",
HGHU-TW-004412,角色與劇情,……這個嘛……,"{""brace_token"":[],""escaped_control"":[],""literal_newline"":[],""markup_tag"":[],""printf_token"":[],""var_tag"":[]}",
HGHU-TW-004413,角色與劇情,她們現在都不在了。,"{""brace_token"":[],""escaped_control"":[],""literal_newline"":[],""markup_tag"":[],""printf_token"":[],""var_tag"":[]}",
HGHU-TW-004414,角色與劇情,我很遺憾。,"{""brace_token"":[],""escaped_control"":[],""literal_newline"":[],""markup_tag"":[],""printf_token"":[],""var_tag"":[]}",
HGHU-TW-004415,角色與劇情,我知道妳只是做了必須做的事。,"{""brace_token"":[],""escaped_control"":[],""literal_newline"":[],""markup_tag"":[],""printf_token"":[],""var_tag"":[]}",
HGHU-TW-004416,角色與劇情,做了妳「必須」做的事，明白嗎？,"{""brace_token"":[],""escaped_control"":[],""literal_newline"":[],""markup_tag"":[],""printf_token"":[],""var_tag"":[]}",
HGHU-TW-004417,角色與劇情,我相信妳媽媽一定會為妳感到非常驕傲的。,"{""brace_token"":[],""escaped_control"":[],""literal_newline"":[],""markup_tag"":[],""printf_token"":[],""var_tag"":[]}",
HGHU-TW-004418,角色與劇情,史凱！,"{""brace_token"":[],""escaped_control"":[],""literal_newline"":[],""markup_tag"":[],""printf_token"":[],""var_tag"":[]}",
HGHU-TW-004419,角色與劇情,我們都為她感到驕傲。,"{""brace_token"":[],""escaped_control"":[],""literal_newline"":[],""markup_tag"":[],""printf_token"":[],""var_tag"":[]}",
HGHU-TW-004420,角色與劇情,什麼！,"{""brace_token"":[],""escaped_control"":[],""literal_newline"":[],""markup_tag"":[],""printf_token"":[],""var_tag"":[]}",
HGHU-TW-004421,角色與劇情,誰？,"{""brace_token"":[],""escaped_control"":[],""literal_newline"":[],""markup_tag"":[],""printf_token"":[],""var_tag"":[]}",
HGHU-TW-004422,角色與劇情,她<hgh_f c=0>無私地</hgh_f>將別人的需求置於自己之上。,"{""brace_token"":[],""escaped_control"":[],""literal_newline"":[],""markup_tag"":[""</hgh_f>"",""<hgh_f c=0>""],""printf_token"":[],""var_tag"":[]}",
HGHU-TW-004423,角色與劇情,那麼……,"{""brace_token"":[],""escaped_control"":[],""literal_newline"":[],""markup_tag"":[],""printf_token"":[],""var_tag"":[]}",
HGHU-TW-004424,角色與劇情,<hgh_f c=0>精靈界</hgh_f>……<hgh_f c=0>安全</hgh_f>了？,"{""brace_token"":[],""escaped_control"":[],""literal_newline"":[],""markup_tag"":[""</hgh_f>"",""</hgh_f>"",""<hgh_f c=0>"",""<hgh_f c=0>""],""printf_token"":[],""var_tag"":[]}",
HGHU-TW-004425,角色與劇情,是的。,"{""brace_token"":[],""escaped_control"":[],""literal_newline"":[],""markup_tag"":[],""printf_token"":[],""var_tag"":[]}",
HGHU-TW-004426,角色與劇情,藉由<hgh_f c=0>淨化</hgh_f>我們的魔法，並將它<hgh_f c=0>反制</hgh_f>那台機器，妳拯救了我們所有人。,"{""brace_token"":[],""escaped_control"":[],""literal_newline"":[],""markup_tag"":[""</hgh_f>"",""</hgh_f>"",""<hgh_f c=0>"",""<hgh_f c=0>""],""printf_token"":[],""var_tag"":[]}",
HGHU-TW-004427,角色與劇情,我聽到了！<hgh_f c=0>主街</hgh_f>遭到攻擊了！,"{""brace_token"":[],""escaped_control"":[],""literal_newline"":[],""markup_tag"":[""</hgh_f>"",""<hgh_f c=0>""],""printf_token"":[],""var_tag"":[]}",
HGHU-TW-004428,角色與劇情,哇！看來你的偏振器起作用了，叔叔！,"{""brace_token"":[],""escaped_control"":[],""literal_newline"":[],""markup_tag"":[],""printf_token"":[],""var_tag"":[]}",
HGHU-TW-004429,角色與劇情,哈哈！的確如此。,"{""brace_token"":[],""escaped_control"":[],""literal_newline"":[],""markup_tag"":[],""printf_token"":[],""var_tag"":[]}",
HGHU-TW-004430,角色與劇情,那麼……,"{""brace_token"":[],""escaped_control"":[],""literal_newline"":[],""markup_tag"":[],""printf_token"":[],""var_tag"":[]}",
HGHU-TW-004431,角色與劇情,我<hgh_f c=0>媽媽</hgh_f>呢？,"{""brace_token"":[],""escaped_control"":[],""literal_newline"":[],""markup_tag"":[""</hgh_f>"",""<hgh_f c=0>""],""printf_token"":[],""var_tag"":[]}",
HGHU-TW-004432,角色與劇情,她也安全嗎？,"{""brace_token"":[],""escaped_control"":[],""literal_newline"":[],""markup_tag"":[],""printf_token"":[],""var_tag"":[]}",
HGHU-TW-004433,角色與劇情,妳的母親在精靈界<hgh_f c=0>活得好好的</hgh_f>。,"{""brace_token"":[],""escaped_control"":[],""literal_newline"":[],""markup_tag"":[""</hgh_f>"",""<hgh_f c=0>""],""printf_token"":[],""var_tag"":[]}",
HGHU-TW-004434,角色與劇情,她<hgh_f c=0>全心全意</hgh_f>地在保護妳們的世界。,"{""brace_token"":[],""escaped_control"":[],""literal_newline"":[],""markup_tag"":[""</hgh_f>"",""<hgh_f c=0>""],""printf_token"":[],""var_tag"":[]}",
HGHU-TW-004435,角色與劇情,她和其他<hgh_f c=0>精靈</hgh_f>必須留在這裡，她們集結的力量可以<hgh_f c=0>抵禦</hgh_f>那些試圖入侵妳們世界的更大邪惡。,"{""brace_token"":[],""escaped_control"":[],""literal_newline"":[],""markup_tag"":[""</hgh_f>"",""</hgh_f>"",""<hgh_f c=0>"",""<hgh_f c=0>""],""printf_token"":[],""var_tag"":[]}",
HGHU-TW-004436,角色與劇情,這就是為什麼她很久以前必須跟其他精靈一起離開的原因。,"{""brace_token"":[],""escaped_control"":[],""literal_newline"":[],""markup_tag"":[],""printf_token"":[],""var_tag"":[]}",
HGHU-TW-004437,角色與劇情,是為了保護我們？,"{""brace_token"":[],""escaped_control"":[],""literal_newline"":[],""markup_tag"":[],""printf_token"":[],""var_tag"":[]}",
HGHU-TW-004438,角色與劇情,我很想載妳一程，但我沒有夠大的鳥。,"{""brace_token"":[],""escaped_control"":[],""literal_newline"":[],""markup_tag"":[],""printf_token"":[],""var_tag"":[]}",
HGHU-TW-004439,角色與劇情,是的。這樣妳才能在叔叔的保護與照顧下安全長大。,"{""brace_token"":[],""escaped_control"":[],""literal_newline"":[],""markup_tag"":[],""printf_token"":[],""var_tag"":[]}",
HGHU-TW-004440,角色與劇情,她想讓妳知道這些，但前提是妳得長大到足以理解她犧牲的<hgh_f c=0>意義</hgh_f>。,"{""brace_token"":[],""escaped_control"":[],""literal_newline"":[],""markup_tag"":[""</hgh_f>"",""<hgh_f c=0>""],""printf_token"":[],""var_tag"":[]}",
HGHU-TW-004441,角色與劇情,我明白了。,"{""brace_token"":[],""escaped_control"":[],""literal_newline"":[],""markup_tag"":[],""printf_token"":[],""var_tag"":[]}",
HGHU-TW-004442,角色與劇情,她也想讓妳知道，妳<hgh_f c=0>永遠不是一個人</hgh_f>。,"{""brace_token"":[],""escaped_control"":[],""literal_newline"":[],""markup_tag"":[""</hgh_f>"",""<hgh_f c=0>""],""printf_token"":[],""var_tag"":[]}",
HGHU-TW-004443,角色與劇情,有一種<hgh_f c=0>特殊的魔法</hgh_f>，是她放在妳<hgh_f c=0>心中</hgh_f>的<hgh_f c=0>禮物</hgh_f>。,"{""brace_token"":[],""escaped_control"":[],""literal_newline"":[],""markup_tag"":[""</hgh_f>"",""</hgh_f>"",""</hgh_f>"",""<hgh_f c=0>"",""<hgh_f c=0>"",""<hgh_f c=0>""],""printf_token"":[],""var_tag"":[]}",
HGHU-TW-004444,角色與劇情,真的嗎？,"{""brace_token"":[],""escaped_control"":[],""literal_newline"":[],""markup_tag"":[],""printf_token"":[],""var_tag"":[]}",
HGHU-TW-004445,角色與劇情,妳的家人從未像妳想的那麼遙遠。,"{""brace_token"":[],""escaped_control"":[],""literal_newline"":[],""markup_tag"":[],""printf_token"":[],""var_tag"":[]}",
HGHU-TW-004446,角色與劇情,要知道她<hgh_f c=0>永遠</hgh_f>與妳同在，並以此為<hgh_f c=0>慰藉</hgh_f>……,"{""brace_token"":[],""escaped_control"":[],""literal_newline"":[],""markup_tag"":[""</hgh_f>"",""</hgh_f>"",""<hgh_f c=0>"",""<hgh_f c=0>""],""printf_token"":[],""var_tag"":[]}",
HGHU-TW-004447,角色與劇情,……而且她非常<hgh_f c=0>愛妳</hgh_f>。,"{""brace_token"":[],""escaped_control"":[],""literal_newline"":[],""markup_tag"":[""</hgh_f>"",""<hgh_f c=0>""],""printf_token"":[],""var_tag"":[]}",
HGHU-TW-004448,角色與劇情,除非……,"{""brace_token"":[],""escaped_control"":[],""literal_newline"":[],""markup_tag"":[],""printf_token"":[],""var_tag"":[]}",
HGHU-TW-004449,角色與劇情,現在，我必須回到<hgh_f c=0>精靈界</hgh_f>了！,"{""brace_token"":[],""escaped_control"":[],""literal_newline"":[],""markup_tag"":[""</hgh_f>"",""<hgh_f c=0>""],""printf_token"":[],""var_tag"":[]}",
HGHU-TW-004450,角色與劇情,如果你看到我媽媽……,"{""brace_token"":[],""escaped_control"":[],""literal_newline"":[],""markup_tag"":[],""printf_token"":[],""var_tag"":[]}",
HGHU-TW-004451,角色與劇情,告訴她我明白她為我們做的一切。,"{""brace_token"":[],""escaped_control"":[],""literal_newline"":[],""markup_tag"":[],""printf_token"":[],""var_tag"":[]}",
HGHU-TW-004452,角色與劇情,還有，我也一樣愛她！,"{""brace_token"":[],""escaped_control"":[],""literal_newline"":[],""markup_tag"":[],""printf_token"":[],""var_tag"":[]}",
HGHU-TW-004453,角色與劇情,我會轉告她的。祝妳好運！,"{""brace_token"":[],""escaped_control"":[],""literal_newline"":[],""markup_tag"":[],""printf_token"":[],""var_tag"":[]}",
HGHU-TW-004454,角色與劇情,也祝你好運。,"{""brace_token"":[],""escaped_control"":[],""literal_newline"":[],""markup_tag"":[],""printf_token"":[],""var_tag"":[]}",
HGHU-TW-004455,角色與劇情,走吧，叔叔！,"{""brace_token"":[],""escaped_control"":[],""literal_newline"":[],""markup_tag"":[],""printf_token"":[],""var_tag"":[]}",
HGHU-TW-004456,角色與劇情,我們要去哪裡？,"{""brace_token"":[],""escaped_control"":[],""literal_newline"":[],""markup_tag"":[],""printf_token"":[],""var_tag"":[]}",
HGHU-TW-004457,角色與劇情,當然是去<hgh_f c=0>慶祝</hgh_f>啊！,"{""brace_token"":[],""escaped_control"":[],""literal_newline"":[],""markup_tag"":[""</hgh_f>"",""<hgh_f c=0>""],""printf_token"":[],""var_tag"":[]}",
HGHU-TW-004458,角色與劇情,除非什麼？,"{""brace_token"":[],""escaped_control"":[],""literal_newline"":[],""markup_tag"":[],""printf_token"":[],""var_tag"":[]}",
HGHU-TW-004459,角色與劇情,順便幫你找個沒那麼<hgh_f c=0>危險</hgh_f>的新嗜好！,"{""brace_token"":[],""escaped_control"":[],""literal_newline"":[],""markup_tag"":[""</hgh_f>"",""<hgh_f c=0>""],""printf_token"":[],""var_tag"":[]}",
HGHU-TW-004460,角色與劇情,哈！這倒提醒了我。,"{""brace_token"":[],""escaped_control"":[],""literal_newline"":[],""markup_tag"":[],""printf_token"":[],""var_tag"":[]}",
HGHU-TW-004461,角色與劇情,我最近挖掘出一種叫做「腳踏車」的設計圖！,"{""brace_token"":[],""escaped_control"":[],""literal_newline"":[],""markup_tag"":[],""printf_token"":[],""var_tag"":[]}",
HGHU-TW-004462,角色與劇情,我下一個計畫，就是要為妳造一輛！,"{""brace_token"":[],""escaped_control"":[],""literal_newline"":[],""markup_tag"":[],""printf_token"":[],""var_tag"":[]}",
HGHU-TW-004463,角色與劇情,好喔！嘿，叔叔！,"{""brace_token"":[],""escaped_control"":[],""literal_newline"":[],""markup_tag"":[],""printf_token"":[],""var_tag"":[]}",
HGHU-TW-004464,角色與劇情,等等我！,"{""brace_token"":[],""escaped_control"":[],""literal_newline"":[],""markup_tag"":[],""printf_token"":[],""var_tag"":[]}",
HGHU-TW-004465,角色與劇情,<hgh_f c=0>扳手</hgh_f>，我需要你！,"{""brace_token"":[],""escaped_control"":[],""literal_newline"":[],""markup_tag"":[""</hgh_f>"",""<hgh_f c=0>""],""printf_token"":[],""var_tag"":[]}",
HGHU-TW-004466,角色與劇情,下次見，<hgh_f c=0>精靈</hgh_f>的<hgh_f c=0>女兒</hgh_f>。,"{""brace_token"":[],""escaped_control"":[],""literal_newline"":[],""markup_tag"":[""</hgh_f>"",""</hgh_f>"",""<hgh_f c=0>"",""<hgh_f c=0>""],""printf_token"":[],""var_tag"":[]}",
HGHU-TW-004467,角色與劇情,再見了！,"{""brace_token"":[],""escaped_control"":[],""literal_newline"":[],""markup_tag"":[],""printf_token"":[],""var_tag"":[]}",
HGHU-TW-004468,角色與劇情,呼！我們成功了！,"{""brace_token"":[],""escaped_control"":[],""literal_newline"":[],""markup_tag"":[],""printf_token"":[],""var_tag"":[]}",
HGHU-TW-004469,角色與劇情,真是千鈞一髮。太驚險了。,"{""brace_token"":[],""escaped_control"":[],""literal_newline"":[],""markup_tag"":[],""printf_token"":[],""var_tag"":[]}",
HGHU-TW-004470,角色與劇情,準備好讓桑塔看看我們最新的把戲了嗎？,"{""brace_token"":[],""escaped_control"":[],""literal_newline"":[],""markup_tag"":[],""printf_token"":[],""var_tag"":[]}",
HGHU-TW-004471,角色與劇情,謝謝你載我一程，史凱。,"{""brace_token"":[],""escaped_control"":[],""literal_newline"":[],""markup_tag"":[],""printf_token"":[],""var_tag"":[]}",
HGHU-TW-004472,角色與劇情,總得有人看著你才行！,"{""brace_token"":[],""escaped_control"":[],""literal_newline"":[],""markup_tag"":[],""printf_token"":[],""var_tag"":[]}",
HGHU-TW-004473,角色與劇情,看來亮片大陸又一次免於邪惡的威脅了！,"{""brace_token"":[],""escaped_control"":[],""literal_newline"":[],""markup_tag"":[],""printf_token"":[],""var_tag"":[]}",
HGHU-TW-004474,角色與劇情,是啊！多虧了我們的半精靈英雄！,"{""brace_token"":[],""escaped_control"":[],""literal_newline"":[],""markup_tag"":[],""printf_token"":[],""var_tag"":[]}",
HGHU-TW-004475,角色與劇情,嘿……沒有你們我是做不到的！,"{""brace_token"":[],""escaped_control"":[],""literal_newline"":[],""markup_tag"":[],""printf_token"":[],""var_tag"":[]}",
HGHU-TW-004476,角色與劇情,等等！,"{""brace_token"":[],""escaped_control"":[],""literal_newline"":[],""markup_tag"":[],""printf_token"":[],""var_tag"":[]}",
HGHU-TW-004477,角色與劇情,謝天謝地，你平安無事地逃出來了！,"{""brace_token"":[],""escaped_control"":[],""literal_newline"":[],""markup_tag"":[],""printf_token"":[],""var_tag"":[]}",
HGHU-TW-004478,角色與劇情,當我看到火山爆發時，我好怕會失去你！,"{""brace_token"":[],""escaped_control"":[],""literal_newline"":[],""markup_tag"":[],""printf_token"":[],""var_tag"":[]}",
HGHU-TW-004479,角色與劇情,我沒事，而且亮片大陸也安全了，這都多虧了你們。,"{""brace_token"":[],""escaped_control"":[],""literal_newline"":[],""markup_tag"":[],""printf_token"":[],""var_tag"":[]}",
HGHU-TW-004480,角色與劇情,是啊，我這次可是幫了大忙呢。,"{""brace_token"":[],""escaped_control"":[],""literal_newline"":[],""markup_tag"":[],""printf_token"":[],""var_tag"":[]}",
HGHU-TW-004481,角色與劇情,感覺自己滿像英雄的，你知道吧？,"{""brace_token"":[],""escaped_control"":[],""literal_newline"":[],""markup_tag"":[],""printf_token"":[],""var_tag"":[]}",
HGHU-TW-004482,角色與劇情,嘎啊啊啊！！,"{""brace_token"":[],""escaped_control"":[],""literal_newline"":[],""markup_tag"":[],""printf_token"":[],""var_tag"":[]}",
HGHU-TW-004483,角色與劇情,我想我會開個道場。開始訓練下一批英雄。,"{""brace_token"":[],""escaped_control"":[],""literal_newline"":[],""markup_tag"":[],""printf_token"":[],""var_tag"":[]}",
HGHU-TW-004484,角色與劇情,夢想總是要遠大一點！！,"{""brace_token"":[],""escaped_control"":[],""literal_newline"":[],""markup_tag"":[],""printf_token"":[],""var_tag"":[]}",
HGHU-TW-004485,角色與劇情,我也要準備出發了。,"{""brace_token"":[],""escaped_control"":[],""literal_newline"":[],""markup_tag"":[],""printf_token"":[],""var_tag"":[]}",
HGHU-TW-004486,角色與劇情,我的兄弟，阿布納 和 坡……,"{""brace_token"":[],""escaped_control"":[],""literal_newline"":[],""markup_tag"":[],""printf_token"":[],""var_tag"":[]}",
HGHU-TW-004487,角色與劇情,他們正考慮翻修北方那棟舊豪宅。,"{""brace_token"":[],""escaped_control"":[],""literal_newline"":[],""markup_tag"":[],""printf_token"":[],""var_tag"":[]}",
HGHU-TW-004488,角色與劇情,太酷了！,"{""brace_token"":[],""escaped_control"":[],""literal_newline"":[],""markup_tag"":[],""printf_token"":[],""var_tag"":[]}",
HGHU-TW-004489,角色與劇情,我會去幫忙，但在那之後……,"{""brace_token"":[],""escaped_control"":[],""literal_newline"":[],""markup_tag"":[],""printf_token"":[],""var_tag"":[]}",
HGHU-TW-004490,角色與劇情,<hgh_f c=0>超級扳手變身！</hgh_f>,"{""brace_token"":[],""escaped_control"":[],""literal_newline"":[],""markup_tag"":[""</hgh_f>"",""<hgh_f c=0>""],""printf_token"":[],""var_tag"":[]}",
HGHU-TW-004491,角色與劇情,嗯，我想我會去找<hgh_f c=0>殭屍商隊</hgh_f>，到處旅行一下。,"{""brace_token"":[],""escaped_control"":[],""literal_newline"":[],""markup_tag"":[""</hgh_f>"",""<hgh_f c=0>""],""printf_token"":[],""var_tag"":[]}",
HGHU-TW-004492,角色與劇情,我想念我的馬車了，而且我想去看看更多外面的世界！,"{""brace_token"":[],""escaped_control"":[],""literal_newline"":[],""markup_tag"":[],""printf_token"":[],""var_tag"":[]}",
HGHU-TW-004493,角色與劇情,好好照顧 Dookie！,"{""brace_token"":[],""escaped_control"":[],""literal_newline"":[],""markup_tag"":[],""printf_token"":[],""var_tag"":[]}",
HGHU-TW-004494,角色與劇情,咦？,"{""brace_token"":[],""escaped_control"":[],""literal_newline"":[],""markup_tag"":[],""printf_token"":[],""var_tag"":[]}",
HGHU-TW-004495,角色與劇情,坡 *暫譯* 的倉鼠啊！,"{""brace_token"":[],""escaped_control"":[],""literal_newline"":[],""markup_tag"":[],""printf_token"":[],""var_tag"":[]}",
HGHU-TW-004496,角色與劇情,我也該出發了。,"{""brace_token"":[],""escaped_control"":[],""literal_newline"":[],""markup_tag"":[],""printf_token"":[],""var_tag"":[]}",
HGHU-TW-004497,角色與劇情,我得去餵<hgh_f c=0>扳手</hgh_f>，順便幫他清理一下。,"{""brace_token"":[],""escaped_control"":[],""literal_newline"":[],""markup_tag"":[""</hgh_f>"",""<hgh_f c=0>""],""printf_token"":[],""var_tag"":[]}",
HGHU-TW-004498,角色與劇情,在那之後，我會讓他自由一段時間，讓他可以跟自己的家人相聚。,"{""brace_token"":[],""escaped_control"":[],""literal_newline"":[],""markup_tag"":[],""printf_token"":[],""var_tag"":[]}",
HGHU-TW-004499,角色與劇情,以我對扳手的了解，他不會離開太久的。,"{""brace_token"":[],""escaped_control"":[],""literal_newline"":[],""markup_tag"":[],""printf_token"":[],""var_tag"":[]}",
HGHU-TW-004500,角色與劇情,他超愛你的。,"{""brace_token"":[],""escaped_control"":[],""literal_newline"":[],""markup_tag"":[],""printf_token"":[],""var_tag"":[]}",
HGHU-TW-004501,角色與劇情,我也超愛他的啦！,"{""brace_token"":[],""escaped_control"":[],""literal_newline"":[],""markup_tag"":[],""printf_token"":[],""var_tag"":[]}",
HGHU-TW-004502,角色與劇情,哎呀呀！,"{""brace_token"":[],""escaped_control"":[],""literal_newline"":[],""markup_tag"":[],""printf_token"":[],""var_tag"":[]}",
HGHU-TW-004503,角色與劇情,你經歷了一場多麼不可思議的冒險啊！,"{""brace_token"":[],""escaped_control"":[],""literal_newline"":[],""markup_tag"":[],""printf_token"":[],""var_tag"":[]}",
HGHU-TW-004504,角色與劇情,發電機的事我很抱歉，叔叔。,"{""brace_token"":[],""escaped_control"":[],""literal_newline"":[],""markup_tag"":[],""printf_token"":[],""var_tag"":[]}",
HGHU-TW-004505,角色與劇情,不不，沒關係的。,"{""brace_token"":[],""escaped_control"":[],""literal_newline"":[],""markup_tag"":[],""printf_token"":[],""var_tag"":[]}",
HGHU-TW-004506,角色與劇情,妳<hgh_f c=0>還好</hgh_f>嗎？,"{""brace_token"":[],""escaped_control"":[],""literal_newline"":[],""markup_tag"":[""</hgh_f>"",""<hgh_f c=0>""],""printf_token"":[],""var_tag"":[]}",
HGHU-TW-004507,角色與劇情,那裡到底發生了什麼事？,"{""brace_token"":[],""escaped_control"":[],""literal_newline"":[],""markup_tag"":[],""printf_token"":[],""var_tag"":[]}",
HGHU-TW-004508,角色與劇情,里絲琦 利用發電機將<hgh_f c=0>精靈界</hgh_f>從<hgh_f c=0>善良</hgh_f>轉變成了<hgh_f c=0>邪惡</hgh_f>。,"{""brace_token"":[],""escaped_control"":[],""literal_newline"":[],""markup_tag"":[""</hgh_f>"",""</hgh_f>"",""</hgh_f>"",""<hgh_f c=0>"",""<hgh_f c=0>"",""<hgh_f c=0>""],""printf_token"":[],""var_tag"":[]}",
HGHU-TW-004509,角色與劇情,有那麼一小段時間，我確實在哪裡，在精靈界和她們在一起。,"{""brace_token"":[],""escaped_control"":[],""literal_newline"":[],""markup_tag"":[],""printf_token"":[],""var_tag"":[]}",
HGHU-TW-004510,角色與劇情,這是我一直以來的夢想。,"{""brace_token"":[],""escaped_control"":[],""literal_newline"":[],""markup_tag"":[],""printf_token"":[],""var_tag"":[]}",
HGHU-TW-004511,角色與劇情,但因為我的緣故……,"{""brace_token"":[],""escaped_control"":[],""literal_newline"":[],""markup_tag"":[],""printf_token"":[],""var_tag"":[]}",
HGHU-TW-004512,角色與劇情,她們現在都不在了。,"{""brace_token"":[],""escaped_control"":[],""literal_newline"":[],""markup_tag"":[],""printf_token"":[],""var_tag"":[]}",
HGHU-TW-004513,角色與劇情,他是怎麼——？,"{""brace_token"":[],""escaped_control"":[],""literal_newline"":[],""markup_tag"":[],""printf_token"":[],""var_tag"":[]}",
HGHU-TW-004514,角色與劇情,我很遺憾。,"{""brace_token"":[],""escaped_control"":[],""literal_newline"":[],""markup_tag"":[],""printf_token"":[],""var_tag"":[]}",
HGHU-TW-004515,角色與劇情,我知道妳只是做了必須做的事。,"{""brace_token"":[],""escaped_control"":[],""literal_newline"":[],""markup_tag"":[],""printf_token"":[],""var_tag"":[]}",
HGHU-TW-004516,角色與劇情,這是妳<hgh_f c=0>必須</hgh_f>做的事，明白嗎？,"{""brace_token"":[],""escaped_control"":[],""literal_newline"":[],""markup_tag"":[""</hgh_f>"",""<hgh_f c=0>""],""printf_token"":[],""var_tag"":[]}",
HGHU-TW-004517,角色與劇情,我相信妳媽媽一定會為妳感到非常驕傲的。,"{""brace_token"":[],""escaped_control"":[],""literal_newline"":[],""markup_tag"":[],""printf_token"":[],""var_tag"":[]}",
HGHU-TW-004518,角色與劇情,是啊，我想也是。,"{""brace_token"":[],""escaped_control"":[],""literal_newline"":[],""markup_tag"":[],""printf_token"":[],""var_tag"":[]}",
HGHU-TW-004519,角色與劇情,但我還是忍不住去想，是否<hgh_f c=0>我還能多做些什麼</hgh_f>。,"{""brace_token"":[],""escaped_control"":[],""literal_newline"":[],""markup_tag"":[""</hgh_f>"",""<hgh_f c=0>""],""printf_token"":[],""var_tag"":[]}",
HGHU-TW-004520,角色與劇情,人生<hgh_f c=0>充滿了選擇</hgh_f>。,"{""brace_token"":[],""escaped_control"":[],""literal_newline"":[],""markup_tag"":[""</hgh_f>"",""<hgh_f c=0>""],""printf_token"":[],""var_tag"":[]}",
HGHU-TW-004521,角色與劇情,或許精靈們活下來了。我們可能永遠都不會知道。,"{""brace_token"":[],""escaped_control"":[],""literal_newline"":[],""markup_tag"":[],""printf_token"":[],""var_tag"":[]}",
HGHU-TW-004522,角色與劇情,但多虧了妳，<hgh_f c=0>斯卡托鎮</hgh_f>依然屹立不搖，不是嗎？,"{""brace_token"":[],""escaped_control"":[],""literal_newline"":[],""markup_tag"":[""</hgh_f>"",""<hgh_f c=0>""],""printf_token"":[],""var_tag"":[]}",
HGHU-TW-004523,角色與劇情,哈哈，這倒是真的。,"{""brace_token"":[],""escaped_control"":[],""literal_newline"":[],""markup_tag"":[],""printf_token"":[],""var_tag"":[]}",
HGHU-TW-004524,角色與劇情,拿著！,"{""brace_token"":[],""escaped_control"":[],""literal_newline"":[],""markup_tag"":[],""printf_token"":[],""var_tag"":[]}",
HGHU-TW-004525,角色與劇情,走吧，叔叔！,"{""brace_token"":[],""escaped_control"":[],""literal_newline"":[],""markup_tag"":[],""printf_token"":[],""var_tag"":[]}",
HGHU-TW-004526,角色與劇情,我們要去哪裡？,"{""brace_token"":[],""escaped_control"":[],""literal_newline"":[],""markup_tag"":[],""printf_token"":[],""var_tag"":[]}",
HGHU-TW-004527,角色與劇情,當然是去<hgh_f c=0>慶祝</hgh_f>啊！,"{""brace_token"":[],""escaped_control"":[],""literal_newline"":[],""markup_tag"":[""</hgh_f>"",""<hgh_f c=0>""],""printf_token"":[],""var_tag"":[]}",
HGHU-TW-004528,角色與劇情,順便幫你找個沒那麼<hgh_f c=0>危險</hgh_f>的新嗜好！,"{""brace_token"":[],""escaped_control"":[],""literal_newline"":[],""markup_tag"":[""</hgh_f>"",""<hgh_f c=0>""],""printf_token"":[],""var_tag"":[]}",
HGHU-TW-004529,角色與劇情,哦，不！,"{""brace_token"":[],""escaped_control"":[],""literal_newline"":[],""markup_tag"":[],""printf_token"":[],""var_tag"":[]}",
HGHU-TW-004530,角色與劇情,身為<hgh_f c=0>遺跡獵人</hgh_f>就是我的人生意義！,"{""brace_token"":[],""escaped_control"":[],""literal_newline"":[],""markup_tag"":[""</hgh_f>"",""<hgh_f c=0>""],""printf_token"":[],""var_tag"":[]}",
HGHU-TW-004531,角色與劇情,舊世界還有更多發明等著被重新發現！,"{""brace_token"":[],""escaped_control"":[],""literal_newline"":[],""markup_tag"":[],""printf_token"":[],""var_tag"":[]}",
HGHU-TW-004532,角色與劇情,其中有一個我特別感興趣，想去了解。,"{""brace_token"":[],""escaped_control"":[],""literal_newline"":[],""markup_tag"":[],""printf_token"":[],""var_tag"":[]}",
HGHU-TW-004533,角色與劇情,它叫做 8-Bit 掌上型電動遊樂器！,"{""brace_token"":[],""escaped_control"":[],""literal_newline"":[],""markup_tag"":[],""printf_token"":[],""var_tag"":[]}",
HGHU-TW-004534,角色與劇情,呃呃呃……為什麼我有種不祥的預感？,"{""brace_token"":[],""escaped_control"":[],""literal_newline"":[],""markup_tag"":[],""printf_token"":[],""var_tag"":[]}",
HGHU-TW-004535,角色與劇情,叔叔！,"{""brace_token"":[],""escaped_control"":[],""literal_newline"":[],""markup_tag"":[],""printf_token"":[],""var_tag"":[]}",
HGHU-TW-004536,角色與劇情,等等我！,"{""brace_token"":[],""escaped_control"":[],""literal_newline"":[],""markup_tag"":[],""printf_token"":[],""var_tag"":[]}",
HGHU-TW-004537,角色與劇情,你想要儲存遊戲進度嗎？,"{""brace_token"":[],""escaped_control"":[],""literal_newline"":[],""markup_tag"":[],""printf_token"":[],""var_tag"":[]}",
HGHU-TW-004538,角色與劇情,儲存中……,"{""brace_token"":[],""escaped_control"":[],""literal_newline"":[],""markup_tag"":[],""printf_token"":[],""var_tag"":[]}",
HGHU-TW-004539,角色與劇情,鳥哨？,"{""brace_token"":[],""escaped_control"":[],""literal_newline"":[],""markup_tag"":[],""printf_token"":[],""var_tag"":[]}",
HGHU-TW-004540,角色與劇情,遊戲已儲存。,"{""brace_token"":[],""escaped_control"":[],""literal_newline"":[],""markup_tag"":[],""printf_token"":[],""var_tag"":[]}",
HGHU-TW-004541,角色與劇情,儲存失敗。,"{""brace_token"":[],""escaped_control"":[],""literal_newline"":[],""markup_tag"":[],""printf_token"":[],""var_tag"":[]}",
HGHU-TW-004542,角色與劇情,歡迎光臨我的商店！,"{""brace_token"":[],""escaped_control"":[],""literal_newline"":[],""markup_tag"":[],""printf_token"":[],""var_tag"":[]}",
HGHU-TW-004543,角色與劇情,我晚點再解釋！快點上來吧！！,"{""brace_token"":[],""escaped_control"":[],""literal_newline"":[],""markup_tag"":[],""printf_token"":[],""var_tag"":[]}",
HGHU-TW-004544,角色與劇情,感謝您的購買！,"{""brace_token"":[],""escaped_control"":[],""literal_newline"":[],""markup_tag"":[],""printf_token"":[],""var_tag"":[]}",
HGHU-TW-004545,角色與劇情,我可以教妳一些新動作！我們來……交易吧！,"{""brace_token"":[],""escaped_control"":[],""literal_newline"":[],""markup_tag"":[],""printf_token"":[],""var_tag"":[]}",
HGHU-TW-004546,角色與劇情,人客呀！您有什麼吩咐？,"{""brace_token"":[],""escaped_control"":[],""literal_newline"":[],""markup_tag"":[],""printf_token"":[],""var_tag"":[]}",
HGHU-TW-004547,角色與劇情,我專門教授最神奇的舞蹈動作。,"{""brace_token"":[],""escaped_control"":[],""literal_newline"":[],""markup_tag"":[],""printf_token"":[],""var_tag"":[]}",
HGHU-TW-004548,角色與劇情,這裡全都是 S 級好貨，非常實用！絕無瑕疵品！,"{""brace_token"":[],""escaped_control"":[],""literal_newline"":[],""markup_tag"":[],""printf_token"":[],""var_tag"":[]}",
HGHU-TW-004549,角色與劇情,後會有期囉！,"{""brace_token"":[],""escaped_control"":[],""literal_newline"":[],""markup_tag"":[],""printf_token"":[],""var_tag"":[]}",
HGHU-TW-004550,角色與劇情,當您在我們的藥草泉旁放鬆時，容我向您推薦一些產品！,"{""brace_token"":[],""escaped_control"":[],""literal_newline"":[],""markup_tag"":[],""printf_token"":[],""var_tag"":[]}",
HGHU-TW-004551,角色與劇情,祝您旅途順利！,"{""brace_token"":[],""escaped_control"":[],""literal_newline"":[],""markup_tag"":[],""printf_token"":[],""var_tag"":[]}",
HGHU-TW-004552,角色與劇情,需要一些提示嗎？,"{""brace_token"":[],""escaped_control"":[],""literal_newline"":[],""markup_tag"":[],""printf_token"":[],""var_tag"":[]}",
HGHU-TW-004553,角色與劇情,好的，祝您有美好的一天。,"{""brace_token"":[],""escaped_control"":[],""literal_newline"":[],""markup_tag"":[],""printf_token"":[],""var_tag"":[]}",
HGHU-TW-004554,角色與劇情,咿咿咿咿咿！,"{""brace_token"":[],""escaped_control"":[],""literal_newline"":[],""markup_tag"":[],""printf_token"":[],""var_tag"":[]}",
HGHU-TW-004555,角色與劇情,妳的朋友 <hgh_f c=0>史凱</hgh_f> 可以幫妳開啟<hgh_f c=0>新世界</hgh_f>！她正在<hgh_f c=0>孵化場</hgh_f>等妳！,"{""brace_token"":[],""escaped_control"":[],""literal_newline"":[],""markup_tag"":[""</hgh_f>"",""</hgh_f>"",""</hgh_f>"",""<hgh_f c=0>"",""<hgh_f c=0>"",""<hgh_f c=0>""],""printf_token"":[],""var_tag"":[]}",
HGHU-TW-004556,角色與劇情,還想要其他提示嗎？再來問我吧！,"{""brace_token"":[],""escaped_control"":[],""literal_newline"":[],""markup_tag"":[],""printf_token"":[],""var_tag"":[]}",
HGHU-TW-004557,角色與劇情,像<hgh_f c=0>火球</hgh_f>這類的能力消耗的魔法極少，但威力十足！去<hgh_f c=0>道具店</hgh_f>升級吧！,"{""brace_token"":[],""escaped_control"":[],""literal_newline"":[],""markup_tag"":[""</hgh_f>"",""</hgh_f>"",""<hgh_f c=0>"",""<hgh_f c=0>""],""printf_token"":[],""var_tag"":[]}",
HGHU-TW-004558,角色與劇情,還想要其他提示嗎？再來問我吧！,"{""brace_token"":[],""escaped_control"":[],""literal_newline"":[],""markup_tag"":[],""printf_token"":[],""var_tag"":[]}",
HGHU-TW-004559,角色與劇情,每個世界都有一位<hgh_f c=0>頭目</hgh_f>，妳必須擊敗他們才能繼續前進！,"{""brace_token"":[],""escaped_control"":[],""literal_newline"":[],""markup_tag"":[""</hgh_f>"",""<hgh_f c=0>""],""printf_token"":[],""var_tag"":[]}",
HGHU-TW-004560,角色與劇情,還想要其他提示嗎？再來問我吧！,"{""brace_token"":[],""escaped_control"":[],""literal_newline"":[],""markup_tag"":[],""printf_token"":[],""var_tag"":[]}",
HGHU-TW-004561,角色與劇情,放輕鬆！扳手可以維持這個大小幾秒鐘！,"{""brace_token"":[],""escaped_control"":[],""literal_newline"":[],""markup_tag"":[],""printf_token"":[],""var_tag"":[]}",
HGHU-TW-004562,角色與劇情,一位<hgh_f c=0>訪客</hgh_f>來了，她非常需要<hgh_f c=0>妳的幫助</hgh_f>！她就在<hgh_f c=0>藝廊</hgh_f>那邊。,"{""brace_token"":[],""escaped_control"":[],""literal_newline"":[],""markup_tag"":[""</hgh_f>"",""</hgh_f>"",""</hgh_f>"",""<hgh_f c=0>"",""<hgh_f c=0>"",""<hgh_f c=0>""],""printf_token"":[],""var_tag"":[]}",
HGHU-TW-004563,角色與劇情,還想要其他提示嗎？再來問我吧！,"{""brace_token"":[],""escaped_control"":[],""literal_newline"":[],""markup_tag"":[],""printf_token"":[],""var_tag"":[]}",
HGHU-TW-004564,角色與劇情,如果妳<hgh_f c=0>幫助陌生人</hgh_f>，或許能獲得<hgh_f c=0>關鍵道具</hgh_f>作為回報！去幫助妳遇到的每個人吧！,"{""brace_token"":[],""escaped_control"":[],""literal_newline"":[],""markup_tag"":[""</hgh_f>"",""</hgh_f>"",""<hgh_f c=0>"",""<hgh_f c=0>""],""printf_token"":[],""var_tag"":[]}",
HGHU-TW-004565,角色與劇情,還想要其他提示嗎？再來問我吧！,"{""brace_token"":[],""escaped_control"":[],""literal_newline"":[],""markup_tag"":[],""printf_token"":[],""var_tag"":[]}",
HGHU-TW-004566,角色與劇情,<hgh_f c=0>幾秒鐘</hgh_f>？！,"{""brace_token"":[],""escaped_control"":[],""literal_newline"":[],""markup_tag"":[""</hgh_f>"",""<hgh_f c=0>""],""printf_token"":[],""var_tag"":[]}",
HGHU-TW-004567,角色與劇情,當妳找到<hgh_f c=0>新地圖</hgh_f>時，把它交給妳的朋友 <hgh_f c=0>史凱</hgh_f>，解鎖<hgh_f c=0>新區域</hgh_f>去探索！,"{""brace_token"":[],""escaped_control"":[],""literal_newline"":[],""markup_tag"":[""</hgh_f>"",""</hgh_f>"",""</hgh_f>"",""<hgh_f c=0>"",""<hgh_f c=0>"",""<hgh_f c=0>""],""printf_token"":[],""var_tag"":[]}",
HGHU-TW-004568,角色與劇情,還想要其他提示嗎？再來問我吧！,"{""brace_token"":[],""escaped_control"":[],""literal_newline"":[],""markup_tag"":[],""printf_token"":[],""var_tag"":[]}",
HGHU-TW-004569,角色與劇情,<hgh_f c=0>主街</hgh_f>上的<hgh_f c=0>主廚</hgh_f>需要妳的幫助！飛回燃燒的城鎮，並在<hgh_f c=0>火焰高處</hgh_f>尋找！,"{""brace_token"":[],""escaped_control"":[],""literal_newline"":[],""markup_tag"":[""</hgh_f>"",""</hgh_f>"",""</hgh_f>"",""<hgh_f c=0>"",""<hgh_f c=0>"",""<hgh_f c=0>""],""printf_token"":[],""var_tag"":[]}",
HGHU-TW-004570,角色與劇情,還想要其他提示嗎？再來問我吧！,"{""brace_token"":[],""escaped_control"":[],""literal_newline"":[],""markup_tag"":[],""printf_token"":[],""var_tag"":[]}",
HGHU-TW-004571,角色與劇情,只要<hgh_f c=0>選個地點</hgh_f>，我們就會把妳放下來！,"{""brace_token"":[],""escaped_control"":[],""literal_newline"":[],""markup_tag"":[""</hgh_f>"",""<hgh_f c=0>""],""printf_token"":[],""var_tag"":[]}",
HGHU-TW-004572,角色與劇情,我聽說道具店那裡有位<hgh_f c=0>訪客</hgh_f>帶來了一隻<hgh_f c=0>生病的鳥</hgh_f>！治好牠或許能推進妳的任務！,"{""brace_token"":[],""escaped_control"":[],""literal_newline"":[],""markup_tag"":[""</hgh_f>"",""</hgh_f>"",""<hgh_f c=0>"",""<hgh_f c=0>""],""printf_token"":[],""var_tag"":[]}",
HGHU-TW-004573,角色與劇情,還想要其他提示嗎？再來問我吧！,"{""brace_token"":[],""escaped_control"":[],""literal_newline"":[],""markup_tag"":[],""printf_token"":[],""var_tag"":[]}",
HGHU-TW-004574,角色與劇情,我認識一個足智多謀的小女孩。她經常去<hgh_f c=0>孵化場</hgh_f>。去跟她談談吧！,"{""brace_token"":[],""escaped_control"":[],""literal_newline"":[],""markup_tag"":[""</hgh_f>"",""<hgh_f c=0>""],""printf_token"":[],""var_tag"":[]}",
HGHU-TW-004575,角色與劇情,還想要其他提示嗎？再來問我吧！,"{""brace_token"":[],""escaped_control"":[],""literal_newline"":[],""markup_tag"":[],""printf_token"":[],""var_tag"":[]}",
HGHU-TW-004576,角色與劇情,<hgh_f c=0>市長</hgh_f>正在找妳！或許他會有一些答案！去藝廊那邊看看吧。,"{""brace_token"":[],""escaped_control"":[],""literal_newline"":[],""markup_tag"":[""</hgh_f>"",""<hgh_f c=0>""],""printf_token"":[],""var_tag"":[]}",
HGHU-TW-004577,角色與劇情,還想要其他提示嗎？再來問我吧！,"{""brace_token"":[],""escaped_control"":[],""literal_newline"":[],""markup_tag"":[],""printf_token"":[],""var_tag"":[]}",
HGHU-TW-004578,角色與劇情,妳的螃蟹形態在水下移動時非常有用。,"{""brace_token"":[],""escaped_control"":[],""literal_newline"":[],""markup_tag"":[],""printf_token"":[],""var_tag"":[]}",
HGHU-TW-004579,角色與劇情,還想要其他提示嗎？再來問我吧！,"{""brace_token"":[],""escaped_control"":[],""literal_newline"":[],""markup_tag"":[],""printf_token"":[],""var_tag"":[]}",
HGHU-TW-004580,角色與劇情,購買傳送之舞會讓搜尋以前的區域變得容易許多。,"{""brace_token"":[],""escaped_control"":[],""literal_newline"":[],""markup_tag"":[],""printf_token"":[],""var_tag"":[]}",
HGHU-TW-004581,角色與劇情,還想要其他提示嗎？再來問我吧！,"{""brace_token"":[],""escaped_control"":[],""literal_newline"":[],""markup_tag"":[],""printf_token"":[],""var_tag"":[]}",
HGHU-TW-004582,角色與劇情,在<hgh_f c=0>主街</hgh_f>的<hgh_f c=0>燃燒屋頂</hgh_f>上搜尋，找到關鍵道具！,"{""brace_token"":[],""escaped_control"":[],""literal_newline"":[],""markup_tag"":[""</hgh_f>"",""</hgh_f>"",""<hgh_f c=0>"",""<hgh_f c=0>""],""printf_token"":[],""var_tag"":[]}",
HGHU-TW-004583,角色與劇情,還想要其他提示嗎？再來問我吧！,"{""brace_token"":[],""escaped_control"":[],""literal_newline"":[],""markup_tag"":[],""printf_token"":[],""var_tag"":[]}",
HGHU-TW-004584,角色與劇情,我聽說<hgh_f c=0>工廠</hgh_f>裡有一塊神祕的<hgh_f c=0>石塊</hgh_f>。妳得有<hgh_f c=0>大象</hgh_f>般的力氣才能砸碎那種東西！,"{""brace_token"":[],""escaped_control"":[],""literal_newline"":[],""markup_tag"":[""</hgh_f>"",""</hgh_f>"",""</hgh_f>"",""<hgh_f c=0>"",""<hgh_f c=0>"",""<hgh_f c=0>""],""printf_token"":[],""var_tag"":[]}",
HGHU-TW-004585,角色與劇情,還想要其他提示嗎？再來問我吧！,"{""brace_token"":[],""escaped_control"":[],""literal_newline"":[],""markup_tag"":[],""printf_token"":[],""var_tag"":[]}",
HGHU-TW-004586,角色與劇情,<hgh_f c=0>瀑布工廠區</hgh_f>裡那些<hgh_f c=0>科技男爵的手下</hgh_f>不喜歡<hgh_f c=0>火</hgh_f>！用<hgh_f c=0>火球</hgh_f>擊敗他們！妳或許能得到重要的<hgh_f c=0>道具</hgh_f>作為回報！,"{""brace_token"":[],""escaped_control"":[],""literal_newline"":[],""markup_tag"":[""</hgh_f>"",""</hgh_f>"",""</hgh_f>"",""</hgh_f>"",""</hgh_f>"",""<hgh_f c=0>"",""<hgh_f c=0>"",""<hgh_f c=0>"",""<hgh_f c=0>"",""<hgh_f c=0>""],""printf_token"":[],""var_tag"":[]}",
HGHU-TW-004587,角色與劇情,那是<hgh_f c=0>斯卡托鎮廣場</hgh_f>！我們晚點再回那裡！,"{""brace_token"":[],""escaped_control"":[],""literal_newline"":[],""markup_tag"":[""</hgh_f>"",""<hgh_f c=0>""],""printf_token"":[],""var_tag"":[]}",
HGHU-TW-004588,角色與劇情,還想要其他提示嗎？再來問我吧！,"{""brace_token"":[],""escaped_control"":[],""literal_newline"":[],""markup_tag"":[],""printf_token"":[],""var_tag"":[]}",
HGHU-TW-004589,角色與劇情,<hgh_f c=0>沙漠高塔</hgh_f>裡有個<hgh_f c=0>陌生人</hgh_f>需要妳的幫忙！,"{""brace_token"":[],""escaped_control"":[],""literal_newline"":[],""markup_tag"":[""</hgh_f>"",""</hgh_f>"",""<hgh_f c=0>"",""<hgh_f c=0>""],""printf_token"":[],""var_tag"":[]}",
HGHU-TW-004590,角色與劇情,還想要其他提示嗎？再來問我吧！,"{""brace_token"":[],""escaped_control"":[],""literal_newline"":[],""markup_tag"":[],""printf_token"":[],""var_tag"":[]}",
HGHU-TW-004591,角色與劇情,聽說那邊的<hgh_f c=0>醫生</hgh_f>是唯一能<hgh_f c=0>治癒疾病</hgh_f>的人！,"{""brace_token"":[],""escaped_control"":[],""literal_newline"":[],""markup_tag"":[""</hgh_f>"",""</hgh_f>"",""<hgh_f c=0>"",""<hgh_f c=0>""],""printf_token"":[],""var_tag"":[]}",
HGHU-TW-004592,角色與劇情,還想要其他提示嗎？再來問我吧！,"{""brace_token"":[],""escaped_control"":[],""literal_newline"":[],""markup_tag"":[],""printf_token"":[],""var_tag"":[]}",
HGHU-TW-004593,角色與劇情,現在，我們是不是該去<hgh_f c=0>主街</hgh_f>？選擇另一個降落點吧！,"{""brace_token"":[],""escaped_control"":[],""literal_newline"":[],""markup_tag"":[""</hgh_f>"",""<hgh_f c=0>""],""printf_token"":[],""var_tag"":[]}",
HGHU-TW-004594,角色與劇情,旅人們談論著在<hgh_f c=0>美人魚瀑布</hgh_f>的<hgh_f c=0>最東邊瀑布</hgh_f>附近有一道魔法傳送門！藏在那裡的東西一定很重要！,"{""brace_token"":[],""escaped_control"":[],""literal_newline"":[],""markup_tag"":[""</hgh_f>"",""</hgh_f>"",""<hgh_f c=0>"",""<hgh_f c=0>""],""printf_token"":[],""var_tag"":[]}",
HGHU-TW-004595,角色與劇情,還想要其他提示嗎？再來問我吧！,"{""brace_token"":[],""escaped_control"":[],""literal_newline"":[],""markup_tag"":[],""printf_token"":[],""var_tag"":[]}",
HGHU-TW-004596,角色與劇情,如果妳在找<hgh_f c=0>殭屍兄弟</hgh_f>，利用妳<hgh_f c=0>飛行</hgh_f>的能力去<hgh_f c=0>催眠男爵的城堡</hgh_f>找找！,"{""brace_token"":[],""escaped_control"":[],""literal_newline"":[],""markup_tag"":[""</hgh_f>"",""</hgh_f>"",""</hgh_f>"",""<hgh_f c=0>"",""<hgh_f c=0>"",""<hgh_f c=0>""],""printf_token"":[],""var_tag"":[]}",
HGHU-TW-004597,角色與劇情,還想要其他提示嗎？再來問我吧！,"{""brace_token"":[],""escaped_control"":[],""literal_newline"":[],""markup_tag"":[],""printf_token"":[],""var_tag"":[]}",
HGHU-TW-004598,角色與劇情,<hgh_f c=0>蒼藍騎士</hgh_f>和<hgh_f c=0>冒險男</hgh_f>似乎不合。在鎮上跟人們聊聊，了解他們的下落吧！,"{""brace_token"":[],""escaped_control"":[],""literal_newline"":[],""markup_tag"":[""</hgh_f>"",""</hgh_f>"",""<hgh_f c=0>"",""<hgh_f c=0>""],""printf_token"":[],""var_tag"":[]}",
HGHU-TW-004599,角色與劇情,還想要其他提示嗎？再來問我吧！,"{""brace_token"":[],""escaped_control"":[],""literal_newline"":[],""markup_tag"":[],""printf_token"":[],""var_tag"":[]}",
HGHU-TW-004600,角色與劇情,我聽說<hgh_f c=0>鎮上</hgh_f>有人擁有能<hgh_f c=0>摧毀</hgh_f>水下<hgh_f c=0>石塊</hgh_f>的力量！,"{""brace_token"":[],""escaped_control"":[],""literal_newline"":[],""markup_tag"":[""</hgh_f>"",""</hgh_f>"",""</hgh_f>"",""<hgh_f c=0>"",""<hgh_f c=0>"",""<hgh_f c=0>""],""printf_token"":[],""var_tag"":[]}",
HGHU-TW-004601,角色與劇情,還想要其他提示嗎？再來問我吧！,"{""brace_token"":[],""escaped_control"":[],""literal_newline"":[],""markup_tag"":[],""printf_token"":[],""var_tag"":[]}",
HGHU-TW-004602,角色與劇情,<hgh_f c=0>科技男爵</hgh_f>的工廠在<hgh_f c=0>美人魚瀑布</hgh_f>。聽說在頂部附近的<hgh_f c=0>小洞穴</hgh_f>裡藏著一個<hgh_f c=0>祕密</hgh_f>！,"{""brace_token"":[],""escaped_control"":[],""literal_newline"":[],""markup_tag"":[""</hgh_f>"",""</hgh_f>"",""</hgh_f>"",""</hgh_f>"",""<hgh_f c=0>"",""<hgh_f c=0>"",""<hgh_f c=0>"",""<hgh_f c=0>""],""printf_token"":[],""var_tag"":[]}",
HGHU-TW-004603,角色與劇情,還想要其他提示嗎？再來問我吧！,"{""brace_token"":[],""escaped_control"":[],""literal_newline"":[],""markup_tag"":[],""printf_token"":[],""var_tag"":[]}",
HGHU-TW-004604,角色與劇情,<hgh_f c=0>沉沒靈魂</hgh_f>和<hgh_f c=0>廢金屬</hgh_f>散落在亮片大陸的各處。<hgh_f c=0>踩遍每一朵花</hgh_f>並<hgh_f c=0>搜尋每一個池塘</hgh_f>來找到它們吧！,"{""brace_token"":[],""escaped_control"":[],""literal_newline"":[],""markup_tag"":[""</hgh_f>"",""</hgh_f>"",""</hgh_f>"",""</hgh_f>"",""<hgh_f c=0>"",""<hgh_f c=0>"",""<hgh_f c=0>"",""<hgh_f c=0>""],""printf_token"":[],""var_tag"":[]}",
HGHU-TW-004605,角色與劇情,還想要其他提示嗎？再來問我吧！,"{""brace_token"":[],""escaped_control"":[],""literal_newline"":[],""markup_tag"":[],""printf_token"":[],""var_tag"":[]}",
HGHU-TW-004606,角色與劇情,最年長的殭屍 <hgh_f c=0>阿布納 *暫譯*</hgh_f> 需要人陪陪。也許是時候去拜訪他了！,"{""brace_token"":[],""escaped_control"":[],""literal_newline"":[],""markup_tag"":[""</hgh_f>"",""<hgh_f c=0>""],""printf_token"":[],""var_tag"":[]}",
HGHU-TW-004607,角色與劇情,還想要其他提示嗎？再來問我吧！,"{""brace_token"":[],""escaped_control"":[],""literal_newline"":[],""markup_tag"":[],""printf_token"":[],""var_tag"":[]}",
HGHU-TW-004608,角色與劇情,妳是梅杜莎嗎？媽媽總是告訴我，妳走過去的時候要把視線移開。,"{""brace_token"":[],""escaped_control"":[],""literal_newline"":[],""markup_tag"":[],""printf_token"":[],""var_tag"":[]}",
HGHU-TW-004609,角色與劇情,酷！海盜們要把造船廠炸成碎片了！什麼是碎片啊？,"{""brace_token"":[],""escaped_control"":[],""literal_newline"":[],""markup_tag"":[],""printf_token"":[],""var_tag"":[]}",
HGHU-TW-004610,角色與劇情,我長大後要當海盜！,"{""brace_token"":[],""escaped_control"":[],""literal_newline"":[],""markup_tag"":[],""printf_token"":[],""var_tag"":[]}",
HGHU-TW-004611,角色與劇情,已到站啦！,"{""brace_token"":[],""escaped_control"":[],""literal_newline"":[],""markup_tag"":[],""printf_token"":[],""var_tag"":[]}",
HGHU-TW-004612,角色與劇情,當妳變成猴子的時候，肚子裡的食物也會變成猴子吃的食物嗎？好噁心！,"{""brace_token"":[],""escaped_control"":[],""literal_newline"":[],""markup_tag"":[],""printf_token"":[],""var_tag"":[]}",
HGHU-TW-004613,角色與劇情,我想學<hgh_f c=0>魔法</hgh_f>，這樣就能變出巨大的<hgh_f c=0>火球</hgh_f>了！但爸爸不准。,"{""brace_token"":[],""escaped_control"":[],""literal_newline"":[],""markup_tag"":[""</hgh_f>"",""</hgh_f>"",""<hgh_f c=0>"",""<hgh_f c=0>""],""printf_token"":[],""var_tag"":[]}",
HGHU-TW-004614,角色與劇情,妳是我媽媽嗎？,"{""brace_token"":[],""escaped_control"":[],""literal_newline"":[],""markup_tag"":[],""printf_token"":[],""var_tag"":[]}",
HGHU-TW-004615,角色與劇情,現在，關於那個<hgh_f c=0>鳥哨</hgh_f>……,"{""brace_token"":[],""escaped_control"":[],""literal_newline"":[],""markup_tag"":[""</hgh_f>"",""<hgh_f c=0>""],""printf_token"":[],""var_tag"":[]}",
HGHU-TW-004616,角色與劇情,那邊站著一個<hgh_f c=0>殭屍</hgh_f>。,"{""brace_token"":[],""escaped_control"":[],""literal_newline"":[],""markup_tag"":[""</hgh_f>"",""<hgh_f c=0>""],""printf_token"":[],""var_tag"":[]}",
HGHU-TW-004617,角色與劇情,<hgh_f c=0>旅行醫生</hgh_f>？他現在正在<hgh_f c=0>澡堂</hgh_f>。,"{""brace_token"":[],""escaped_control"":[],""literal_newline"":[],""markup_tag"":[""</hgh_f>"",""</hgh_f>"",""<hgh_f c=0>"",""<hgh_f c=0>""],""printf_token"":[],""var_tag"":[]}",
HGHU-TW-004618,角色與劇情,我剛才在<hgh_f c=0>道具店</hgh_f>那邊看到了<hgh_f c=0>蒼藍騎士</hgh_f>！,"{""brace_token"":[],""escaped_control"":[],""literal_newline"":[],""markup_tag"":[""</hgh_f>"",""</hgh_f>"",""<hgh_f c=0>"",""<hgh_f c=0>""],""printf_token"":[],""var_tag"":[]}",
HGHU-TW-004619,角色與劇情,<hgh_f c=0>藝廊</hgh_f>裡有一個巨大的<hgh_f c=0>章魚人</hgh_f>。,"{""brace_token"":[],""escaped_control"":[],""literal_newline"":[],""markup_tag"":[""</hgh_f>"",""</hgh_f>"",""<hgh_f c=0>"",""<hgh_f c=0>""],""printf_token"":[],""var_tag"":[]}",
HGHU-TW-004620,角色與劇情,我已經把它加到妳的<hgh_f c=0>副畫面</hgh_f>裡了。,"{""brace_token"":[],""escaped_control"":[],""literal_newline"":[],""markup_tag"":[""</hgh_f>"",""<hgh_f c=0>""],""printf_token"":[],""var_tag"":[]}",
HGHU-TW-004621,角色與劇情,真希望我也會<hgh_f c=0>傳送之舞</hgh_f>，這樣就能跳過無聊的事了。,"{""brace_token"":[],""escaped_control"":[],""literal_newline"":[],""markup_tag"":[""</hgh_f>"",""<hgh_f c=0>""],""printf_token"":[],""var_tag"":[]}",
HGHU-TW-004622,角色與劇情,嘿，女孩！按下 <IB action=Dance/> 來<hgh_f c=0>搖擺妳的臀部吧！</hgh_f>,"{""brace_token"":[],""escaped_control"":[],""literal_newline"":[],""markup_tag"":[""</hgh_f>"",""<IB action=Dance/>"",""<hgh_f c=0>""],""printf_token"":[],""var_tag"":[]}",
HGHU-TW-004623,角色與劇情,呀啊啊啊啊啊！海盜來襲啦！,"{""brace_token"":[],""escaped_control"":[],""literal_newline"":[],""markup_tag"":[],""printf_token"":[],""var_tag"":[]}",
HGHU-TW-004624,角色與劇情,別放棄！斯卡托鎮需要妳！,"{""brace_token"":[],""escaped_control"":[],""literal_newline"":[],""markup_tag"":[],""printf_token"":[],""var_tag"":[]}",
HGHU-TW-004625,角色與劇情,有了<hgh_f c=0>傳送之舞</hgh_f>，妳就能更快地四處移動！去<hgh_f c=0>道具店</hgh_f>買一個吧！,"{""brace_token"":[],""escaped_control"":[],""literal_newline"":[],""markup_tag"":[""</hgh_f>"",""</hgh_f>"",""<hgh_f c=0>"",""<hgh_f c=0>""],""printf_token"":[],""var_tag"":[]}",
HGHU-TW-004626,角色與劇情,妳見過<hgh_f c=0>主街</hgh_f>上的<hgh_f c=0>主廚</hgh_f>了嗎？聽說她做的<hgh_f c=0>海鹽焦糖</hgh_f>超讚的。,"{""brace_token"":[],""escaped_control"":[],""literal_newline"":[],""markup_tag"":[""</hgh_f>"",""</hgh_f>"",""</hgh_f>"",""<hgh_f c=0>"",""<hgh_f c=0>"",""<hgh_f c=0>""],""printf_token"":[],""var_tag"":[]}",
HGHU-TW-004627,角色與劇情,我到底是什麼？一個長大的嬰兒還是怎樣？為什麼我會變成這樣？,"{""brace_token"":[],""escaped_control"":[],""literal_newline"":[],""markup_tag"":[],""printf_token"":[],""var_tag"":[]}",
HGHU-TW-004628,角色與劇情,<hgh_f c=0>鱷魚</hgh_f>？那種生物只會替<hgh_f c=0>科技男爵</hgh_f>賣命。,"{""brace_token"":[],""escaped_control"":[],""literal_newline"":[],""markup_tag"":[""</hgh_f>"",""</hgh_f>"",""<hgh_f c=0>"",""<hgh_f c=0>""],""printf_token"":[],""var_tag"":[]}",
HGHU-TW-004629,角色與劇情,跳舞通常是保持身材的好方法。但妳的<hgh_f c=0>大象之舞</hgh_f>讓妳變得夠重，甚至能抵擋最<hgh_f c=0>強烈的強風</hgh_f>！,"{""brace_token"":[],""escaped_control"":[],""literal_newline"":[],""markup_tag"":[""</hgh_f>"",""</hgh_f>"",""<hgh_f c=0>"",""<hgh_f c=0>""],""printf_token"":[],""var_tag"":[]}",
HGHU-TW-004630,角色與劇情,妳收集到的所有<hgh_f c=0>道具</hgh_f>都可以在那裡找到。,"{""brace_token"":[],""escaped_control"":[],""literal_newline"":[],""markup_tag"":[""</hgh_f>"",""<hgh_f c=0>""],""printf_token"":[],""var_tag"":[]}",
HGHU-TW-004631,角色與劇情,傳說中有一件<hgh_f c=0>遺跡</hgh_f>，可以讓鳥身女妖在空中<hgh_f c=0>發射子彈</hgh_f>！,"{""brace_token"":[],""escaped_control"":[],""literal_newline"":[],""markup_tag"":[""</hgh_f>"",""</hgh_f>"",""<hgh_f c=0>"",""<hgh_f c=0>""],""printf_token"":[],""var_tag"":[]}",
HGHU-TW-004632,角色與劇情,聽說有<hgh_f c=0>三種隱藏的舞蹈</hgh_f>藏在亮片大陸的各處！,"{""brace_token"":[],""escaped_control"":[],""literal_newline"":[],""markup_tag"":[""</hgh_f>"",""<hgh_f c=0>""],""printf_token"":[],""var_tag"":[]}",
HGHU-TW-004633,角色與劇情,一個鬼鬼祟祟的蛇女跟我交換了一些非常奇怪的舞蹈動作！她來真的嗎？,"{""brace_token"":[],""escaped_control"":[],""literal_newline"":[],""markup_tag"":[],""printf_token"":[],""var_tag"":[]}",
HGHU-TW-004634,角色與劇情,如果妳需要搭便車，就去<hgh_f c=0>副畫面</hgh_f>裡<hgh_f c=0>吹響那個哨子</hgh_f>。明白了嗎？,"{""brace_token"":[],""escaped_control"":[],""literal_newline"":[],""markup_tag"":[""</hgh_f>"",""</hgh_f>"",""<hgh_f c=0>"",""<hgh_f c=0>""],""printf_token"":[],""var_tag"":[]}",
HGHU-TW-004635,角色與劇情,看來<hgh_f c=0>藝廊</hgh_f>現在關門了。這傢伙沒辦法欣賞放鬆身心的畫面了。,"{""brace_token"":[],""escaped_control"":[],""literal_newline"":[],""markup_tag"":[""</hgh_f>"",""<hgh_f c=0>""],""printf_token"":[],""var_tag"":[]}",
HGHU-TW-004636,角色與劇情,我不跑步的。,"{""brace_token"":[],""escaped_control"":[],""literal_newline"":[],""markup_tag"":[],""printf_token"":[],""var_tag"":[]}",
HGHU-TW-004637,角色與劇情,我們的鎮受到的攻擊比平常還要嚴重！希望還有能修復的東西留下！,"{""brace_token"":[],""escaped_control"":[],""literal_newline"":[],""markup_tag"":[],""printf_token"":[],""var_tag"":[]}",
HGHU-TW-004638,角色與劇情,沒問題！現在看我讓這些海盜嚐嚐我正義的絲滑分岔髮尾的厲害！,"{""brace_token"":[],""escaped_control"":[],""literal_newline"":[],""markup_tag"":[],""printf_token"":[],""var_tag"":[]}",
HGHU-TW-004639,角色與劇情,藝廊似乎開門了。何不進去看看呢？,"{""brace_token"":[],""escaped_control"":[],""literal_newline"":[],""markup_tag"":[],""printf_token"":[],""var_tag"":[]}",
HGHU-TW-004640,角色與劇情,如果妳把一枚<hgh_f c=0>銅幣</hgh_f>拋向空中，就會有隻瘋狂的鳥俯衝下來把它吞掉。我今天大概試了這個把戲十次。,"{""brace_token"":[],""escaped_control"":[],""literal_newline"":[],""markup_tag"":[""</hgh_f>"",""<hgh_f c=0>""],""printf_token"":[],""var_tag"":[]}",
HGHU-TW-004641,角色與劇情,<hgh_f c=0>市長</hgh_f>非常想見妳。但我忘記原因了！妳最好去跟他談談。,"{""brace_token"":[],""escaped_control"":[],""literal_newline"":[],""markup_tag"":[""</hgh_f>"",""<hgh_f c=0>""],""printf_token"":[],""var_tag"":[]}",
HGHU-TW-004642,角色與劇情,一件強大的<hgh_f c=0>遺跡</hgh_f>掉進了<hgh_f c=0>主街</hgh_f>附近的<hgh_f c=0>海裡</hgh_f>。,"{""brace_token"":[],""escaped_control"":[],""literal_newline"":[],""markup_tag"":[""</hgh_f>"",""</hgh_f>"",""</hgh_f>"",""<hgh_f c=0>"",""<hgh_f c=0>"",""<hgh_f c=0>""],""printf_token"":[],""var_tag"":[]}",
HGHU-TW-004643,角色與劇情,（嘆氣）,"{""brace_token"":[],""escaped_control"":[],""literal_newline"":[],""markup_tag"":[],""printf_token"":[],""var_tag"":[]}",
HGHU-TW-004644,角色與劇情,有個古怪的老<hgh_f c=0>巫師</hgh_f>住在<hgh_f c=0>美人魚瀑布</hgh_f>。,"{""brace_token"":[],""escaped_control"":[],""literal_newline"":[],""markup_tag"":[""</hgh_f>"",""</hgh_f>"",""<hgh_f c=0>"",""<hgh_f c=0>""],""printf_token"":[],""var_tag"":[]}",
HGHU-TW-004645,角色與劇情,一個粉紅色的<hgh_f c=0>黏液狀女人</hgh_f>來找妳。她就在這附近的某個地方閒晃……,"{""brace_token"":[],""escaped_control"":[],""literal_newline"":[],""markup_tag"":[""</hgh_f>"",""<hgh_f c=0>""],""printf_token"":[],""var_tag"":[]}",
HGHU-TW-004646,角色與劇情,<hgh_f c=0>瀑布遺跡</hgh_f>能讓持有者像鱒魚一樣在瀑布中穿梭！,"{""brace_token"":[],""escaped_control"":[],""literal_newline"":[],""markup_tag"":[""</hgh_f>"",""<hgh_f c=0>""],""printf_token"":[],""var_tag"":[]}",
HGHU-TW-004647,角色與劇情,快去吧。我是不會放下妳的！,"{""brace_token"":[],""escaped_control"":[],""literal_newline"":[],""markup_tag"":[],""printf_token"":[],""var_tag"":[]}",
HGHU-TW-004648,角色與劇情,事實證明，在<hgh_f c=0>飛船燃料</hgh_f>中游泳不是個健康的選擇。但既然妳有魔法，妳應該去試試。,"{""brace_token"":[],""escaped_control"":[],""literal_newline"":[],""markup_tag"":[""</hgh_f>"",""<hgh_f c=0>""],""printf_token"":[],""var_tag"":[]}",
HGHU-TW-004649,角色與劇情,妳是守護精靈！我聽說只要按下 <IB action=Attack/>，妳就能用頭髮鞭打怪物！,"{""brace_token"":[],""escaped_control"":[],""literal_newline"":[],""markup_tag"":[""<IB action=Attack/>""],""printf_token"":[],""var_tag"":[]}",
HGHU-TW-004650,角色與劇情,我要靠自己一個人對抗攻擊者！,"{""brace_token"":[],""escaped_control"":[],""literal_newline"":[],""markup_tag"":[],""printf_token"":[],""var_tag"":[]}",
HGHU-TW-004651,角色與劇情,我也不會把妳丟下的！,"{""brace_token"":[],""escaped_control"":[],""literal_newline"":[],""markup_tag"":[],""printf_token"":[],""var_tag"":[]}",
HGHU-TW-004652,角色與劇情,我長大後想成為精靈！,"{""brace_token"":[],""escaped_control"":[],""literal_newline"":[],""markup_tag"":[],""printf_token"":[],""var_tag"":[]}",
HGHU-TW-004653,角色與劇情,那邊那個奇怪的女孩是誰？她看起來好軟Q啊！,"{""brace_token"":[],""escaped_control"":[],""literal_newline"":[],""markup_tag"":[],""printf_token"":[],""var_tag"":[]}",
HGHU-TW-004654,角色與劇情,那個軟Q的女孩不見了。但我現在有點想她。也許我們可以再去拜訪她的故鄉。,"{""brace_token"":[],""escaped_control"":[],""literal_newline"":[],""markup_tag"":[],""printf_token"":[],""var_tag"":[]}",
HGHU-TW-004655,角色與劇情,不，我的意思是你得自己下去。,"{""brace_token"":[],""escaped_control"":[],""literal_newline"":[],""markup_tag"":[],""printf_token"":[],""var_tag"":[]}",
HGHU-TW-004656,角色與劇情,我是誰？為什麼我這麼小？,"{""brace_token"":[],""escaped_control"":[],""literal_newline"":[],""markup_tag"":[],""printf_token"":[],""var_tag"":[]}",
HGHU-TW-004657,角色與劇情,使用<hgh_f c=0>火焰魔法</hgh_f>來烹煮怪物！說不定他們會掉落一些肉！,"{""brace_token"":[],""escaped_control"":[],""literal_newline"":[],""markup_tag"":[""</hgh_f>"",""<hgh_f c=0>""],""printf_token"":[],""var_tag"":[]}",
HGHU-TW-004658,角色與劇情,使出<hgh_f c=0>強力踐踏</hgh_f>，妳就能把地底下的東西震出來！,"{""brace_token"":[],""escaped_control"":[],""literal_newline"":[],""markup_tag"":[""</hgh_f>"",""<hgh_f c=0>""],""printf_token"":[],""var_tag"":[]}",
HGHU-TW-004659,角色與劇情,我聽說<hgh_f c=0>工廠</hgh_f>頂端藏著一個<hgh_f c=0>祕密</hgh_f>。但妳得有辦法懸浮上去才行。,"{""brace_token"":[],""escaped_control"":[],""literal_newline"":[],""markup_tag"":[""</hgh_f>"",""</hgh_f>"",""<hgh_f c=0>"",""<hgh_f c=0>""],""printf_token"":[],""var_tag"":[]}",
HGHU-TW-004660,角色與劇情,我看到一個令人毛骨悚然的<hgh_f c=0>幽靈</hgh_f>進了<hgh_f c=0>澡堂</hgh_f>！,"{""brace_token"":[],""escaped_control"":[],""literal_newline"":[],""markup_tag"":[""</hgh_f>"",""</hgh_f>"",""<hgh_f c=0>"",""<hgh_f c=0>""],""printf_token"":[],""var_tag"":[]}",
HGHU-TW-004661,角色與劇情,只有黑暗的生物才能在黑暗中視物。,"{""brace_token"":[],""escaped_control"":[],""literal_newline"":[],""markup_tag"":[],""printf_token"":[],""var_tag"":[]}",
HGHU-TW-004662,角色與劇情,我？我是個守衛。,"{""brace_token"":[],""escaped_control"":[],""literal_newline"":[],""markup_tag"":[],""printf_token"":[],""var_tag"":[]}",
HGHU-TW-004663,角色與劇情,大家別慌！,"{""brace_token"":[],""escaped_control"":[],""literal_newline"":[],""markup_tag"":[],""printf_token"":[],""var_tag"":[]}",
HGHU-TW-004664,角色與劇情,那些海盜絕對過不了這裡！,"{""brace_token"":[],""escaped_control"":[],""literal_newline"":[],""markup_tag"":[],""printf_token"":[],""var_tag"":[]}",
HGHU-TW-004665,角色與劇情,一旦妳學會了游泳，只要有水的地方，妳就會忍不住想下去泡一泡。,"{""brace_token"":[],""escaped_control"":[],""literal_newline"":[],""markup_tag"":[],""printf_token"":[],""var_tag"":[]}",
HGHU-TW-004666,角色與劇情,去吧！,"{""brace_token"":[],""escaped_control"":[],""literal_newline"":[],""markup_tag"":[],""printf_token"":[],""var_tag"":[]}",
HGHU-TW-004667,角色與劇情,當<hgh_f c=0>斯卡托鎮</hgh_f>的守衛可不是件輕鬆的差事。有時候我得面朝左。其他時候呢？我面朝右。,"{""brace_token"":[],""escaped_control"":[],""literal_newline"":[],""markup_tag"":[""</hgh_f>"",""<hgh_f c=0>""],""printf_token"":[],""var_tag"":[]}",
HGHU-TW-004668,角色與劇情,<hgh_f c=0>市長</hgh_f>看起來有點迷路……我想幫他，但我忘了所有東西在哪裡！,"{""brace_token"":[],""escaped_control"":[],""literal_newline"":[],""markup_tag"":[""</hgh_f>"",""<hgh_f c=0>""],""printf_token"":[],""var_tag"":[]}",
HGHU-TW-004669,角色與劇情,甲殼角？那裡有魔毯比賽！門票可是很難買到的。,"{""brace_token"":[],""escaped_control"":[],""literal_newline"":[],""markup_tag"":[],""printf_token"":[],""var_tag"":[]}",
HGHU-TW-004670,角色與劇情,在找<hgh_f c=0>光之碎片</hgh_f>嗎？有個奇怪的<hgh_f c=0>隱士</hgh_f>住在<hgh_f c=0>沙漠高塔</hgh_f>裡。也許他能幫上點忙。,"{""brace_token"":[],""escaped_control"":[],""literal_newline"":[],""markup_tag"":[""</hgh_f>"",""</hgh_f>"",""</hgh_f>"",""<hgh_f c=0>"",""<hgh_f c=0>"",""<hgh_f c=0>""],""printf_token"":[],""var_tag"":[]}",
HGHU-TW-004671,角色與劇情,<hgh_f c=0>冒險男</hgh_f>被吸進了<hgh_f c=0>主街</hgh_f>下方的<hgh_f c=0>下水道管</hgh_f>裡。,"{""brace_token"":[],""escaped_control"":[],""literal_newline"":[],""markup_tag"":[""</hgh_f>"",""</hgh_f>"",""</hgh_f>"",""<hgh_f c=0>"",""<hgh_f c=0>"",""<hgh_f c=0>""],""printf_token"":[],""var_tag"":[]}",
HGHU-TW-004672,角色與劇情,地底下可以找到<hgh_f c=0>廢金屬</hgh_f>。試著在看起來可疑的地方<hgh_f c=0>重擊</hgh_f>看看！,"{""brace_token"":[],""escaped_control"":[],""literal_newline"":[],""markup_tag"":[""</hgh_f>"",""</hgh_f>"",""<hgh_f c=0>"",""<hgh_f c=0>""],""printf_token"":[],""var_tag"":[]}",
HGHU-TW-004673,角色與劇情,我怕巨型蜘蛛怕得要死。所以我絕不會靠近那個多風的沙漠洞穴。,"{""brace_token"":[],""escaped_control"":[],""literal_newline"":[],""markup_tag"":[],""printf_token"":[],""var_tag"":[]}",
HGHU-TW-004674,角色與劇情,如果妳喜歡自訂能力，就去逛逛<hgh_f c=0>道具店</hgh_f>吧！,"{""brace_token"":[],""escaped_control"":[],""literal_newline"":[],""markup_tag"":[""</hgh_f>"",""<hgh_f c=0>""],""printf_token"":[],""var_tag"":[]}",
HGHU-TW-004675,角色與劇情,這就是為什麼每個城鎮都要僱用一名<hgh_f c=0>守護精靈</hgh_f>。以防萬一嘛。,"{""brace_token"":[],""escaped_control"":[],""literal_newline"":[],""markup_tag"":[""</hgh_f>"",""<hgh_f c=0>""],""printf_token"":[],""var_tag"":[]}",
HGHU-TW-004676,角色與劇情,哎喲！她到底有什麼毛病！？,"{""brace_token"":[],""escaped_control"":[],""literal_newline"":[],""markup_tag"":[],""printf_token"":[],""var_tag"":[]}",
HGHU-TW-004677,角色與劇情,如果妳在趕走那些海盜時遇到困難，也許妳需要去<hgh_f c=0>商店</hgh_f>尋求幫助！,"{""brace_token"":[],""escaped_control"":[],""literal_newline"":[],""markup_tag"":[""</hgh_f>"",""<hgh_f c=0>""],""printf_token"":[],""var_tag"":[]}",
HGHU-TW-004678,角色與劇情,我在追的這個系列……我都搞不清楚最新版本到底是續作、重啟、軟重啟、重新發行，還是一隻軟綿綿的機器兔了。我好混亂啊！,"{""brace_token"":[],""escaped_control"":[],""literal_newline"":[],""markup_tag"":[],""printf_token"":[],""var_tag"":[]}",
HGHU-TW-004679,角色與劇情,我們的<hgh_f c=0>小主廚</hgh_f>做的甜點最棒了！但現在她的<hgh_f c=0>餐廳</hgh_f>正受到<hgh_f c=0>海盜攻擊</hgh_f>！請<hgh_f c=0>立刻</hgh_f>去幫她！,"{""brace_token"":[],""escaped_control"":[],""literal_newline"":[],""markup_tag"":[""</hgh_f>"",""</hgh_f>"",""</hgh_f>"",""</hgh_f>"",""<hgh_f c=0>"",""<hgh_f c=0>"",""<hgh_f c=0>"",""<hgh_f c=0>""],""printf_token"":[],""var_tag"":[]}",
HGHU-TW-004680,角色與劇情,我的頭上有東西！我想不起來那是什麼！把它弄掉！把它弄掉！！,"{""brace_token"":[],""escaped_control"":[],""literal_newline"":[],""markup_tag"":[],""printf_token"":[],""var_tag"":[]}",
HGHU-TW-004681,角色與劇情,大家都知道<hgh_f c=0>沙漠老鷹</hgh_f>會掉落<hgh_f c=0>怪物蛋</hgh_f>。但是，<hgh_f c=0>納迦</hgh_f>掉落的頻率更高。,"{""brace_token"":[],""escaped_control"":[],""literal_newline"":[],""markup_tag"":[""</hgh_f>"",""</hgh_f>"",""</hgh_f>"",""<hgh_f c=0>"",""<hgh_f c=0>"",""<hgh_f c=0>""],""printf_token"":[],""var_tag"":[]}",
HGHU-TW-004682,角色與劇情,買個<hgh_f c=0>傳送之舞</hgh_f>可以幫助妳更快速地四處移動！,"{""brace_token"":[],""escaped_control"":[],""literal_newline"":[],""markup_tag"":[""</hgh_f>"",""<hgh_f c=0>""],""printf_token"":[],""var_tag"":[]}",
HGHU-TW-004683,角色與劇情,有人在<hgh_f c=0>城堡</hgh_f>那邊看到了那對可愛的<hgh_f c=0>殭屍兄弟</hgh_f>。,"{""brace_token"":[],""escaped_control"":[],""literal_newline"":[],""markup_tag"":[""</hgh_f>"",""</hgh_f>"",""<hgh_f c=0>"",""<hgh_f c=0>""],""printf_token"":[],""var_tag"":[]}",
HGHU-TW-004684,角色與劇情,<hgh_f c=0>商店</hgh_f>裡那個肌肉發達的獨眼龍是誰？,"{""brace_token"":[],""escaped_control"":[],""literal_newline"":[],""markup_tag"":[""</hgh_f>"",""<hgh_f c=0>""],""printf_token"":[],""var_tag"":[]}",
HGHU-TW-004685,角色與劇情,主街上方有一個搖搖欲墜的舊平台。希望火焰沒有燒到那裡！,"{""brace_token"":[],""escaped_control"":[],""literal_newline"":[],""markup_tag"":[],""printf_token"":[],""var_tag"":[]}",
HGHU-TW-004686,角色與劇情,太糟糕了！我們的藝廊才剛重新開張，所有的鑰匙就被偷了！既然妳現在沒工作，不如去幫我把它們找回來吧？,"{""brace_token"":[],""escaped_control"":[],""literal_newline"":[],""markup_tag"":[],""printf_token"":[],""var_tag"":[]}",
HGHU-TW-004687,角色與劇情,這……這是哪裡？,"{""brace_token"":[],""escaped_control"":[],""literal_newline"":[],""markup_tag"":[],""printf_token"":[],""var_tag"":[]}",
HGHU-TW-004688,角色與劇情,別管我。我只是在處理市長的事務。非常忙。,"{""brace_token"":[],""escaped_control"":[],""literal_newline"":[],""markup_tag"":[],""printf_token"":[],""var_tag"":[]}",
HGHU-TW-004689,角色與劇情,喔，妳還在找鑰匙嗎？我把它們弄丟在——我是說，無論是誰「偷」了它們，一定把它們藏在很多地方了！,"{""brace_token"":[],""escaped_control"":[],""literal_newline"":[],""markup_tag"":[],""printf_token"":[],""var_tag"":[]}",
HGHU-TW-004690,角色與劇情,所有的海盜都是<hgh_f c=0>叮咯鬼</hgh_f>。,"{""brace_token"":[],""escaped_control"":[],""literal_newline"":[],""markup_tag"":[""</hgh_f>"",""<hgh_f c=0>""],""printf_token"":[],""var_tag"":[]}",
HGHU-TW-004691,角色與劇情,如果妳找到了任何藝廊鑰匙，就按下「上」來開門吧！,"{""brace_token"":[],""escaped_control"":[],""literal_newline"":[],""markup_tag"":[],""printf_token"":[],""var_tag"":[]}",
HGHU-TW-004692,角色與劇情,你好！很顯然地，我是個老人！,"{""brace_token"":[],""escaped_control"":[],""literal_newline"":[],""markup_tag"":[],""printf_token"":[],""var_tag"":[]}",
HGHU-TW-004693,角色與劇情,你好！很顯然地，我是個老人！,"{""brace_token"":[],""escaped_control"":[],""literal_newline"":[],""markup_tag"":[],""printf_token"":[],""var_tag"":[]}",
HGHU-TW-004694,角色與劇情,這表示這次攻擊的幕後主使一定是……,"{""brace_token"":[],""escaped_control"":[],""literal_newline"":[],""markup_tag"":[],""printf_token"":[],""var_tag"":[]}",
HGHU-TW-004695,角色與劇情,妳最好快點去<hgh_f c=0>甲殼角</hgh_f>！,"{""brace_token"":[],""escaped_control"":[],""literal_newline"":[],""markup_tag"":[""</hgh_f>"",""<hgh_f c=0>""],""printf_token"":[],""var_tag"":[]}",
HGHU-TW-004696,角色與劇情,如果妳要去<hgh_f c=0>催眠男爵的城堡</hgh_f>，一定要格外小心！,"{""brace_token"":[],""escaped_control"":[],""literal_newline"":[],""markup_tag"":[""</hgh_f>"",""<hgh_f c=0>""],""printf_token"":[],""var_tag"":[]}",
HGHU-TW-004697,角色與劇情,當妳去尋找<hgh_f c=0>雷電礦石</hgh_f>時，我們會把<hgh_f c=0>魔法磁鐵</hgh_f>改造成長距離版的！,"{""brace_token"":[],""escaped_control"":[],""literal_newline"":[],""markup_tag"":[""</hgh_f>"",""</hgh_f>"",""<hgh_f c=0>"",""<hgh_f c=0>""],""printf_token"":[],""var_tag"":[]}",
HGHU-TW-004698,角色與劇情,妳可以按 <IB action=Pause> 來查看<hgh_f c=0>副畫面</hgh_f>。把妳的口袋裝滿寶物和好吃的吧！,"{""brace_token"":[],""escaped_control"":[],""literal_newline"":[],""markup_tag"":[""</hgh_f>"",""<IB action=Pause>"",""<hgh_f c=0>""],""printf_token"":[],""var_tag"":[]}",
HGHU-TW-004699,角色與劇情,當海盜來襲時，最好是繞著圈子跑。加勒比海的人都是這樣做的。,"{""brace_token"":[],""escaped_control"":[],""literal_newline"":[],""markup_tag"":[],""printf_token"":[],""var_tag"":[]}",
HGHU-TW-004700,角色與劇情,那些小生物是為海盜 里絲琦・布茲 效命的。至少我是這麼聽說的。,"{""brace_token"":[],""escaped_control"":[],""literal_newline"":[],""markup_tag"":[],""printf_token"":[],""var_tag"":[]}",
HGHU-TW-004701,角色與劇情,一定要常跟鎮上的每個人聊天喔！我們知道很多亮片大陸的祕密！,"{""brace_token"":[],""escaped_control"":[],""literal_newline"":[],""markup_tag"":[],""printf_token"":[],""var_tag"":[]}",
HGHU-TW-004702,角色與劇情,記得要回頭去那些妳已經去過的地方看看……說不定會有什麼新發現！,"{""brace_token"":[],""escaped_control"":[],""literal_newline"":[],""markup_tag"":[],""printf_token"":[],""var_tag"":[]}",
HGHU-TW-004703,角色與劇情,妳是會變成<hgh_f c=0>汽車</hgh_f>還是<hgh_f c=0>噴射機</hgh_f>啊？我好像記不起來了！,"{""brace_token"":[],""escaped_control"":[],""literal_newline"":[],""markup_tag"":[""</hgh_f>"",""</hgh_f>"",""<hgh_f c=0>"",""<hgh_f c=0>""],""printf_token"":[],""var_tag"":[]}",
HGHU-TW-004704,角色與劇情,有個老太太住在<hgh_f c=0>工廠</hgh_f>下方的<hgh_f c=0>洞穴</hgh_f>裡。我聽說她經常為了孫子們去買<hgh_f c=0>額外的比賽門票</hgh_f>。,"{""brace_token"":[],""escaped_control"":[],""literal_newline"":[],""markup_tag"":[""</hgh_f>"",""</hgh_f>"",""</hgh_f>"",""<hgh_f c=0>"",""<hgh_f c=0>"",""<hgh_f c=0>""],""printf_token"":[],""var_tag"":[]}",
HGHU-TW-004705,角色與劇情,一個研究<hgh_f c=0>祖先</hgh_f>的奇怪男子在前往<hgh_f c=0>沙漠高塔</hgh_f>的途中經過了這裡！,"{""brace_token"":[],""escaped_control"":[],""literal_newline"":[],""markup_tag"":[""</hgh_f>"",""</hgh_f>"",""<hgh_f c=0>"",""<hgh_f c=0>""],""printf_token"":[],""var_tag"":[]}",
HGHU-TW-004706,角色與劇情,很久以前，<hgh_f c=0>美人魚</hgh_f>只要揮動尾巴就能噴出強大的<hgh_f c=0>泡泡</hgh_f>！現在，只有<hgh_f c=0>年長的海中生物</hgh_f>才知道這項技巧了。,"{""brace_token"":[],""escaped_control"":[],""literal_newline"":[],""markup_tag"":[""</hgh_f>"",""</hgh_f>"",""</hgh_f>"",""<hgh_f c=0>"",""<hgh_f c=0>"",""<hgh_f c=0>""],""printf_token"":[],""var_tag"":[]}",
HGHU-TW-004707,角色與劇情,一隻擁有<hgh_f c=0>咬咬</hgh_f>能力的老鼠會變得非常危險！,"{""brace_token"":[],""escaped_control"":[],""literal_newline"":[],""markup_tag"":[""</hgh_f>"",""<hgh_f c=0>""],""printf_token"":[],""var_tag"":[]}",
HGHU-TW-004708,角色與劇情,呵呵呵！,"{""brace_token"":[],""escaped_control"":[],""literal_newline"":[],""markup_tag"":[],""printf_token"":[],""var_tag"":[]}",
HGHU-TW-004709,角色與劇情,妳找到所有的藝廊鑰匙了嗎？也許妳應該去找找！,"{""brace_token"":[],""escaped_control"":[],""literal_newline"":[],""markup_tag"":[],""printf_token"":[],""var_tag"":[]}",
HGHU-TW-004710,角色與劇情,那個幫妳<hgh_f c=0>儲存進度</hgh_f>的老人？他總是站在鎮門口那邊。,"{""brace_token"":[],""escaped_control"":[],""literal_newline"":[],""markup_tag"":[""</hgh_f>"",""<hgh_f c=0>""],""printf_token"":[],""var_tag"":[]}",
HGHU-TW-004711,角色與劇情,在這地方永遠不會有無聊的時刻。,"{""brace_token"":[],""escaped_control"":[],""literal_newline"":[],""markup_tag"":[],""printf_token"":[],""var_tag"":[]}",
HGHU-TW-004712,角色與劇情,那些海盜還在<hgh_f c=0>主街</hgh_f>肆虐！,"{""brace_token"":[],""escaped_control"":[],""literal_newline"":[],""markup_tag"":[""</hgh_f>"",""<hgh_f c=0>""],""printf_token"":[],""var_tag"":[]}",
HGHU-TW-004713,角色與劇情,我的家很久以前就被沙塵暴給摧毀了。,"{""brace_token"":[],""escaped_control"":[],""literal_newline"":[],""markup_tag"":[],""printf_token"":[],""var_tag"":[]}",
HGHU-TW-004714,角色與劇情,<hgh_f c=0>道具店</hgh_f>裡的那個<hgh_f c=0>鳥人</hgh_f>？沒，我以前從沒在這裡見過他。,"{""brace_token"":[],""escaped_control"":[],""literal_newline"":[],""markup_tag"":[""</hgh_f>"",""</hgh_f>"",""<hgh_f c=0>"",""<hgh_f c=0>""],""printf_token"":[],""var_tag"":[]}",
HGHU-TW-004715,角色與劇情,主街下方的海底<hgh_f c=0>排水管</hgh_f>……沒。我什麼都記不起來了！,"{""brace_token"":[],""escaped_control"":[],""literal_newline"":[],""markup_tag"":[""</hgh_f>"",""<hgh_f c=0>""],""printf_token"":[],""var_tag"":[]}",
HGHU-TW-004716,角色與劇情,里絲琦・布茲！！,"{""brace_token"":[],""escaped_control"":[],""literal_newline"":[],""markup_tag"":[],""printf_token"":[],""var_tag"":[]}",
HGHU-TW-004717,角色與劇情,在<hgh_f c=0>工廠</hgh_f>的<hgh_f c=0>最東邊牆壁</hgh_f>後方尋找看看。,"{""brace_token"":[],""escaped_control"":[],""literal_newline"":[],""markup_tag"":[""</hgh_f>"",""</hgh_f>"",""<hgh_f c=0>"",""<hgh_f c=0>""],""printf_token"":[],""var_tag"":[]}",
HGHU-TW-004718,角色與劇情,<hgh_f c=0>沙漠高塔</hgh_f>裡藏著強大的<hgh_f c=0>魔法</hgh_f>。但我認識的人裡，沒有人能鑽得進那麼小的入口！,"{""brace_token"":[],""escaped_control"":[],""literal_newline"":[],""markup_tag"":[""</hgh_f>"",""</hgh_f>"",""<hgh_f c=0>"",""<hgh_f c=0>""],""printf_token"":[],""var_tag"":[]}",
HGHU-TW-004719,角色與劇情,電影小知識：妳看過經典動畫<hgh_f c=0>《小沼澤魚人》</hgh_f>嗎？,"{""brace_token"":[],""escaped_control"":[],""literal_newline"":[],""markup_tag"":[""</hgh_f>"",""<hgh_f c=0>""],""printf_token"":[],""var_tag"":[]}",
HGHU-TW-004720,角色與劇情,那是一個關於夢想嫁給一塊<hgh_f c=0>鐵板</hgh_f>的魚女孩的經典故事。,"{""brace_token"":[],""escaped_control"":[],""literal_newline"":[],""markup_tag"":[""</hgh_f>"",""<hgh_f c=0>""],""printf_token"":[],""var_tag"":[]}",
HGHU-TW-004721,角色與劇情,有趣的事實：這是一個真實的故事。,"{""brace_token"":[],""escaped_control"":[],""literal_newline"":[],""markup_tag"":[],""printf_token"":[],""var_tag"":[]}",
HGHU-TW-004722,角色與劇情,那個魚女孩的水下洞穴真的存在，就在<hgh_f c=0>沙漠綠洲</hgh_f>下方的某處。,"{""brace_token"":[],""escaped_control"":[],""literal_newline"":[],""markup_tag"":[""</hgh_f>"",""<hgh_f c=0>""],""printf_token"":[],""var_tag"":[]}",
HGHU-TW-004723,角色與劇情,如果妳能<hgh_f c=0>炸開</hgh_f>通道，妳就能看到她愛慕的對象了。,"{""brace_token"":[],""escaped_control"":[],""literal_newline"":[],""markup_tag"":[""</hgh_f>"",""<hgh_f c=0>""],""printf_token"":[],""var_tag"":[]}",
HGHU-TW-004724,角色與劇情,<hgh_f c=0>沉沒靈魂</hgh_f>就潛伏在下面，在最深最暗的水域裡。,"{""brace_token"":[],""escaped_control"":[],""literal_newline"":[],""markup_tag"":[""</hgh_f>"",""<hgh_f c=0>""],""printf_token"":[],""var_tag"":[]}",
HGHU-TW-004725,角色與劇情,當妳在半空中飛翔時，我打賭妳能輕易地查看還有哪些祕密沒被發現！,"{""brace_token"":[],""escaped_control"":[],""literal_newline"":[],""markup_tag"":[],""printf_token"":[],""var_tag"":[]}",
HGHU-TW-004726,角色與劇情,我就猜到是妳！,"{""brace_token"":[],""escaped_control"":[],""literal_newline"":[],""markup_tag"":[],""printf_token"":[],""var_tag"":[]}",
HGHU-TW-004727,角色與劇情,按下 <IB action=Dance/> 來<hgh_f c=0>跳舞</hgh_f>！,"{""brace_token"":[],""escaped_control"":[],""literal_newline"":[],""markup_tag"":[""</hgh_f>"",""<IB action=Dance/>"",""<hgh_f c=0>""],""printf_token"":[],""var_tag"":[]}",
HGHU-TW-004728,角色與劇情,嘖嘖！如果妳不介意的話，請叫我七海女王！,"{""brace_token"":[],""escaped_control"":[],""literal_newline"":[],""markup_tag"":[],""printf_token"":[],""var_tag"":[]}",
HGHU-TW-004729,角色與劇情,在跳舞時，將 <I anim=global:controller.anb seq=LSTICK scale=0.72/> 推向猴子圖示來<hgh_f c=0>變身</hgh_f>。要變回來，按下 <IB action=Dance/>。,"{""brace_token"":[],""escaped_control"":[],""literal_newline"":[],""markup_tag"":[""</hgh_f>"",""<I anim=global:controller.anb seq=LSTICK scale=0.72/>"",""<IB action=Dance/>"",""<hgh_f c=0>""],""printf_token"":[],""var_tag"":[]}",
HGHU-TW-004730,角色與劇情,妳可以在妳的<hgh_f c=0>副畫面</hgh_f>按下 <IB action=Pause/> 來重溫這個資訊。,"{""brace_token"":[],""escaped_control"":[],""literal_newline"":[],""markup_tag"":[""</hgh_f>"",""<IB action=Pause/>"",""<hgh_f c=0>""],""printf_token"":[],""var_tag"":[]}",
HGHU-TW-004731,角色與劇情,使用這個能力在空中衝刺！當以猴子型態攀爬牆壁時，往遠離牆壁的方向按住並按下 <IB action=Attack/> 來衝刺。,"{""brace_token"":[],""escaped_control"":[],""literal_newline"":[],""markup_tag"":[""<IB action=Attack/>""],""printf_token"":[],""var_tag"":[]}",
HGHU-TW-004732,角色與劇情,精靈的女兒，歡迎來到<hgh_f c=0>精靈界</hgh_f>！收下這個<hgh_f c=0>變身</hgh_f>，並<hgh_f c=0>進入光明之中</hgh_f>吧！,"{""brace_token"":[],""escaped_control"":[],""literal_newline"":[],""markup_tag"":[""</hgh_f>"",""</hgh_f>"",""</hgh_f>"",""<hgh_f c=0>"",""<hgh_f c=0>"",""<hgh_f c=0>""],""printf_token"":[],""var_tag"":[]}",
HGHU-TW-004733,角色與劇情,看來妳又在耍老把戲了。,"{""brace_token"":[],""escaped_control"":[],""literal_newline"":[],""markup_tag"":[],""printf_token"":[],""var_tag"":[]}",
HGHU-TW-004734,角色與劇情,使用這個能力來攀爬牆壁！按下 <IB action=Dance/> 來<hgh_f c=0>跳舞</hgh_f>！,"{""brace_token"":[],""escaped_control"":[],""literal_newline"":[],""markup_tag"":[""</hgh_f>"",""<IB action=Dance/>"",""<hgh_f c=0>""],""printf_token"":[],""var_tag"":[]}",
HGHU-TW-004735,角色與劇情,使用猴子之舞來攀爬垂直的牆壁！按下 <IB action=Dance/> 進入（或退出）跳舞模式。,"{""brace_token"":[],""escaped_control"":[],""literal_newline"":[],""markup_tag"":[""<IB action=Dance/>""],""printf_token"":[],""var_tag"":[]}",
HGHU-TW-004736,角色與劇情,在跳舞時，將 <I anim=global:controller.anb seq=LSTICK/> 推向猴子圖示來<hgh_f c=0>變身</hgh_f>。要變回來，按下 <IB action=Dance/>。,"{""brace_token"":[],""escaped_control"":[],""literal_newline"":[],""markup_tag"":[""</hgh_f>"",""<I anim=global:controller.anb seq=LSTICK/>"",""<IB action=Dance/>"",""<hgh_f c=0>""],""printf_token"":[],""var_tag"":[]}",
HGHU-TW-004737,角色與劇情,妳可以在妳的<hgh_f c=0>副畫面</hgh_f>按下 <IB action=Pause/> 來重溫這個資訊。,"{""brace_token"":[],""escaped_control"":[],""literal_newline"":[],""markup_tag"":[""</hgh_f>"",""<IB action=Pause/>"",""<hgh_f c=0>""],""printf_token"":[],""var_tag"":[]}",
HGHU-TW-004738,角色與劇情,妳看起來不太高興見到我啊！,"{""brace_token"":[],""escaped_control"":[],""literal_newline"":[],""markup_tag"":[],""printf_token"":[],""var_tag"":[]}",
HGHU-TW-004739,角色與劇情,按下 <IB action=Dance/> 來<hgh_f c=0>跳舞</hgh_f>！,"{""brace_token"":[],""escaped_control"":[],""literal_newline"":[],""markup_tag"":[""</hgh_f>"",""<IB action=Dance/>"",""<hgh_f c=0>""],""printf_token"":[],""var_tag"":[]}",
HGHU-TW-004740,角色與劇情,在跳舞時，朝向猴子圖示的方向按下以<hgh_f c=0>變身</hgh_f>。要變回來，按下 <IB action=Dance/>。,"{""brace_token"":[],""escaped_control"":[],""literal_newline"":[],""markup_tag"":[""</hgh_f>"",""<IB action=Dance/>"",""<hgh_f c=0>""],""printf_token"":[],""var_tag"":[]}",
HGHU-TW-004741,角色與劇情,妳可以在妳的<hgh_f c=0>副畫面</hgh_f>按下 <IB action=Pause/> 來重溫這個資訊。,"{""brace_token"":[],""escaped_control"":[],""literal_newline"":[],""markup_tag"":[""</hgh_f>"",""<IB action=Pause/>"",""<hgh_f c=0>""],""printf_token"":[],""var_tag"":[]}",
HGHU-TW-004742,角色與劇情,沒關係。,"{""brace_token"":[],""escaped_control"":[],""literal_newline"":[],""markup_tag"":[],""printf_token"":[],""var_tag"":[]}",
HGHU-TW-004743,角色與劇情,使用這個能力來撞開障礙物！按下 <IB action=Dance/> 來<hgh_f c=0>跳舞</hgh_f>！,"{""brace_token"":[],""escaped_control"":[],""literal_newline"":[],""markup_tag"":[""</hgh_f>"",""<IB action=Dance/>"",""<hgh_f c=0>""],""printf_token"":[],""var_tag"":[]}",
HGHU-TW-004744,角色與劇情,按下 <IB action=Dance/> 進入（或退出）跳舞模式。,"{""brace_token"":[],""escaped_control"":[],""literal_newline"":[],""markup_tag"":[""<IB action=Dance/>""],""printf_token"":[],""var_tag"":[]}",
HGHU-TW-004745,角色與劇情,在跳舞時，將 <I anim=global:controller.anb seq=LSTICK scale=0.7/> 推向 TEMP 圖示來<hgh_f c=0>變身</hgh_f>。要變回來，按下 <IB action=Dance/>。,"{""brace_token"":[],""escaped_control"":[],""literal_newline"":[],""markup_tag"":[""</hgh_f>"",""<I anim=global:controller.anb seq=LSTICK scale=0.7/>"",""<IB action=Dance/>"",""<hgh_f c=0>""],""printf_token"":[],""var_tag"":[]}",
HGHU-TW-004746,角色與劇情,妳可以在妳的<hgh_f c=0>副畫面</hgh_f>按下 <IB action=Pause/> 來重溫這個資訊。,"{""brace_token"":[],""escaped_control"":[],""literal_newline"":[],""markup_tag"":[""</hgh_f>"",""<IB action=Pause/>"",""<hgh_f c=0>""],""printf_token"":[],""var_tag"":[]}",
HGHU-TW-004747,角色與劇情,我已經拿到了我要的東西！,"{""brace_token"":[],""escaped_control"":[],""literal_newline"":[],""markup_tag"":[],""printf_token"":[],""var_tag"":[]}",
HGHU-TW-004748,角色與劇情,使用這個能力在水下移動！按下 <IB action=Dance/> 來<hgh_f c=0>跳舞</hgh_f>！,"{""brace_token"":[],""escaped_control"":[],""literal_newline"":[],""markup_tag"":[""</hgh_f>"",""<IB action=Dance/>"",""<hgh_f c=0>""],""printf_token"":[],""var_tag"":[]}",
HGHU-TW-004749,角色與劇情,按下 <IB action=Dance/> 進入（或退出）跳舞模式。,"{""brace_token"":[],""escaped_control"":[],""literal_newline"":[],""markup_tag"":[""<IB action=Dance/>""],""printf_token"":[],""var_tag"":[]}",
HGHU-TW-004750,角色與劇情,在跳舞時，將 <I anim=global:controller.anb seq=LSTICK/> 推向 TEMP 圖示來<hgh_f c=0>變身</hgh_f>。要變回來，按下 <IB action=Dance/>。,"{""brace_token"":[],""escaped_control"":[],""literal_newline"":[],""markup_tag"":[""</hgh_f>"",""<I anim=global:controller.anb seq=LSTICK/>"",""<IB action=Dance/>"",""<hgh_f c=0>""],""printf_token"":[],""var_tag"":[]}",
HGHU-TW-004751,角色與劇情,妳可以在妳的<hgh_f c=0>副畫面</hgh_f>按下 <IB action=Pause/> 來重溫這個資訊。,"{""brace_token"":[],""escaped_control"":[],""literal_newline"":[],""markup_tag"":[""</hgh_f>"",""<IB action=Pause/>"",""<hgh_f c=0>""],""printf_token"":[],""var_tag"":[]}",
HGHU-TW-004752,角色與劇情,使用這個能力來水平懸浮！按下 <IB action=Dance/> 來<hgh_f c=0>跳舞</hgh_f>！,"{""brace_token"":[],""escaped_control"":[],""literal_newline"":[],""markup_tag"":[""</hgh_f>"",""<IB action=Dance/>"",""<hgh_f c=0>""],""printf_token"":[],""var_tag"":[]}",
HGHU-TW-004753,角色與劇情,按下 <IB action=Dance/> 進入（或退出）跳舞模式。,"{""brace_token"":[],""escaped_control"":[],""literal_newline"":[],""markup_tag"":[""<IB action=Dance/>""],""printf_token"":[],""var_tag"":[]}",
HGHU-TW-004754,角色與劇情,在跳舞時，將 <I anim=global:controller.anb seq=LSTICK/> 推向 TEMP 圖示來<hgh_f c=0>變身</hgh_f>。要變回來，按下 <IB action=Dance/>。,"{""brace_token"":[],""escaped_control"":[],""literal_newline"":[],""markup_tag"":[""</hgh_f>"",""<I anim=global:controller.anb seq=LSTICK/>"",""<IB action=Dance/>"",""<hgh_f c=0>""],""printf_token"":[],""var_tag"":[]}",
HGHU-TW-004755,角色與劇情,妳可以在妳的<hgh_f c=0>副畫面</hgh_f>按下 <IB action=Pause/> 來重溫這個資訊。,"{""brace_token"":[],""escaped_control"":[],""literal_newline"":[],""markup_tag"":[""</hgh_f>"",""<IB action=Pause/>"",""<hgh_f c=0>""],""printf_token"":[],""var_tag"":[]}",
HGHU-TW-004756,角色與劇情,妳在找這個嗎？,"{""brace_token"":[],""escaped_control"":[],""literal_newline"":[],""markup_tag"":[],""printf_token"":[],""var_tag"":[]}",
HGHU-TW-004757,角色與劇情,使用這個能力來進入狹小的空間！按下 <IB action=Dance/> 來<hgh_f c=0>跳舞</hgh_f>！,"{""brace_token"":[],""escaped_control"":[],""literal_newline"":[],""markup_tag"":[""</hgh_f>"",""<IB action=Dance/>"",""<hgh_f c=0>""],""printf_token"":[],""var_tag"":[]}",
HGHU-TW-004758,角色與劇情,按下 <IB action=Dance/> 進入（或退出）跳舞模式。,"{""brace_token"":[],""escaped_control"":[],""literal_newline"":[],""markup_tag"":[""<IB action=Dance/>""],""printf_token"":[],""var_tag"":[]}",
HGHU-TW-004759,角色與劇情,在跳舞時，將 <I anim=global:controller.anb seq=LSTICK/> 推向 TEMP 圖示來<hgh_f c=0>變身</hgh_f>。要變回來，按下 <IB action=Dance/>。,"{""brace_token"":[],""escaped_control"":[],""literal_newline"":[],""markup_tag"":[""</hgh_f>"",""<I anim=global:controller.anb seq=LSTICK/>"",""<IB action=Dance/>"",""<hgh_f c=0>""],""printf_token"":[],""var_tag"":[]}",
HGHU-TW-004760,角色與劇情,妳可以在妳的<hgh_f c=0>副畫面</hgh_f>按下 <IB action=Pause/> 來重溫這個資訊。,"{""brace_token"":[],""escaped_control"":[],""literal_newline"":[],""markup_tag"":[""</hgh_f>"",""<IB action=Pause/>"",""<hgh_f c=0>""],""printf_token"":[],""var_tag"":[]}",
HGHU-TW-004761,角色與劇情,使用這個能力在水下自由移動！按下 <IB action=Dance/> 來<hgh_f c=0>跳舞</hgh_f>！,"{""brace_token"":[],""escaped_control"":[],""literal_newline"":[],""markup_tag"":[""</hgh_f>"",""<IB action=Dance/>"",""<hgh_f c=0>""],""printf_token"":[],""var_tag"":[]}",
HGHU-TW-004762,角色與劇情,按下 <IB action=Dance/> 進入（或退出）跳舞模式。,"{""brace_token"":[],""escaped_control"":[],""literal_newline"":[],""markup_tag"":[""<IB action=Dance/>""],""printf_token"":[],""var_tag"":[]}",
HGHU-TW-004763,角色與劇情,在跳舞時，將 <I anim=global:controller.anb seq=LSTICK/> 推向 TEMP 圖示來<hgh_f c=0>變身</hgh_f>。要變回來，按下 <IB action=Dance/>。,"{""brace_token"":[],""escaped_control"":[],""literal_newline"":[],""markup_tag"":[""</hgh_f>"",""<I anim=global:controller.anb seq=LSTICK/>"",""<IB action=Dance/>"",""<hgh_f c=0>""],""printf_token"":[],""var_tag"":[]}",
HGHU-TW-004764,角色與劇情,妳可以在妳的<hgh_f c=0>副畫面</hgh_f>按下 <IB action=Pause/> 來重溫這個資訊。,"{""brace_token"":[],""escaped_control"":[],""literal_newline"":[],""markup_tag"":[""</hgh_f>"",""<IB action=Pause/>"",""<hgh_f c=0>""],""printf_token"":[],""var_tag"":[]}",
HGHU-TW-004765,角色與劇情,使用這個能力在空中飛翔！按下 <IB action=Dance/> 來<hgh_f c=0>跳舞</hgh_f>！,"{""brace_token"":[],""escaped_control"":[],""literal_newline"":[],""markup_tag"":[""</hgh_f>"",""<IB action=Dance/>"",""<hgh_f c=0>""],""printf_token"":[],""var_tag"":[]}",
HGHU-TW-004766,角色與劇情,按下 <IB action=Dance/> 進入（或退出）跳舞模式。,"{""brace_token"":[],""escaped_control"":[],""literal_newline"":[],""markup_tag"":[""<IB action=Dance/>""],""printf_token"":[],""var_tag"":[]}",
HGHU-TW-004767,角色與劇情,在跳舞時，將 <I anim=global:controller.anb seq=LSTICK/> 推向 TEMP 圖示來<hgh_f c=0>變身</hgh_f>。要變回來，按下 <IB action=Dance/>。,"{""brace_token"":[],""escaped_control"":[],""literal_newline"":[],""markup_tag"":[""</hgh_f>"",""<I anim=global:controller.anb seq=LSTICK/>"",""<IB action=Dance/>"",""<hgh_f c=0>""],""printf_token"":[],""var_tag"":[]}",
HGHU-TW-004768,角色與劇情,妳可以在妳的<hgh_f c=0>副畫面</hgh_f>按下 <IB action=Pause/> 來重溫這個資訊。,"{""brace_token"":[],""escaped_control"":[],""literal_newline"":[],""markup_tag"":[""</hgh_f>"",""<IB action=Pause/>"",""<hgh_f c=0>""],""printf_token"":[],""var_tag"":[]}",
HGHU-TW-004769,角色與劇情,叔叔的<hgh_f c=0>藍圖</hgh_f>！,"{""brace_token"":[],""escaped_control"":[],""literal_newline"":[],""markup_tag"":[""</hgh_f>"",""<hgh_f c=0>""],""printf_token"":[],""var_tag"":[]}",
HGHU-TW-004770,角色與劇情,二段跳來抓取天花板！按下 <IB action=Dance/> 來<hgh_f c=0>跳舞</hgh_f>！,"{""brace_token"":[],""escaped_control"":[],""literal_newline"":[],""markup_tag"":[""</hgh_f>"",""<IB action=Dance/>"",""<hgh_f c=0>""],""printf_token"":[],""var_tag"":[]}",
HGHU-TW-004771,角色與劇情,按下 <IB action=Dance/> 進入（或退出）跳舞模式。,"{""brace_token"":[],""escaped_control"":[],""literal_newline"":[],""markup_tag"":[""<IB action=Dance/>""],""printf_token"":[],""var_tag"":[]}",
HGHU-TW-004772,角色與劇情,在跳舞時，將 <I anim=global:controller.anb seq=LSTICK/> 推向 TEMP 圖示來<hgh_f c=0>變身</hgh_f>。要變回來，按下 <IB action=Dance/>。,"{""brace_token"":[],""escaped_control"":[],""literal_newline"":[],""markup_tag"":[""</hgh_f>"",""<I anim=global:controller.anb seq=LSTICK/>"",""<IB action=Dance/>"",""<hgh_f c=0>""],""printf_token"":[],""var_tag"":[]}",
HGHU-TW-004773,角色與劇情,妳可以在妳的<hgh_f c=0>副畫面</hgh_f>按下 <IB action=Pause/> 來重溫這個資訊。,"{""brace_token"":[],""escaped_control"":[],""literal_newline"":[],""markup_tag"":[""</hgh_f>"",""<IB action=Pause/>"",""<hgh_f c=0>""],""printf_token"":[],""var_tag"":[]}",
HGHU-TW-004774,角色與劇情,把那個還給我！,"{""brace_token"":[],""escaped_control"":[],""literal_newline"":[],""markup_tag"":[],""printf_token"":[],""var_tag"":[]}",
HGHU-TW-004775,角色與劇情,妳那個尋找遺跡的笨叔叔總是在發掘失落時代的寶物。,"{""brace_token"":[],""escaped_control"":[],""literal_newline"":[],""markup_tag"":[],""printf_token"":[],""var_tag"":[]}",
HGHU-TW-004776,角色與劇情,不管這張<hgh_f c=0>藍圖</hgh_f>裡藏著什麼秘密，我全都要！,"{""brace_token"":[],""escaped_control"":[],""literal_newline"":[],""markup_tag"":[""</hgh_f>"",""<hgh_f c=0>""],""printf_token"":[],""var_tag"":[]}",
HGHU-TW-004777,角色與劇情,不然我怎麼能奪回我作為<hgh_f c=0>整個亮片大陸</hgh_f><hgh_f c=0>統治者</hgh_f>的合法地位呢！！,"{""brace_token"":[],""escaped_control"":[],""literal_newline"":[],""markup_tag"":[""</hgh_f>"",""</hgh_f>"",""<hgh_f c=0>"",""<hgh_f c=0>""],""printf_token"":[],""var_tag"":[]}",
HGHU-TW-004778,角色與劇情,呵呵呵！,"{""brace_token"":[],""escaped_control"":[],""literal_newline"":[],""markup_tag"":[],""printf_token"":[],""var_tag"":[]}",
HGHU-TW-004779,角色與劇情,現在閃開，否則就準備承受我的「局部有機、花崗岩級、IP67 叮咯蛞蝓」的威力吧！,"{""brace_token"":[],""escaped_control"":[],""literal_newline"":[],""markup_tag"":[],""printf_token"":[],""var_tag"":[]}",
HGHU-TW-004780,角色與劇情,菊.花.屁.魚？,"{""brace_token"":[],""escaped_control"":[],""literal_newline"":[],""markup_tag"":[],""printf_token"":[],""var_tag"":[]}",
HGHU-TW-004781,角色與劇情,別那樣叫它！,"{""brace_token"":[],""escaped_control"":[],""literal_newline"":[],""markup_tag"":[],""printf_token"":[],""var_tag"":[]}",
HGHU-TW-004782,角色與劇情,小的們！,"{""brace_token"":[],""escaped_control"":[],""literal_newline"":[],""markup_tag"":[],""printf_token"":[],""var_tag"":[]}",
HGHU-TW-004783,角色與劇情,準備戰鬥！,"{""brace_token"":[],""escaped_control"":[],""literal_newline"":[],""markup_tag"":[],""printf_token"":[],""var_tag"":[]}",
HGHU-TW-004784,角色與劇情,給這小丫頭一點苦頭嚐嚐！,"{""brace_token"":[],""escaped_control"":[],""literal_newline"":[],""markup_tag"":[],""printf_token"":[],""var_tag"":[]}",
HGHU-TW-004785,角色與劇情,交出<hgh_f c=0>藍圖</hgh_f>，里絲琦・布茲！,"{""brace_token"":[],""escaped_control"":[],""literal_newline"":[],""markup_tag"":[""</hgh_f>"",""<hgh_f c=0>""],""printf_token"":[],""var_tag"":[]}",
HGHU-TW-004786,角色與劇情,看來，妳佔了上風。,"{""brace_token"":[],""escaped_control"":[],""literal_newline"":[],""markup_tag"":[],""printf_token"":[],""var_tag"":[]}",
HGHU-TW-004787,角色與劇情,但妳只是在拖延我必然的勝利而已！,"{""brace_token"":[],""escaped_control"":[],""literal_newline"":[],""markup_tag"":[],""printf_token"":[],""var_tag"":[]}",
HGHU-TW-004788,角色與劇情,走著瞧，小矮子！,"{""brace_token"":[],""escaped_control"":[],""literal_newline"":[],""markup_tag"":[],""printf_token"":[],""var_tag"":[]}",
HGHU-TW-004789,角色與劇情,現在給我讓開，旱鴨子們！,"{""brace_token"":[],""escaped_control"":[],""literal_newline"":[],""markup_tag"":[],""printf_token"":[],""var_tag"":[]}",
HGHU-TW-004790,角色與劇情,呵呵呵！,"{""brace_token"":[],""escaped_control"":[],""literal_newline"":[],""markup_tag"":[],""printf_token"":[],""var_tag"":[]}",
HGHU-TW-004791,角色與劇情,別再回來了！,"{""brace_token"":[],""escaped_control"":[],""literal_newline"":[],""markup_tag"":[],""printf_token"":[],""var_tag"":[]}",
HGHU-TW-004792,角色與劇情,嘿！嚐嚐這個的滋味吧！,"{""brace_token"":[],""escaped_control"":[],""literal_newline"":[],""markup_tag"":[],""printf_token"":[],""var_tag"":[]}",
HGHU-TW-004793,角色與劇情,我這次居然馬上就打敗她了！,"{""brace_token"":[],""escaped_control"":[],""literal_newline"":[],""markup_tag"":[],""printf_token"":[],""var_tag"":[]}",
HGHU-TW-004794,角色與劇情,我最好把這些藍圖帶回去給叔叔。,"{""brace_token"":[],""escaped_control"":[],""literal_newline"":[],""markup_tag"":[],""printf_token"":[],""var_tag"":[]}",
HGHU-TW-004795,角色與劇情,你是說里絲琦之後就開船逃跑了？,"{""brace_token"":[],""escaped_control"":[],""literal_newline"":[],""markup_tag"":[],""printf_token"":[],""var_tag"":[]}",
HGHU-TW-004796,角色與劇情,讓她給溜了。對不起，叔叔。,"{""brace_token"":[],""escaped_control"":[],""literal_newline"":[],""markup_tag"":[],""printf_token"":[],""var_tag"":[]}",
HGHU-TW-004797,角色與劇情,好啦，好啦。往好處想！,"{""brace_token"":[],""escaped_control"":[],""literal_newline"":[],""markup_tag"":[],""printf_token"":[],""var_tag"":[]}",
HGHU-TW-004798,角色與劇情,沒有人受傷，而且你成功把<hgh_f c=0>藍圖</hgh_f>拿回來了！,"{""brace_token"":[],""escaped_control"":[],""literal_newline"":[],""markup_tag"":[""</hgh_f>"",""<hgh_f c=0>""],""printf_token"":[],""var_tag"":[]}",
HGHU-TW-004799,角色與劇情,好吧，你被開除了。,"{""brace_token"":[],""escaped_control"":[],""literal_newline"":[],""markup_tag"":[],""printf_token"":[],""var_tag"":[]}",
HGHU-TW-004800,角色與劇情,被開除？又來？！,"{""brace_token"":[],""escaped_control"":[],""literal_newline"":[],""markup_tag"":[],""printf_token"":[],""var_tag"":[]}",
HGHU-TW-004801,角色與劇情,是啊。主街一片狼藉，海盜還在鎮上到處亂竄。,"{""brace_token"":[],""escaped_control"":[],""literal_newline"":[],""markup_tag"":[],""printf_token"":[],""var_tag"":[]}",
HGHU-TW-004802,角色與劇情,我要去登廣告找一位<hgh_f c=0>新</hgh_f>的守護精靈了！,"{""brace_token"":[],""escaped_control"":[],""literal_newline"":[],""markup_tag"":[""</hgh_f>"",""<hgh_f c=0>""],""printf_token"":[],""var_tag"":[]}",
HGHU-TW-004803,角色與劇情,一位能永遠擺平那些海盜的精靈！,"{""brace_token"":[],""escaped_control"":[],""literal_newline"":[],""markup_tag"":[],""printf_token"":[],""var_tag"":[]}",
HGHU-TW-004804,角色與劇情,這年頭有非～常多半精靈在守護城鎮。,"{""brace_token"":[],""escaped_control"":[],""literal_newline"":[],""markup_tag"":[],""printf_token"":[],""var_tag"":[]}",
HGHU-TW-004805,角色與劇情,肯定有人會想請調到海灘小鎮的。,"{""brace_token"":[],""escaped_control"":[],""literal_newline"":[],""markup_tag"":[],""printf_token"":[],""var_tag"":[]}",
HGHU-TW-004806,角色與劇情,免租金！無敵海景！魚腥味可以忽略不計！今天就來申請！,"{""brace_token"":[],""escaped_control"":[],""literal_newline"":[],""markup_tag"":[],""printf_token"":[],""var_tag"":[]}",
HGHU-TW-004807,角色與劇情,我從來沒享受過免租金。,"{""brace_token"":[],""escaped_control"":[],""literal_newline"":[],""markup_tag"":[],""printf_token"":[],""var_tag"":[]}",
HGHU-TW-004808,角色與劇情,呸。別理他。,"{""brace_token"":[],""escaped_control"":[],""literal_newline"":[],""markup_tag"":[],""printf_token"":[],""var_tag"":[]}",
HGHU-TW-004809,角色與劇情,等這台<hgh_f c=0>發電機</hgh_f>完成後，他就會回心轉意的！,"{""brace_token"":[],""escaped_control"":[],""literal_newline"":[],""markup_tag"":[""</hgh_f>"",""<hgh_f c=0>""],""printf_token"":[],""var_tag"":[]}",
HGHU-TW-004810,角色與劇情,您說了算，叔叔……,"{""brace_token"":[],""escaped_control"":[],""literal_newline"":[],""markup_tag"":[],""printf_token"":[],""var_tag"":[]}",
HGHU-TW-004811,角色與劇情,事實上，我該馬上回去工作了！,"{""brace_token"":[],""escaped_control"":[],""literal_newline"":[],""markup_tag"":[],""printf_token"":[],""var_tag"":[]}",
HGHU-TW-004812,角色與劇情,你何不去看看<hgh_f c=0>鎮上</hgh_f>有沒有人需要<hgh_f c=0>幫忙</hgh_f>？,"{""brace_token"":[],""escaped_control"":[],""literal_newline"":[],""markup_tag"":[""</hgh_f>"",""</hgh_f>"",""<hgh_f c=0>"",""<hgh_f c=0>""],""printf_token"":[],""var_tag"":[]}",
HGHU-TW-004813,角色與劇情,好吧。,"{""brace_token"":[],""escaped_control"":[],""literal_newline"":[],""markup_tag"":[],""printf_token"":[],""var_tag"":[]}",
HGHU-TW-004814,角色與劇情,祝您好運，叔叔。,"{""brace_token"":[],""escaped_control"":[],""literal_newline"":[],""markup_tag"":[],""printf_token"":[],""var_tag"":[]}",
HGHU-TW-004815,角色與劇情,我已經準bay就緒了……,"{""brace_token"":[],""escaped_control"":[],""literal_newline"":[],""markup_tag"":[],""printf_token"":[],""var_tag"":[]}",
HGHU-TW-004816,角色與劇情,……如果有人需要我的話。,"{""brace_token"":[],""escaped_control"":[],""literal_newline"":[],""markup_tag"":[],""printf_token"":[],""var_tag"":[]}",
HGHU-TW-004817,角色與劇情,有了這些<hgh_f c=0>藍圖</hgh_f>在手，我就可以馬上繼續建造<hgh_f c=0>發電機</hgh_f>了！,"{""brace_token"":[],""escaped_control"":[],""literal_newline"":[],""markup_tag"":[""</hgh_f>"",""</hgh_f>"",""<hgh_f c=0>"",""<hgh_f c=0>""],""printf_token"":[],""var_tag"":[]}",
HGHU-TW-004818,角色與劇情,呀啊啊啊！！太可怕了！,"{""brace_token"":[],""escaped_control"":[],""literal_newline"":[],""markup_tag"":[],""printf_token"":[],""var_tag"":[]}",
HGHU-TW-004819,角色與劇情,誰來幫幫我！,"{""brace_token"":[],""escaped_control"":[],""literal_newline"":[],""markup_tag"":[],""printf_token"":[],""var_tag"":[]}",
HGHU-TW-004820,角色與劇情,我們村子裡所有的年輕少女！,"{""brace_token"":[],""escaped_control"":[],""literal_newline"":[],""markup_tag"":[],""printf_token"":[],""var_tag"":[]}",
HGHU-TW-004821,角色與劇情,她們……<hgh_f c=0>失蹤了</hgh_f>！,"{""brace_token"":[],""escaped_control"":[],""literal_newline"":[],""markup_tag"":[""</hgh_f>"",""<hgh_f c=0>""],""printf_token"":[],""var_tag"":[]}",
HGHU-TW-004822,角色與劇情,我聽說這鎮上住著一位<hgh_f c=0>守護精靈</hgh_f>。一定就是妳吧！,"{""brace_token"":[],""escaped_control"":[],""literal_newline"":[],""markup_tag"":[""</hgh_f>"",""<hgh_f c=0>""],""printf_token"":[],""var_tag"":[]}",
HGHU-TW-004823,角色與劇情,拜託！妳願意幫幫我們村子嗎？,"{""brace_token"":[],""escaped_control"":[],""literal_newline"":[],""markup_tag"":[],""printf_token"":[],""var_tag"":[]}",
HGHU-TW-004824,角色與劇情,拜託！妳願意幫幫我們村子嗎？,"{""brace_token"":[],""escaped_control"":[],""literal_newline"":[],""markup_tag"":[],""printf_token"":[],""var_tag"":[]}",
HGHU-TW-004825,角色與劇情,真可悲。難道沒人願意幫我嗎？,"{""brace_token"":[],""escaped_control"":[],""literal_newline"":[],""markup_tag"":[],""printf_token"":[],""var_tag"":[]}",
HGHU-TW-004826,角色與劇情,喔，謝謝妳，謝謝妳！,"{""brace_token"":[],""escaped_control"":[],""literal_newline"":[],""markup_tag"":[],""printf_token"":[],""var_tag"":[]}",
HGHU-TW-004827,角色與劇情,這是一張前往<hgh_f c=0>美人魚瀑布</hgh_f>的<hgh_f c=0>地圖</hgh_f>！,"{""brace_token"":[],""escaped_control"":[],""literal_newline"":[],""markup_tag"":[""</hgh_f>"",""</hgh_f>"",""<hgh_f c=0>"",""<hgh_f c=0>""],""printf_token"":[],""var_tag"":[]}",
HGHU-TW-004828,角色與劇情,妳得<hgh_f c=0>飛去那裡</hgh_f>，而且要快！,"{""brace_token"":[],""escaped_control"":[],""literal_newline"":[],""markup_tag"":[""</hgh_f>"",""<hgh_f c=0>""],""printf_token"":[],""var_tag"":[]}",
HGHU-TW-004829,角色與劇情,……在有<hgh_f c=0>更多</hgh_f>年輕少女<hgh_f c=0>消失</hgh_f>之前！,"{""brace_token"":[],""escaped_control"":[],""literal_newline"":[],""markup_tag"":[""</hgh_f>"",""</hgh_f>"",""<hgh_f c=0>"",""<hgh_f c=0>""],""printf_token"":[],""var_tag"":[]}",
HGHU-TW-004830,角色與劇情,快點！去<hgh_f c=0>美人魚瀑布</hgh_f>找回失蹤的少女吧！,"{""brace_token"":[],""escaped_control"":[],""literal_newline"":[],""markup_tag"":[""</hgh_f>"",""<hgh_f c=0>""],""printf_token"":[],""var_tag"":[]}",
HGHU-TW-004831,角色與劇情,桑塔！妳手裡拿著什麼？一張<hgh_f c=0>地圖</hgh_f>？,"{""brace_token"":[],""escaped_control"":[],""literal_newline"":[],""markup_tag"":[""</hgh_f>"",""<hgh_f c=0>""],""printf_token"":[],""var_tag"":[]}",
HGHU-TW-004832,角色與劇情,放輕鬆！我又不打算碰它！哎呀……,"{""brace_token"":[],""escaped_control"":[],""literal_newline"":[],""markup_tag"":[],""printf_token"":[],""var_tag"":[]}",
HGHU-TW-004833,角色與劇情,這是一張前往<hgh_f c=0>美人魚瀑布</hgh_f>的地圖！,"{""brace_token"":[],""escaped_control"":[],""literal_newline"":[],""markup_tag"":[""</hgh_f>"",""<hgh_f c=0>""],""printf_token"":[],""var_tag"":[]}",
HGHU-TW-004834,角色與劇情,妳要去那裡嗎？,"{""brace_token"":[],""escaped_control"":[],""literal_newline"":[],""markup_tag"":[],""printf_token"":[],""var_tag"":[]}",
HGHU-TW-004835,角色與劇情,看來是這樣。,"{""brace_token"":[],""escaped_control"":[],""literal_newline"":[],""markup_tag"":[],""printf_token"":[],""var_tag"":[]}",
HGHU-TW-004836,角色與劇情,那妳要小心點。那裡的美人魚可能非常危險。,"{""brace_token"":[],""escaped_control"":[],""literal_newline"":[],""markup_tag"":[],""printf_token"":[],""var_tag"":[]}",
HGHU-TW-004837,角色與劇情,尤其是鹹水品種。,"{""brace_token"":[],""escaped_control"":[],""literal_newline"":[],""markup_tag"":[],""printf_token"":[],""var_tag"":[]}",
HGHU-TW-004838,角色與劇情,她們才傷不了我！畢竟我是這鎮上的<hgh_f c=0>守護精</hgh_f>——,"{""brace_token"":[],""escaped_control"":[],""literal_newline"":[],""markup_tag"":[""</hgh_f>"",""<hgh_f c=0>""],""printf_token"":[],""var_tag"":[]}",
HGHU-TW-004839,角色與劇情,等等！,"{""brace_token"":[],""escaped_control"":[],""literal_newline"":[],""markup_tag"":[],""printf_token"":[],""var_tag"":[]}",
HGHU-TW-004840,角色與劇情,我想向妳介紹一個人。,"{""brace_token"":[],""escaped_control"":[],""literal_newline"":[],""markup_tag"":[],""printf_token"":[],""var_tag"":[]}",
HGHU-TW-004841,角色與劇情,妳好。妳是哪位？,"{""brace_token"":[],""escaped_control"":[],""literal_newline"":[],""markup_tag"":[],""printf_token"":[],""var_tag"":[]}",
HGHU-TW-004842,角色與劇情,噢，妳不知道嗎？,"{""brace_token"":[],""escaped_control"":[],""literal_newline"":[],""markup_tag"":[],""printf_token"":[],""var_tag"":[]}",
HGHU-TW-004843,角色與劇情,真可悲。我當然是來取代妳的啊！,"{""brace_token"":[],""escaped_control"":[],""literal_newline"":[],""markup_tag"":[],""printf_token"":[],""var_tag"":[]}",
HGHU-TW-004844,角色與劇情,什麼？,"{""brace_token"":[],""escaped_control"":[],""literal_newline"":[],""markup_tag"":[],""printf_token"":[],""var_tag"":[]}",
HGHU-TW-004845,角色與劇情,霍莉·林格賓，受雇的半精靈英雄。,"{""brace_token"":[],""escaped_control"":[],""literal_newline"":[],""markup_tag"":[],""printf_token"":[],""var_tag"":[]}",
HGHU-TW-004846,角色與劇情,但妳可以叫我<hgh_f c=0>霍莉</hgh_f>。,"{""brace_token"":[],""escaped_control"":[],""literal_newline"":[],""markup_tag"":[""</hgh_f>"",""<hgh_f c=0>""],""printf_token"":[],""var_tag"":[]}",
HGHU-TW-004847,角色與劇情,妳媽媽是精靈？,"{""brace_token"":[],""escaped_control"":[],""literal_newline"":[],""markup_tag"":[],""printf_token"":[],""var_tag"":[]}",
HGHU-TW-004848,角色與劇情,沒錯。,"{""brace_token"":[],""escaped_control"":[],""literal_newline"":[],""markup_tag"":[],""printf_token"":[],""var_tag"":[]}",
HGHU-TW-004849,角色與劇情,而我爸爸是個舞台魔術師。,"{""brace_token"":[],""escaped_control"":[],""literal_newline"":[],""markup_tag"":[],""printf_token"":[],""var_tag"":[]}",
HGHU-TW-004850,角色與劇情,所以我的魔力比其他半精靈來得強。哈！,"{""brace_token"":[],""escaped_control"":[],""literal_newline"":[],""markup_tag"":[],""printf_token"":[],""var_tag"":[]}",
HGHU-TW-004851,角色與劇情,魔力才不是這樣——,"{""brace_token"":[],""escaped_control"":[],""literal_newline"":[],""markup_tag"":[],""printf_token"":[],""var_tag"":[]}",
HGHU-TW-004852,角色與劇情,是真的。她偷了我的鼻子，<hgh_f c=0>還</hgh_f>在我面前把她自己的拇指拔了下來。,"{""brace_token"":[],""escaped_control"":[],""literal_newline"":[],""markup_tag"":[""</hgh_f>"",""<hgh_f c=0>""],""printf_token"":[],""var_tag"":[]}",
HGHU-TW-004853,角色與劇情,身為我們的<hgh_f c=0>前任守護精靈</hgh_f>，我希望妳能帶她熟悉一下環境。,"{""brace_token"":[],""escaped_control"":[],""literal_newline"":[],""markup_tag"":[""</hgh_f>"",""<hgh_f c=0>""],""printf_token"":[],""var_tag"":[]}",
HGHU-TW-004854,角色與劇情,我？！,"{""brace_token"":[],""escaped_control"":[],""literal_newline"":[],""markup_tag"":[],""printf_token"":[],""var_tag"":[]}",
HGHU-TW-004855,角色與劇情,沒什麼大不了的，鎮長。,"{""brace_token"":[],""escaped_control"":[],""literal_newline"":[],""markup_tag"":[],""printf_token"":[],""var_tag"":[]}",
HGHU-TW-004856,角色與劇情,我相信沒有她我也會做得很好。,"{""brace_token"":[],""escaped_control"":[],""literal_newline"":[],""markup_tag"":[],""printf_token"":[],""var_tag"":[]}",
HGHU-TW-004857,角色與劇情,咦？,"{""brace_token"":[],""escaped_control"":[],""literal_newline"":[],""markup_tag"":[],""printf_token"":[],""var_tag"":[]}",
HGHU-TW-004858,角色與劇情,回頭見了，小矮子！,"{""brace_token"":[],""escaped_control"":[],""literal_newline"":[],""markup_tag"":[],""printf_token"":[],""var_tag"":[]}",
HGHU-TW-004859,角色與劇情,有人在那裡嗎？,"{""brace_token"":[],""escaped_control"":[],""literal_newline"":[],""markup_tag"":[],""printf_token"":[],""var_tag"":[]}",
HGHU-TW-004860,角色與劇情,我真不敢相信他居然真的這麼做了！,"{""brace_token"":[],""escaped_control"":[],""literal_newline"":[],""markup_tag"":[],""printf_token"":[],""var_tag"":[]}",
HGHU-TW-004861,角色與劇情,等一下……,"{""brace_token"":[],""escaped_control"":[],""literal_newline"":[],""markup_tag"":[],""printf_token"":[],""var_tag"":[]}",
HGHU-TW-004862,角色與劇情,他居然用那個……取代我……,"{""brace_token"":[],""escaped_control"":[],""literal_newline"":[],""markup_tag"":[],""printf_token"":[],""var_tag"":[]}",
HGHU-TW-004863,角色與劇情,傲慢的……！,"{""brace_token"":[],""escaped_control"":[],""literal_newline"":[],""markup_tag"":[],""printf_token"":[],""var_tag"":[]}",
HGHU-TW-004864,角色與劇情,小……！,"{""brace_token"":[],""escaped_control"":[],""literal_newline"":[],""markup_tag"":[],""printf_token"":[],""var_tag"":[]}",
HGHU-TW-004865,角色與劇情,好了，好了。妳不需要這麼爭強好勝。,"{""brace_token"":[],""escaped_control"":[],""literal_newline"":[],""markup_tag"":[],""printf_token"":[],""var_tag"":[]}",
HGHU-TW-004866,角色與劇情,再說了，妳還有任務在身，對吧？,"{""brace_token"":[],""escaped_control"":[],""literal_newline"":[],""markup_tag"":[],""printf_token"":[],""var_tag"":[]}",
HGHU-TW-004867,角色與劇情,我想你說得對。,"{""brace_token"":[],""escaped_control"":[],""literal_newline"":[],""markup_tag"":[],""printf_token"":[],""var_tag"":[]}",
HGHU-TW-004868,角色與劇情,好吧。出發前往<hgh_f c=0>美人魚瀑布</hgh_f>！,"{""brace_token"":[],""escaped_control"":[],""literal_newline"":[],""markup_tag"":[""</hgh_f>"",""<hgh_f c=0>""],""printf_token"":[],""var_tag"":[]}",
HGHU-TW-004869,角色與劇情,妳準備好<hgh_f c=0>起飛</hgh_f>了嗎？,"{""brace_token"":[],""escaped_control"":[],""literal_newline"":[],""markup_tag"":[""</hgh_f>"",""<hgh_f c=0>""],""printf_token"":[],""var_tag"":[]}",
HGHU-TW-004870,角色與劇情,準備好就跟我說一聲！,"{""brace_token"":[],""escaped_control"":[],""literal_newline"":[],""markup_tag"":[],""printf_token"":[],""var_tag"":[]}",
HGHU-TW-004871,角色與劇情,好，上來吧！,"{""brace_token"":[],""escaped_control"":[],""literal_newline"":[],""markup_tag"":[],""printf_token"":[],""var_tag"":[]}",
HGHU-TW-004872,角色與劇情,太糟糕了！我在環遊世界時把所有的十把<hgh_f c=0>畫廊鑰匙</hgh_f>都弄丟了！,"{""brace_token"":[],""escaped_control"":[],""literal_newline"":[],""markup_tag"":[""</hgh_f>"",""<hgh_f c=0>""],""printf_token"":[],""var_tag"":[]}",
HGHU-TW-004873,角色與劇情,既然你沒工作，不如你去幫我找回來？,"{""brace_token"":[],""escaped_control"":[],""literal_newline"":[],""markup_tag"":[],""printf_token"":[],""var_tag"":[]}",
HGHU-TW-004874,角色與劇情,如果你找到全部 10 把<hgh_f c=0>畫廊鑰匙</hgh_f>，我就給你……某個東西之類的！,"{""brace_token"":[],""escaped_control"":[],""literal_newline"":[],""markup_tag"":[""</hgh_f>"",""<hgh_f c=0>""],""printf_token"":[],""var_tag"":[]}",
HGHU-TW-004875,角色與劇情,喂？,"{""brace_token"":[],""escaped_control"":[],""literal_newline"":[],""markup_tag"":[],""printf_token"":[],""var_tag"":[]}",
HGHU-TW-004876,角色與劇情,你<hgh_f c=0>做到了</hgh_f>！,"{""brace_token"":[],""escaped_control"":[],""literal_newline"":[],""markup_tag"":[""</hgh_f>"",""<hgh_f c=0>""],""printf_token"":[],""var_tag"":[]}",
HGHU-TW-004877,角色與劇情,多虧了你，<hgh_f c=0>美術館</hgh_f>裡的每個大廳都能參觀了！,"{""brace_token"":[],""escaped_control"":[],""literal_newline"":[],""markup_tag"":[""</hgh_f>"",""<hgh_f c=0>""],""printf_token"":[],""var_tag"":[]}",
HGHU-TW-004878,角色與劇情,給你！這件俗氣的服裝首飾就作為你出色完成工作的<hgh_f c=0>謝禮</hgh_f>吧！,"{""brace_token"":[],""escaped_control"":[],""literal_newline"":[],""markup_tag"":[""</hgh_f>"",""<hgh_f c=0>""],""printf_token"":[],""var_tag"":[]}",
HGHU-TW-004879,角色與劇情,多虧了你，畫廊已經「準備就需」了！我說得對嗎？,"{""brace_token"":[],""escaped_control"":[],""literal_newline"":[],""markup_tag"":[],""printf_token"":[],""var_tag"":[]}",
HGHU-TW-004880,角色與劇情,我……我在哪裡？你要給我鑰匙嗎？,"{""brace_token"":[],""escaped_control"":[],""literal_newline"":[],""markup_tag"":[],""printf_token"":[],""var_tag"":[]}",
HGHU-TW-004881,角色與劇情,我剛在這裡做什麼……,"{""brace_token"":[],""escaped_control"":[],""literal_newline"":[],""markup_tag"":[],""printf_token"":[],""var_tag"":[]}",
HGHU-TW-004882,角色與劇情,我敢說這把鑰匙能打開一扇門。,"{""brace_token"":[],""escaped_control"":[],""literal_newline"":[],""markup_tag"":[],""printf_token"":[],""var_tag"":[]}",
HGHU-TW-004883,角色與劇情,你想要用鑰匙打開這扇門嗎？,"{""brace_token"":[],""escaped_control"":[],""literal_newline"":[],""markup_tag"":[],""printf_token"":[],""var_tag"":[]}",
HGHU-TW-004884,角色與劇情,鎖上了！,"{""brace_token"":[],""escaped_control"":[],""literal_newline"":[],""markup_tag"":[],""printf_token"":[],""var_tag"":[]}",
HGHU-TW-004885,角色與劇情,看來就是這裡了。,"{""brace_token"":[],""escaped_control"":[],""literal_newline"":[],""markup_tag"":[],""printf_token"":[],""var_tag"":[]}",
HGHU-TW-004886,角色與劇情,我最後再說一次，博羅。我自己能應付。,"{""brace_token"":[],""escaped_control"":[],""literal_newline"":[],""markup_tag"":[],""printf_token"":[],""var_tag"":[]}",
HGHU-TW-004887,角色與劇情,你叔叔可不是這麼說的。,"{""brace_token"":[],""escaped_control"":[],""literal_newline"":[],""markup_tag"":[],""printf_token"":[],""var_tag"":[]}",
HGHU-TW-004888,角色與劇情,他堅持要我來幫你，直到他能製造出一台機器來取代你為止。,"{""brace_token"":[],""escaped_control"":[],""literal_newline"":[],""markup_tag"":[],""printf_token"":[],""var_tag"":[]}",
HGHU-TW-004889,角色與劇情,呃，好吧。我們談正事吧。,"{""brace_token"":[],""escaped_control"":[],""literal_newline"":[],""markup_tag"":[],""printf_token"":[],""var_tag"":[]}",
HGHU-TW-004890,角色與劇情,根據斯卡托鎮那個女孩的說法，當地人從這些地方成群結隊地消失了！,"{""brace_token"":[],""escaped_control"":[],""literal_newline"":[],""markup_tag"":[],""printf_token"":[],""var_tag"":[]}",
HGHU-TW-004891,角色與劇情,前一分鐘他們還在這裡，下一分鐘……,"{""brace_token"":[],""escaped_control"":[],""literal_newline"":[],""markup_tag"":[],""printf_token"":[],""var_tag"":[]}",
HGHU-TW-004892,角色與劇情,噗！,"{""brace_token"":[],""escaped_control"":[],""literal_newline"":[],""markup_tag"":[],""printf_token"":[],""var_tag"":[]}",
HGHU-TW-004893,角色與劇情,消失得無影無蹤！,"{""brace_token"":[],""escaped_control"":[],""literal_newline"":[],""markup_tag"":[],""printf_token"":[],""var_tag"":[]}",
HGHU-TW-004894,角色與劇情,消失了？,"{""brace_token"":[],""escaped_control"":[],""literal_newline"":[],""markup_tag"":[],""printf_token"":[],""var_tag"":[]}",
HGHU-TW-004895,角色與劇情,怎麼消失的？,"{""brace_token"":[],""escaped_control"":[],""literal_newline"":[],""markup_tag"":[],""printf_token"":[],""var_tag"":[]}",
HGHU-TW-004896,角色與劇情,嗯，看看周圍的環境，我想是誰搞的鬼應該很明顯了。,"{""brace_token"":[],""escaped_control"":[],""literal_newline"":[],""markup_tag"":[],""printf_token"":[],""var_tag"":[]}",
HGHU-TW-004897,角色與劇情,答案是……（悄悄話）……,"{""brace_token"":[],""escaped_control"":[],""literal_newline"":[],""markup_tag"":[],""printf_token"":[],""var_tag"":[]}",
HGHU-TW-004898,角色與劇情,<hgh_f c=0>魚人</hgh_f>？！！,"{""brace_token"":[],""escaped_control"":[],""literal_newline"":[],""markup_tag"":[""</hgh_f>"",""<hgh_f c=0>""],""printf_token"":[],""var_tag"":[]}",
HGHU-TW-004899,角色與劇情,噓！我讀過書上說美人魚很漂亮，但通常很愛慕虛榮。,"{""brace_token"":[],""escaped_control"":[],""literal_newline"":[],""markup_tag"":[],""printf_token"":[],""var_tag"":[]}",
HGHU-TW-004900,角色與劇情,而且<hgh_f c=0>所有</hgh_f>的目標都是甜美、天真、可愛的少女！,"{""brace_token"":[],""escaped_control"":[],""literal_newline"":[],""markup_tag"":[""</hgh_f>"",""<hgh_f c=0>""],""printf_token"":[],""var_tag"":[]}",
HGHU-TW-004901,角色與劇情,這肯定是出於嫉妒！,"{""brace_token"":[],""escaped_control"":[],""literal_newline"":[],""markup_tag"":[],""printf_token"":[],""var_tag"":[]}",
HGHU-TW-004902,角色與劇情,咕嚕！,"{""brace_token"":[],""escaped_control"":[],""literal_newline"":[],""markup_tag"":[],""printf_token"":[],""var_tag"":[]}",
HGHU-TW-004903,角色與劇情,那表示我可能是下一個！,"{""brace_token"":[],""escaped_control"":[],""literal_newline"":[],""markup_tag"":[],""printf_token"":[],""var_tag"":[]}",
HGHU-TW-004904,角色與劇情,呃……不見得。,"{""brace_token"":[],""escaped_control"":[],""literal_newline"":[],""markup_tag"":[],""printf_token"":[],""var_tag"":[]}",
HGHU-TW-004905,角色與劇情,噢，叔叔。,"{""brace_token"":[],""escaped_control"":[],""literal_newline"":[],""markup_tag"":[],""printf_token"":[],""var_tag"":[]}",
HGHU-TW-004906,角色與劇情,少女是，你知道的……只有女性。,"{""brace_token"":[],""escaped_control"":[],""literal_newline"":[],""markup_tag"":[],""printf_token"":[],""var_tag"":[]}",
HGHU-TW-004907,角色與劇情,你又來了！,"{""brace_token"":[],""escaped_control"":[],""literal_newline"":[],""markup_tag"":[],""printf_token"":[],""var_tag"":[]}",
HGHU-TW-004908,角色與劇情,什麼！！,"{""brace_token"":[],""escaped_control"":[],""literal_newline"":[],""markup_tag"":[],""printf_token"":[],""var_tag"":[]}",
HGHU-TW-004909,角色與劇情,又把我排除在外，就像你<hgh_f c=0>一直</hgh_f>以來那樣！,"{""brace_token"":[],""escaped_control"":[],""literal_newline"":[],""markup_tag"":[""</hgh_f>"",""<hgh_f c=0>""],""printf_token"":[],""var_tag"":[]}",
HGHU-TW-004910,角色與劇情,我只搞砸了<hgh_f c=0>一次</hgh_f>送貨，突然間我就變得一無是處了！,"{""brace_token"":[],""escaped_control"":[],""literal_newline"":[],""markup_tag"":[""</hgh_f>"",""<hgh_f c=0>""],""printf_token"":[],""var_tag"":[]}",
HGHU-TW-004911,角色與劇情,可是——！咦？,"{""brace_token"":[],""escaped_control"":[],""literal_newline"":[],""markup_tag"":[],""printf_token"":[],""var_tag"":[]}",
HGHU-TW-004912,角色與劇情,從小到大，你總是當<hgh_f c=0>英雄</hgh_f>，而我總是那個<hgh_f c=0>出包王</hgh_f>！,"{""brace_token"":[],""escaped_control"":[],""literal_newline"":[],""markup_tag"":[""</hgh_f>"",""</hgh_f>"",""<hgh_f c=0>"",""<hgh_f c=0>""],""printf_token"":[],""var_tag"":[]}",
HGHU-TW-004913,角色與劇情,我已經受夠了在你的陰影下「嘔吐」！,"{""brace_token"":[],""escaped_control"":[],""literal_newline"":[],""markup_tag"":[],""printf_token"":[],""var_tag"":[]}",
HGHU-TW-004914,角色與劇情,我要徹底證明，我一點都不比你這個英雄差！,"{""brace_token"":[],""escaped_control"":[],""literal_newline"":[],""markup_tag"":[],""printf_token"":[],""var_tag"":[]}",
HGHU-TW-004915,角色與劇情,你又在工作室裡睡著了。,"{""brace_token"":[],""escaped_control"":[],""literal_newline"":[],""markup_tag"":[],""printf_token"":[],""var_tag"":[]}",
HGHU-TW-004916,角色與劇情,博羅，回來！,"{""brace_token"":[],""escaped_control"":[],""literal_newline"":[],""markup_tag"":[],""printf_token"":[],""var_tag"":[]}",
HGHU-TW-004917,角色與劇情,那根本不是俗語！,"{""brace_token"":[],""escaped_control"":[],""literal_newline"":[],""markup_tag"":[],""printf_token"":[],""var_tag"":[]}",
HGHU-TW-004918,角色與劇情,呃。那個笨蛋！,"{""brace_token"":[],""escaped_control"":[],""literal_newline"":[],""markup_tag"":[],""printf_token"":[],""var_tag"":[]}",
HGHU-TW-004919,角色與劇情,他撐不到五分鐘的！,"{""brace_token"":[],""escaped_control"":[],""literal_newline"":[],""markup_tag"":[],""printf_token"":[],""var_tag"":[]}",
HGHU-TW-004920,角色與劇情,博羅！別鬧了！,"{""brace_token"":[],""escaped_control"":[],""literal_newline"":[],""markup_tag"":[],""printf_token"":[],""var_tag"":[]}",
HGHU-TW-004921,角色與劇情,咦？,"{""brace_token"":[],""escaped_control"":[],""literal_newline"":[],""markup_tag"":[],""printf_token"":[],""var_tag"":[]}",
HGHU-TW-004922,角色與劇情,呻吟……,"{""brace_token"":[],""escaped_control"":[],""literal_newline"":[],""markup_tag"":[],""printf_token"":[],""var_tag"":[]}",
HGHU-TW-004923,角色與劇情,那些是失蹤的少女！但現在她們變成了……,"{""brace_token"":[],""escaped_control"":[],""literal_newline"":[],""markup_tag"":[],""printf_token"":[],""var_tag"":[]}",
HGHU-TW-004924,角色與劇情,假美人魚？,"{""brace_token"":[],""escaped_control"":[],""literal_newline"":[],""markup_tag"":[],""printf_token"":[],""var_tag"":[]}",
HGHU-TW-004925,角色與劇情,你看不出來這裡發生了什麼事嗎？,"{""brace_token"":[],""escaped_control"":[],""literal_newline"":[],""markup_tag"":[],""printf_token"":[],""var_tag"":[]}",
HGHU-TW-004926,角色與劇情,有人把普通標準的可愛女孩變成了假的魚人！,"{""brace_token"":[],""escaped_control"":[],""literal_newline"":[],""markup_tag"":[],""printf_token"":[],""var_tag"":[]}",
HGHU-TW-004927,角色與劇情,假貨！,"{""brace_token"":[],""escaped_control"":[],""literal_newline"":[],""markup_tag"":[],""printf_token"":[],""var_tag"":[]}",
HGHU-TW-004928,角色與劇情,噁……我要吐了。,"{""brace_token"":[],""escaped_control"":[],""literal_newline"":[],""markup_tag"":[],""printf_token"":[],""var_tag"":[]}",
HGHU-TW-004929,角色與劇情,的確很噁心。,"{""brace_token"":[],""escaped_control"":[],""literal_newline"":[],""markup_tag"":[],""printf_token"":[],""var_tag"":[]}",
HGHU-TW-004930,角色與劇情,我以前從沒見過那扇活板門！,"{""brace_token"":[],""escaped_control"":[],""literal_newline"":[],""markup_tag"":[],""printf_token"":[],""var_tag"":[]}",
HGHU-TW-004931,角色與劇情,嗯。,"{""brace_token"":[],""escaped_control"":[],""literal_newline"":[],""markup_tag"":[],""printf_token"":[],""var_tag"":[]}",
HGHU-TW-004932,角色與劇情,所以這些假美人魚被封在罐子裡，從這個滑道下去，然後到了這裡。,"{""brace_token"":[],""escaped_control"":[],""literal_newline"":[],""markup_tag"":[],""printf_token"":[],""var_tag"":[]}",
HGHU-TW-004933,角色與劇情,可是為什麼？,"{""brace_token"":[],""escaped_control"":[],""literal_newline"":[],""markup_tag"":[],""printf_token"":[],""var_tag"":[]}",
HGHU-TW-004934,角色與劇情,又是誰在幕後操縱這一切？,"{""brace_token"":[],""escaped_control"":[],""literal_newline"":[],""markup_tag"":[],""printf_token"":[],""var_tag"":[]}",
HGHU-TW-004935,角色與劇情,科技男爵！,"{""brace_token"":[],""escaped_control"":[],""literal_newline"":[],""markup_tag"":[],""printf_token"":[],""var_tag"":[]}",
HGHU-TW-004936,角色與劇情,啊啊啊啊！又數錯了！,"{""brace_token"":[],""escaped_control"":[],""literal_newline"":[],""markup_tag"":[],""printf_token"":[],""var_tag"":[]}",
HGHU-TW-004937,角色與劇情,不知道它是通往哪裡的！,"{""brace_token"":[],""escaped_control"":[],""literal_newline"":[],""markup_tag"":[],""printf_token"":[],""var_tag"":[]}",
HGHU-TW-004938,角色與劇情,是誰打斷了我的專注？！,"{""brace_token"":[],""escaped_control"":[],""literal_newline"":[],""markup_tag"":[],""printf_token"":[],""var_tag"":[]}",
HGHU-TW-004939,角色與劇情,是我！,"{""brace_token"":[],""escaped_control"":[],""literal_newline"":[],""markup_tag"":[],""printf_token"":[],""var_tag"":[]}",
HGHU-TW-004940,角色與劇情,我看到了你的偽造美人魚工廠和那些假美人魚！,"{""brace_token"":[],""escaped_control"":[],""literal_newline"":[],""markup_tag"":[],""printf_token"":[],""var_tag"":[]}",
HGHU-TW-004941,角色與劇情,現在我要把你送進大牢，就像你那些巨大的罐子一樣！,"{""brace_token"":[],""escaped_control"":[],""literal_newline"":[],""markup_tag"":[],""printf_token"":[],""var_tag"":[]}",
HGHU-TW-004942,角色與劇情,我也會把你踢進去的！,"{""brace_token"":[],""escaped_control"":[],""literal_newline"":[],""markup_tag"":[],""printf_token"":[],""var_tag"":[]}",
HGHU-TW-004943,角色與劇情,<hgh_f c=0>咕哇啊啊</hgh_f>！,"{""brace_token"":[],""escaped_control"":[],""literal_newline"":[],""markup_tag"":[""</hgh_f>"",""<hgh_f c=0>""],""printf_token"":[],""var_tag"":[]}",
HGHU-TW-004944,角色與劇情,你怎麼躲過我的科技步兵的？！,"{""brace_token"":[],""escaped_control"":[],""literal_newline"":[],""markup_tag"":[],""printf_token"":[],""var_tag"":[]}",
HGHU-TW-004945,角色與劇情,沒關係……,"{""brace_token"":[],""escaped_control"":[],""literal_newline"":[],""markup_tag"":[],""printf_token"":[],""var_tag"":[]}",
HGHU-TW-004946,角色與劇情,你休想活著離開這裡！,"{""brace_token"":[],""escaped_control"":[],""literal_newline"":[],""markup_tag"":[],""printf_token"":[],""var_tag"":[]}",
HGHU-TW-004947,角色與劇情,好好享受跟魚群一起睡覺的樂趣吧！,"{""brace_token"":[],""escaped_control"":[],""literal_newline"":[],""markup_tag"":[],""printf_token"":[],""var_tag"":[]}",
HGHU-TW-004948,角色與劇情,嗚哈哈哈哈！,"{""brace_token"":[],""escaped_control"":[],""literal_newline"":[],""markup_tag"":[],""printf_token"":[],""var_tag"":[]}",
HGHU-TW-004949,角色與劇情,我的老天魚！,"{""brace_token"":[],""escaped_control"":[],""literal_newline"":[],""markup_tag"":[],""printf_token"":[],""var_tag"":[]}",
HGHU-TW-004950,角色與劇情,難怪美人魚會攻擊我們！,"{""brace_token"":[],""escaped_control"":[],""literal_newline"":[],""markup_tag"":[],""printf_token"":[],""var_tag"":[]}",
HGHU-TW-004951,角色與劇情,他抓了她們的女王！,"{""brace_token"":[],""escaped_control"":[],""literal_newline"":[],""markup_tag"":[],""printf_token"":[],""var_tag"":[]}",
HGHU-TW-004952,角色與劇情,我得把她放出來！,"{""brace_token"":[],""escaped_control"":[],""literal_newline"":[],""markup_tag"":[],""printf_token"":[],""var_tag"":[]}",
HGHU-TW-004953,角色與劇情,呼！你現在安全了。,"{""brace_token"":[],""escaped_control"":[],""literal_newline"":[],""markup_tag"":[],""printf_token"":[],""var_tag"":[]}",
HGHU-TW-004954,角色與劇情,糟了！她看起來很生氣。,"{""brace_token"":[],""escaped_control"":[],""literal_newline"":[],""markup_tag"":[],""printf_token"":[],""var_tag"":[]}",
HGHU-TW-004955,角色與劇情,科技男爵！,"{""brace_token"":[],""escaped_control"":[],""literal_newline"":[],""markup_tag"":[],""printf_token"":[],""var_tag"":[]}",
HGHU-TW-004956,角色與劇情,你這個變態，變態惡魔！,"{""brace_token"":[],""escaped_control"":[],""literal_newline"":[],""markup_tag"":[],""printf_token"":[],""var_tag"":[]}",
HGHU-TW-004957,角色與劇情,你居然賣假美人魚——當作罐裝怪物飼料！？,"{""brace_token"":[],""escaped_control"":[],""literal_newline"":[],""markup_tag"":[],""printf_token"":[],""var_tag"":[]}",
HGHU-TW-004958,角色與劇情,嘿，大家都要吃飯嘛！,"{""brace_token"":[],""escaped_control"":[],""literal_newline"":[],""markup_tag"":[],""printf_token"":[],""var_tag"":[]}",
HGHU-TW-004959,角色與劇情,銷售量很高，但供應量很低。,"{""brace_token"":[],""escaped_control"":[],""literal_newline"":[],""markup_tag"":[],""printf_token"":[],""var_tag"":[]}",
HGHU-TW-004960,角色與劇情,我還能怎麼辦？,"{""brace_token"":[],""escaped_control"":[],""literal_newline"":[],""markup_tag"":[],""printf_token"":[],""var_tag"":[]}",
HGHU-TW-004961,角色與劇情,放著錢不賺嗎？,"{""brace_token"":[],""escaped_control"":[],""literal_newline"":[],""markup_tag"":[],""printf_token"":[],""var_tag"":[]}",
HGHU-TW-004962,角色與劇情,又來了！,"{""brace_token"":[],""escaped_control"":[],""literal_newline"":[],""markup_tag"":[],""printf_token"":[],""var_tag"":[]}",
HGHU-TW-004963,角色與劇情,我的訂單出完後，真的美人魚就用光了。,"{""brace_token"":[],""escaped_control"":[],""literal_newline"":[],""markup_tag"":[],""printf_token"":[],""var_tag"":[]}",
HGHU-TW-004964,角色與劇情,我只需要幾批 B 級產品來應急一下，就這樣而已。,"{""brace_token"":[],""escaped_control"":[],""literal_newline"":[],""markup_tag"":[],""printf_token"":[],""var_tag"":[]}",
HGHU-TW-004965,角色與劇情,這可是門好生意！,"{""brace_token"":[],""escaped_control"":[],""literal_newline"":[],""markup_tag"":[],""printf_token"":[],""var_tag"":[]}",
HGHU-TW-004966,角色與劇情,我會讓你有好受的！,"{""brace_token"":[],""escaped_control"":[],""literal_newline"":[],""markup_tag"":[],""printf_token"":[],""var_tag"":[]}",
HGHU-TW-004967,角色與劇情,所以美人魚根本不是幕後黑手！,"{""brace_token"":[],""escaped_control"":[],""literal_newline"":[],""markup_tag"":[],""printf_token"":[],""var_tag"":[]}",
HGHU-TW-004968,角色與劇情,呃……我想我欠你們大家一個道歉。,"{""brace_token"":[],""escaped_control"":[],""literal_newline"":[],""markup_tag"":[],""printf_token"":[],""var_tag"":[]}",
HGHU-TW-004969,角色與劇情,我不該妄下定論的。,"{""brace_token"":[],""escaped_control"":[],""literal_newline"":[],""markup_tag"":[],""printf_token"":[],""var_tag"":[]}",
HGHU-TW-004970,角色與劇情,哈、哈囉？,"{""brace_token"":[],""escaped_control"":[],""literal_newline"":[],""markup_tag"":[],""printf_token"":[],""var_tag"":[]}",
HGHU-TW-004971,角色與劇情,希望你們能接受我的道歉。,"{""brace_token"":[],""escaped_control"":[],""literal_newline"":[],""markup_tag"":[],""printf_token"":[],""var_tag"":[]}",
HGHU-TW-004972,角色與劇情,接受道歉！,"{""brace_token"":[],""escaped_control"":[],""literal_newline"":[],""markup_tag"":[],""printf_token"":[],""var_tag"":[]}",
HGHU-TW-004973,角色與劇情,博羅！我是對她們說的，不是你！,"{""brace_token"":[],""escaped_control"":[],""literal_newline"":[],""markup_tag"":[],""printf_token"":[],""var_tag"":[]}",
HGHU-TW-004974,角色與劇情,總之，我希望我們以後能成為朋友。,"{""brace_token"":[],""escaped_control"":[],""literal_newline"":[],""markup_tag"":[],""printf_token"":[],""var_tag"":[]}",
HGHU-TW-004975,角色與劇情,現在我們帶這些女孩回家吧！,"{""brace_token"":[],""escaped_control"":[],""literal_newline"":[],""markup_tag"":[],""printf_token"":[],""var_tag"":[]}",
HGHU-TW-004976,角色與劇情,我覺得聲音是從下面傳來的。,"{""brace_token"":[],""escaped_control"":[],""literal_newline"":[],""markup_tag"":[],""printf_token"":[],""var_tag"":[]}",
HGHU-TW-004977,角色與劇情,很高興聽到你把事情解決了！,"{""brace_token"":[],""escaped_control"":[],""literal_newline"":[],""markup_tag"":[],""printf_token"":[],""var_tag"":[]}",
HGHU-TW-004978,角色與劇情,沒錯！所有的少女都平安無事地回家了。,"{""brace_token"":[],""escaped_control"":[],""literal_newline"":[],""markup_tag"":[],""printf_token"":[],""var_tag"":[]}",
HGHU-TW-004979,角色與劇情,還有每一條美人魚也是！別忘了她們！,"{""brace_token"":[],""escaped_control"":[],""literal_newline"":[],""markup_tag"":[],""printf_token"":[],""var_tag"":[]}",
HGHU-TW-004980,角色與劇情,所以……,"{""brace_token"":[],""escaped_control"":[],""literal_newline"":[],""markup_tag"":[],""printf_token"":[],""var_tag"":[]}",
HGHU-TW-004981,角色與劇情,叔叔，你的<hgh_f c=0>發電機</hgh_f>進展得如何了？,"{""brace_token"":[],""escaped_control"":[],""literal_newline"":[],""markup_tag"":[""</hgh_f>"",""<hgh_f c=0>""],""printf_token"":[],""var_tag"":[]}",
HGHU-TW-004982,角色與劇情,嗯，基本的都有了。,"{""brace_token"":[],""escaped_control"":[],""literal_newline"":[],""markup_tag"":[],""printf_token"":[],""var_tag"":[]}",
HGHU-TW-004983,角色與劇情,但根據我的藍圖，我還缺少<hgh_f c=0>四個零件</hgh_f>，首先是銅線。,"{""brace_token"":[],""escaped_control"":[],""literal_newline"":[],""markup_tag"":[""</hgh_f>"",""<hgh_f c=0>""],""printf_token"":[],""var_tag"":[]}",
HGHU-TW-004984,角色與劇情,我自己可以做電線，但為此我需要一塊<hgh_f c=0>銅礦石</hgh_f>。,"{""brace_token"":[],""escaped_control"":[],""literal_newline"":[],""markup_tag"":[""</hgh_f>"",""<hgh_f c=0>""],""printf_token"":[],""var_tag"":[]}",
HGHU-TW-004985,角色與劇情,沒問題。我去幫你找一些，叔叔！,"{""brace_token"":[],""escaped_control"":[],""literal_newline"":[],""markup_tag"":[],""printf_token"":[],""var_tag"":[]}",
HGHU-TW-004986,角色與劇情,好孩子！,"{""brace_token"":[],""escaped_control"":[],""literal_newline"":[],""markup_tag"":[],""printf_token"":[],""var_tag"":[]}",
HGHU-TW-004987,角色與劇情,那我該去哪裡找<hgh_f c=0>銅礦石</hgh_f>呢？,"{""brace_token"":[],""escaped_control"":[],""literal_newline"":[],""markup_tag"":[""</hgh_f>"",""<hgh_f c=0>""],""printf_token"":[],""var_tag"":[]}",
HGHU-TW-004988,角色與劇情,天哪。,"{""brace_token"":[],""escaped_control"":[],""literal_newline"":[],""markup_tag"":[],""printf_token"":[],""var_tag"":[]}",
HGHU-TW-004989,角色與劇情,我以為這是一家糖果店。但這些蛋裡面全是笨鳥。,"{""brace_token"":[],""escaped_control"":[],""literal_newline"":[],""markup_tag"":[],""printf_token"":[],""var_tag"":[]}",
HGHU-TW-004990,角色與劇情,我願意用<hgh_f c=0>一年的薪水</hgh_f>換一塊<hgh_f c=0>鹽味焦糖</hgh_f>！,"{""brace_token"":[],""escaped_control"":[],""literal_newline"":[],""markup_tag"":[""</hgh_f>"",""</hgh_f>"",""<hgh_f c=0>"",""<hgh_f c=0>""],""printf_token"":[],""var_tag"":[]}",
HGHU-TW-004991,角色與劇情,我願意用<hgh_f c=0>一年的薪水</hgh_f>換一塊<hgh_f c=0>鹽味焦糖</hgh_f>！,"{""brace_token"":[],""escaped_control"":[],""literal_newline"":[],""markup_tag"":[""</hgh_f>"",""</hgh_f>"",""<hgh_f c=0>"",""<hgh_f c=0>""],""printf_token"":[],""var_tag"":[]}",
HGHU-TW-004992,角色與劇情,噢！,"{""brace_token"":[],""escaped_control"":[],""literal_newline"":[],""markup_tag"":[],""printf_token"":[],""var_tag"":[]}",
HGHU-TW-004993,角色與劇情,你有<hgh_f c=0>鹽味焦糖</hgh_f>！,"{""brace_token"":[],""escaped_control"":[],""literal_newline"":[],""markup_tag"":[""</hgh_f>"",""<hgh_f c=0>""],""printf_token"":[],""var_tag"":[]}",
HGHU-TW-004994,角色與劇情,那是給我的嗎？,"{""brace_token"":[],""escaped_control"":[],""literal_newline"":[],""markup_tag"":[],""printf_token"":[],""var_tag"":[]}",
HGHU-TW-004995,角色與劇情,好吧。如果你想自己獨吞，我也能理解，小豬豬！,"{""brace_token"":[],""escaped_control"":[],""literal_newline"":[],""markup_tag"":[],""printf_token"":[],""var_tag"":[]}",
HGHU-TW-004996,角色與劇情,噢，謝謝你！,"{""brace_token"":[],""escaped_control"":[],""literal_newline"":[],""markup_tag"":[],""printf_token"":[],""var_tag"":[]}",
HGHU-TW-004997,角色與劇情,作為回報，我想給你<hgh_f c=0>一年的薪水</hgh_f>！,"{""brace_token"":[],""escaped_control"":[],""literal_newline"":[],""markup_tag"":[""</hgh_f>"",""<hgh_f c=0>""],""printf_token"":[],""var_tag"":[]}",
HGHU-TW-004998,角色與劇情,我的薪水是鳥飼料。很爛，我知道。,"{""brace_token"":[],""escaped_control"":[],""literal_newline"":[],""markup_tag"":[],""printf_token"":[],""var_tag"":[]}",
HGHU-TW-004999,角色與劇情,我的肚子好痛。,"{""brace_token"":[],""escaped_control"":[],""literal_newline"":[],""markup_tag"":[],""printf_token"":[],""var_tag"":[]}",
HGHU-TW-005000,角色與劇情,嘿！好久不見！,"{""brace_token"":[],""escaped_control"":[],""literal_newline"":[],""markup_tag"":[],""printf_token"":[],""var_tag"":[]}",
HGHU-TW-005001,角色與劇情,我最近開了一家餐廳，就在這條<hgh_f c=0>主街</hgh_f>上。,"{""brace_token"":[],""escaped_control"":[],""literal_newline"":[],""markup_tag"":[""</hgh_f>"",""<hgh_f c=0>""],""printf_token"":[],""var_tag"":[]}",
HGHU-TW-005002,角色與劇情,但你一定猜不到！,"{""brace_token"":[],""escaped_control"":[],""literal_newline"":[],""markup_tag"":[],""printf_token"":[],""var_tag"":[]}",
HGHU-TW-005003,角色與劇情,這是什麼地方？,"{""brace_token"":[],""escaped_control"":[],""literal_newline"":[],""markup_tag"":[],""printf_token"":[],""var_tag"":[]}",
HGHU-TW-005004,角色與劇情,今天是開幕日，而我已經遇到<hgh_f c=0>海盜滋生</hgh_f>的問題了！,"{""brace_token"":[],""escaped_control"":[],""literal_newline"":[],""markup_tag"":[""</hgh_f>"",""<hgh_f c=0>""],""printf_token"":[],""var_tag"":[]}",
HGHU-TW-005005,角色與劇情,除非有人把他們趕走，否則我無法更新我的<hgh_f c=0>衛生許可證</hgh_f>！,"{""brace_token"":[],""escaped_control"":[],""literal_newline"":[],""markup_tag"":[""</hgh_f>"",""<hgh_f c=0>""],""printf_token"":[],""var_tag"":[]}",
HGHU-TW-005006,角色與劇情,你能幫我消滅躲在餐廳裡的 <hgh_f c=0>30 個海盜</hgh_f>嗎？,"{""brace_token"":[],""escaped_control"":[],""literal_newline"":[],""markup_tag"":[""</hgh_f>"",""<hgh_f c=0>""],""printf_token"":[],""var_tag"":[]}",
HGHU-TW-005007,角色與劇情,就在那邊……有著<hgh_f c=0>三扇大窗戶</hgh_f>的<hgh_f c=0>建築</hgh_f>。,"{""brace_token"":[],""escaped_control"":[],""literal_newline"":[],""markup_tag"":[""</hgh_f>"",""</hgh_f>"",""<hgh_f c=0>"",""<hgh_f c=0>""],""printf_token"":[],""var_tag"":[]}",
HGHU-TW-005008,角色與劇情,我餐廳裡的<hgh_f c=0>海盜滋生</hgh_f>問題，很可能是因為那<hgh_f c=0>三扇打開的窗戶</hgh_f>。,"{""brace_token"":[],""escaped_control"":[],""literal_newline"":[],""markup_tag"":[""</hgh_f>"",""</hgh_f>"",""<hgh_f c=0>"",""<hgh_f c=0>""],""printf_token"":[],""var_tag"":[]}",
HGHU-TW-005009,角色與劇情,守住窗戶，並消滅 <hgh_f c=0>30 個海盜</hgh_f>！,"{""brace_token"":[],""escaped_control"":[],""literal_newline"":[],""markup_tag"":[""</hgh_f>"",""<hgh_f c=0>""],""printf_token"":[],""var_tag"":[]}",
HGHU-TW-005010,角色與劇情,沒有<hgh_f c=0>衛生許可證</hgh_f>，我就不能做我著名的<hgh_f c=0>鹽味焦糖</hgh_f>！,"{""brace_token"":[],""escaped_control"":[],""literal_newline"":[],""markup_tag"":[""</hgh_f>"",""</hgh_f>"",""<hgh_f c=0>"",""<hgh_f c=0>""],""printf_token"":[],""var_tag"":[]}",
HGHU-TW-005011,角色與劇情,叔叔知道下面有這個地方嗎？,"{""brace_token"":[],""escaped_control"":[],""literal_newline"":[],""markup_tag"":[],""printf_token"":[],""var_tag"":[]}",
HGHU-TW-005012,角色與劇情,噢！那是嶄新閃亮的<hgh_f c=0>衛生許可證</hgh_f>嗎？,"{""brace_token"":[],""escaped_control"":[],""literal_newline"":[],""markup_tag"":[""</hgh_f>"",""<hgh_f c=0>""],""printf_token"":[],""var_tag"":[]}",
HGHU-TW-005013,角色與劇情,不給我許可證？好吧。就因為我被亮片大陸這邊的每一所烹飪學校、速食店和廉價小吃店拒絕後，省吃儉用好幾年才付得起廚藝學校的學費，為什麼不扣留它呢？,"{""brace_token"":[],""escaped_control"":[],""literal_newline"":[],""markup_tag"":[],""printf_token"":[],""var_tag"":[]}",
HGHU-TW-005014,角色與劇情,忘了我還得去未知的地方旅行，用旅費換取一份表演工作，穿著臭烘烘的松鼠裝在舞台上，在一群勢利的晚宴劇場顧客面前敲碎巨大的塑膠核桃……,"{""brace_token"":[],""escaped_control"":[],""literal_newline"":[],""markup_tag"":[],""printf_token"":[],""var_tag"":[]}",
HGHU-TW-005015,角色與劇情,……這一切都是為了讓我能找到一位老師，儘管我有在課前吃掉食材的壞習慣，甚至連那些食材是瀕危動物的無價之寶卵也不例外，他還是願意讓我入學。,"{""brace_token"":[],""escaped_control"":[],""literal_newline"":[],""markup_tag"":[],""printf_token"":[],""var_tag"":[]}",
HGHU-TW-005016,角色與劇情,再說了，我怎麼會知道烹飪學校和自然保護區有什麼差別，除非有人教我，而這當然是我整篇論文的主題！即便如此，還是沒有人懂。,"{""brace_token"":[],""escaped_control"":[],""literal_newline"":[],""markup_tag"":[],""printf_token"":[],""var_tag"":[]}",
HGHU-TW-005017,角色與劇情,就連我的烹飪導師們也不懂，他們總是穿著沒有拉鍊的大猩猩裝，在輪胎上盪來盪去，還亂丟髒東西。但不知怎麼的，在搖籃曲和理毛的時間裡，那些可能根本就是猿猴的烹飪大師們……,"{""brace_token"":[],""escaped_control"":[],""literal_newline"":[],""markup_tag"":[],""printf_token"":[],""var_tag"":[]}",
HGHU-TW-005018,角色與劇情,……教導我真正的烹飪藝術是去商店買那些已經存在的東西來體驗，例如裝在有著超讚插圖的彩色盒子裡的冷凍披薩和魚條！,"{""brace_token"":[],""escaped_control"":[],""literal_newline"":[],""markup_tag"":[],""printf_token"":[],""var_tag"":[]}",
HGHU-TW-005019,角色與劇情,所以沒錯，<hgh_f c=0>拒絕給我</hgh_f>那張<hgh_f c=0>衛生許可證</hgh_f>，讓我關門大吉吧。顯然我不配在食品準備這個高尚的行業中努力工作並服務他人。,"{""brace_token"":[],""escaped_control"":[],""literal_newline"":[],""markup_tag"":[""</hgh_f>"",""</hgh_f>"",""<hgh_f c=0>"",""<hgh_f c=0>""],""printf_token"":[],""var_tag"":[]}",
HGHU-TW-005020,角色與劇情,噢，謝天謝地！,"{""brace_token"":[],""escaped_control"":[],""literal_newline"":[],""markup_tag"":[],""printf_token"":[],""var_tag"":[]}",
HGHU-TW-005021,角色與劇情,寶貝，我又開始營業了！,"{""brace_token"":[],""escaped_control"":[],""literal_newline"":[],""markup_tag"":[],""printf_token"":[],""var_tag"":[]}",
HGHU-TW-005022,角色與劇情,給。我想把這個給你。,"{""brace_token"":[],""escaped_control"":[],""literal_newline"":[],""markup_tag"":[],""printf_token"":[],""var_tag"":[]}",
HGHU-TW-005023,角色與劇情,在國外學習烹飪藝術時，我想出了自己獨創的鹽味焦糖。,"{""brace_token"":[],""escaped_control"":[],""literal_newline"":[],""markup_tag"":[],""printf_token"":[],""var_tag"":[]}",
HGHU-TW-005024,角色與劇情,我叫它<hgh_f c=0>便便焦糖</hgh_f>，以紀念我的狗 Wobble Bell。,"{""brace_token"":[],""escaped_control"":[],""literal_newline"":[],""markup_tag"":[""</hgh_f>"",""<hgh_f c=0>""],""printf_token"":[],""var_tag"":[]}",
HGHU-TW-005025,角色與劇情,這是給狗吃的糖果。,"{""brace_token"":[],""escaped_control"":[],""literal_newline"":[],""markup_tag"":[],""printf_token"":[],""var_tag"":[]}",
HGHU-TW-005026,角色與劇情,等當局撲滅那些火焰，我就馬上回去工作。,"{""brace_token"":[],""escaped_control"":[],""literal_newline"":[],""markup_tag"":[],""printf_token"":[],""var_tag"":[]}",
HGHU-TW-005027,角色與劇情,那個聲音又出現了！,"{""brace_token"":[],""escaped_control"":[],""literal_newline"":[],""markup_tag"":[],""printf_token"":[],""var_tag"":[]}",
HGHU-TW-005028,角色與劇情,這個地方有賣鳥類的藥嗎？,"{""brace_token"":[],""escaped_control"":[],""literal_newline"":[],""markup_tag"":[],""printf_token"":[],""var_tag"":[]}",
HGHU-TW-005029,角色與劇情,我的寵物麥克鳥喙先生胃不舒服！,"{""brace_token"":[],""escaped_control"":[],""literal_newline"":[],""markup_tag"":[],""printf_token"":[],""var_tag"":[]}",
HGHU-TW-005030,角色與劇情,要是我有一些<hgh_f c=0>種子</hgh_f>可以餵他就好了……,"{""brace_token"":[],""escaped_control"":[],""literal_newline"":[],""markup_tag"":[""</hgh_f>"",""<hgh_f c=0>""],""printf_token"":[],""var_tag"":[]}",
HGHU-TW-005031,角色與劇情,一定有方法能治好我的鳥胃酸過多的問題。,"{""brace_token"":[],""escaped_control"":[],""literal_newline"":[],""markup_tag"":[],""printf_token"":[],""var_tag"":[]}",
HGHU-TW-005032,角色與劇情,撐著點！別丟下我啊，麥克鳥喙先生！,"{""brace_token"":[],""escaped_control"":[],""literal_newline"":[],""markup_tag"":[],""printf_token"":[],""var_tag"":[]}",
HGHU-TW-005033,角色與劇情,歡迎，<hgh_f c=0>精靈</hgh_f><hgh_f c=0>之女</hgh_f>。,"{""brace_token"":[],""escaped_control"":[],""literal_newline"":[],""markup_tag"":[""</hgh_f>"",""</hgh_f>"",""<hgh_f c=0>"",""<hgh_f c=0>""],""printf_token"":[],""var_tag"":[]}",
HGHU-TW-005034,角色與劇情,咦？你有<hgh_f c=0>鳥飼料</hgh_f>要給我嗎？,"{""brace_token"":[],""escaped_control"":[],""literal_newline"":[],""markup_tag"":[""</hgh_f>"",""<hgh_f c=0>""],""printf_token"":[],""var_tag"":[]}",
HGHU-TW-005035,角色與劇情,我想麥克鳥喙先生沒救了……,"{""brace_token"":[],""escaped_control"":[],""literal_newline"":[],""markup_tag"":[],""printf_token"":[],""var_tag"":[]}",
HGHU-TW-005036,角色與劇情,嗯……我想我會試試看。,"{""brace_token"":[],""escaped_control"":[],""literal_newline"":[],""markup_tag"":[],""printf_token"":[],""var_tag"":[]}",
HGHU-TW-005037,角色與劇情,誰……是誰在說話？,"{""brace_token"":[],""escaped_control"":[],""literal_newline"":[],""markup_tag"":[],""printf_token"":[],""var_tag"":[]}",
HGHU-TW-005038,角色與劇情,來吧，麥克鳥喙先生！吃這些好吃的種子！,"{""brace_token"":[],""escaped_control"":[],""literal_newline"":[],""markup_tag"":[],""printf_token"":[],""var_tag"":[]}",
HGHU-TW-005039,角色與劇情,有動靜了！,"{""brace_token"":[],""escaped_control"":[],""literal_newline"":[],""markup_tag"":[],""printf_token"":[],""var_tag"":[]}",
HGHU-TW-005040,角色與劇情,這是……是的……,"{""brace_token"":[],""escaped_control"":[],""literal_newline"":[],""markup_tag"":[],""printf_token"":[],""var_tag"":[]}",
HGHU-TW-005041,角色與劇情,……等等，不對……,"{""brace_token"":[],""escaped_control"":[],""literal_newline"":[],""markup_tag"":[],""printf_token"":[],""var_tag"":[]}",
HGHU-TW-005042,角色與劇情,……是的……,"{""brace_token"":[],""escaped_control"":[],""literal_newline"":[],""markup_tag"":[],""printf_token"":[],""var_tag"":[]}",
HGHU-TW-005043,角色與劇情,<hgh_f c=0>沒錯</hgh_f>！,"{""brace_token"":[],""escaped_control"":[],""literal_newline"":[],""markup_tag"":[""</hgh_f>"",""<hgh_f c=0>""],""printf_token"":[],""var_tag"":[]}",
HGHU-TW-005044,角色與劇情,他被這顆<hgh_f c=0>蛋</hgh_f>給塞住了！,"{""brace_token"":[],""escaped_control"":[],""literal_newline"":[],""markup_tag"":[""</hgh_f>"",""<hgh_f c=0>""],""printf_token"":[],""var_tag"":[]}",
HGHU-TW-005045,角色與劇情,我想這代表你其實是麥克鳥喙「太太」才對！,"{""brace_token"":[],""escaped_control"":[],""literal_newline"":[],""markup_tag"":[],""printf_token"":[],""var_tag"":[]}",
HGHU-TW-005046,角色與劇情,不管你是誰，最好現在就出來！,"{""brace_token"":[],""escaped_control"":[],""literal_newline"":[],""markup_tag"":[],""printf_token"":[],""var_tag"":[]}",
HGHU-TW-005047,角色與劇情,來，拿著這個。,"{""brace_token"":[],""escaped_control"":[],""literal_newline"":[],""markup_tag"":[],""printf_token"":[],""var_tag"":[]}",
HGHU-TW-005048,角色與劇情,這顆蛋長得真奇怪！,"{""brace_token"":[],""escaped_control"":[],""literal_newline"":[],""markup_tag"":[],""printf_token"":[],""var_tag"":[]}",
HGHU-TW-005049,角色與劇情,麥克鳥喙，你到底<hgh_f c=0>吃了</hgh_f>什麼？！,"{""brace_token"":[],""escaped_control"":[],""literal_newline"":[],""markup_tag"":[""</hgh_f>"",""<hgh_f c=0>""],""printf_token"":[],""var_tag"":[]}",
HGHU-TW-005050,角色與劇情,謝謝你幫了麥克鳥喙。我永遠不會忘記的！,"{""brace_token"":[],""escaped_control"":[],""literal_newline"":[],""markup_tag"":[],""printf_token"":[],""var_tag"":[]}",
HGHU-TW-005051,角色與劇情,喲！,"{""brace_token"":[],""escaped_control"":[],""literal_newline"":[],""markup_tag"":[],""printf_token"":[],""var_tag"":[]}",
HGHU-TW-005052,角色與劇情,嘿，姐妹！,"{""brace_token"":[],""escaped_control"":[],""literal_newline"":[],""markup_tag"":[],""printf_token"":[],""var_tag"":[]}",
HGHU-TW-005053,角色與劇情,Twitch 和 Vinegar？,"{""brace_token"":[],""escaped_control"":[],""literal_newline"":[],""markup_tag"":[],""printf_token"":[],""var_tag"":[]}",
HGHU-TW-005054,角色與劇情,你們是彈藥男爵的士兵！,"{""brace_token"":[],""escaped_control"":[],""literal_newline"":[],""markup_tag"":[],""printf_token"":[],""var_tag"":[]}",
HGHU-TW-005055,角色與劇情,別擔心。,"{""brace_token"":[],""escaped_control"":[],""literal_newline"":[],""markup_tag"":[],""printf_token"":[],""var_tag"":[]}",
HGHU-TW-005056,角色與劇情,我們不是來惹麻煩的。,"{""brace_token"":[],""escaped_control"":[],""literal_newline"":[],""markup_tag"":[],""printf_token"":[],""var_tag"":[]}",
HGHU-TW-005057,角色與劇情,我們在休假。,"{""brace_token"":[],""escaped_control"":[],""literal_newline"":[],""markup_tag"":[],""printf_token"":[],""var_tag"":[]}",
HGHU-TW-005058,角色與劇情,每次我們被分配到新駐地，我們都會去品嚐當地的風味……在事情變糟之前。,"{""brace_token"":[],""escaped_control"":[],""literal_newline"":[],""markup_tag"":[],""printf_token"":[],""var_tag"":[]}",
HGHU-TW-005059,角色與劇情,我們聽說這裡的食物好吃到讓人想死！,"{""brace_token"":[],""escaped_control"":[],""literal_newline"":[],""markup_tag"":[],""printf_token"":[],""var_tag"":[]}",
HGHU-TW-005060,角色與劇情,我想主街那邊有一家餐廳，但它好像著火了。,"{""brace_token"":[],""escaped_control"":[],""literal_newline"":[],""markup_tag"":[],""printf_token"":[],""var_tag"":[]}",
HGHU-TW-005061,角色與劇情,不不不，不是那種裝模作樣的東西。,"{""brace_token"":[],""escaped_control"":[],""literal_newline"":[],""markup_tag"":[],""printf_token"":[],""var_tag"":[]}",
HGHU-TW-005062,角色與劇情,我們是來嚐嚐<hgh_f c=0>鱷魚排</hgh_f>的！,"{""brace_token"":[],""escaped_control"":[],""literal_newline"":[],""markup_tag"":[""</hgh_f>"",""<hgh_f c=0>""],""printf_token"":[],""var_tag"":[]}",
HGHU-TW-005063,角色與劇情,我們聽說有一種爬蟲類潛伏在<hgh_f c=0>美人魚瀑布</hgh_f>的黑暗洞穴裡。,"{""brace_token"":[],""escaped_control"":[],""literal_newline"":[],""markup_tag"":[""</hgh_f>"",""<hgh_f c=0>""],""printf_token"":[],""var_tag"":[]}",
HGHU-TW-005064,角色與劇情,兩份<hgh_f c=0>全熟</hgh_f>的<hgh_f c=0>鱷魚排</hgh_f>就太完美了！,"{""brace_token"":[],""escaped_control"":[],""literal_newline"":[],""markup_tag"":[""</hgh_f>"",""</hgh_f>"",""<hgh_f c=0>"",""<hgh_f c=0>""],""printf_token"":[],""var_tag"":[]}",
HGHU-TW-005065,角色與劇情,確保它們<hgh_f c=0>煎得恰到好處</hgh_f>！,"{""brace_token"":[],""escaped_control"":[],""literal_newline"":[],""markup_tag"":[""</hgh_f>"",""<hgh_f c=0>""],""printf_token"":[],""var_tag"":[]}",
HGHU-TW-005066,角色與劇情,用<hgh_f c=0>大火</hgh_f>鎖住所有肉汁！美味！,"{""brace_token"":[],""escaped_control"":[],""literal_newline"":[],""markup_tag"":[""</hgh_f>"",""<hgh_f c=0>""],""printf_token"":[],""var_tag"":[]}",
HGHU-TW-005067,角色與劇情,做到了，我們就把多出來的<hgh_f c=0>比賽門票</hgh_f>給你！,"{""brace_token"":[],""escaped_control"":[],""literal_newline"":[],""markup_tag"":[""</hgh_f>"",""<hgh_f c=0>""],""printf_token"":[],""var_tag"":[]}",
HGHU-TW-005068,角色與劇情,我們聽說有一種爬蟲類潛伏在<hgh_f c=0>美人魚瀑布</hgh_f>的黑暗洞穴裡。,"{""brace_token"":[],""escaped_control"":[],""literal_newline"":[],""markup_tag"":[""</hgh_f>"",""<hgh_f c=0>""],""printf_token"":[],""var_tag"":[]}",
HGHU-TW-005069,角色與劇情,兩份<hgh_f c=0>全熟</hgh_f>的<hgh_f c=0>鱷魚排</hgh_f>就太完美了！,"{""brace_token"":[],""escaped_control"":[],""literal_newline"":[],""markup_tag"":[""</hgh_f>"",""</hgh_f>"",""<hgh_f c=0>"",""<hgh_f c=0>""],""printf_token"":[],""var_tag"":[]}",
HGHU-TW-005070,角色與劇情,確保它們<hgh_f c=0>煎得恰到好處</hgh_f>！,"{""brace_token"":[],""escaped_control"":[],""literal_newline"":[],""markup_tag"":[""</hgh_f>"",""<hgh_f c=0>""],""printf_token"":[],""var_tag"":[]}",
HGHU-TW-005071,角色與劇情,用<hgh_f c=0>大火</hgh_f>鎖住所有肉汁！美味！,"{""brace_token"":[],""escaped_control"":[],""literal_newline"":[],""markup_tag"":[""</hgh_f>"",""<hgh_f c=0>""],""printf_token"":[],""var_tag"":[]}",
HGHU-TW-005072,角色與劇情,做到了，我們就把多出來的<hgh_f c=0>比賽門票</hgh_f>給你！,"{""brace_token"":[],""escaped_control"":[],""literal_newline"":[],""markup_tag"":[""</hgh_f>"",""<hgh_f c=0>""],""printf_token"":[],""var_tag"":[]}",
HGHU-TW-005073,角色與劇情,那些<hgh_f c=0>鱷魚排</hgh_f>是給我們的嗎？,"{""brace_token"":[],""escaped_control"":[],""literal_newline"":[],""markup_tag"":[""</hgh_f>"",""<hgh_f c=0>""],""printf_token"":[],""var_tag"":[]}",
HGHU-TW-005074,角色與劇情,你只帶了一塊<hgh_f c=0>鱷魚排</hgh_f>？！不公平，我也要一塊！等你拿到<hgh_f c=0>兩</hgh_f>塊時再來！,"{""brace_token"":[],""escaped_control"":[],""literal_newline"":[],""markup_tag"":[""</hgh_f>"",""</hgh_f>"",""<hgh_f c=0>"",""<hgh_f c=0>""],""printf_token"":[],""var_tag"":[]}",
HGHU-TW-005075,角色與劇情,但我聞到好香的味道……好殘忍。,"{""brace_token"":[],""escaped_control"":[],""literal_newline"":[],""markup_tag"":[],""printf_token"":[],""var_tag"":[]}",
HGHU-TW-005076,角色與劇情,別害怕……,"{""brace_token"":[],""escaped_control"":[],""literal_newline"":[],""markup_tag"":[],""printf_token"":[],""var_tag"":[]}",
HGHU-TW-005077,角色與劇情,天啊，這塊鱷魚肉真多汁！,"{""brace_token"":[],""escaped_control"":[],""literal_newline"":[],""markup_tag"":[],""printf_token"":[],""var_tag"":[]}",
HGHU-TW-005078,角色與劇情,入口即化！,"{""brace_token"":[],""escaped_control"":[],""literal_newline"":[],""markup_tag"":[],""printf_token"":[],""var_tag"":[]}",
HGHU-TW-005079,角色與劇情,嗯！吧唧！我們欠你什麼？,"{""brace_token"":[],""escaped_control"":[],""literal_newline"":[],""markup_tag"":[],""printf_token"":[],""var_tag"":[]}",
HGHU-TW-005080,角色與劇情,呃……,"{""brace_token"":[],""escaped_control"":[],""literal_newline"":[],""markup_tag"":[],""printf_token"":[],""var_tag"":[]}",
HGHU-TW-005081,角色與劇情,喔對了！,"{""brace_token"":[],""escaped_control"":[],""literal_newline"":[],""markup_tag"":[],""printf_token"":[],""var_tag"":[]}",
HGHU-TW-005082,角色與劇情,那張多出來的<hgh_f c=0>比賽門票</hgh_f>！,"{""brace_token"":[],""escaped_control"":[],""literal_newline"":[],""markup_tag"":[""</hgh_f>"",""<hgh_f c=0>""],""printf_token"":[],""var_tag"":[]}",
HGHU-TW-005083,角色與劇情,那就給你吧。,"{""brace_token"":[],""escaped_control"":[],""literal_newline"":[],""markup_tag"":[],""printf_token"":[],""var_tag"":[]}",
HGHU-TW-005084,角色與劇情,再見！,"{""brace_token"":[],""escaped_control"":[],""literal_newline"":[],""markup_tag"":[],""printf_token"":[],""var_tag"":[]}",
HGHU-TW-005085,角色與劇情,哈啊！你是誰？,"{""brace_token"":[],""escaped_control"":[],""literal_newline"":[],""markup_tag"":[],""printf_token"":[],""var_tag"":[]}",
HGHU-TW-005086,角色與劇情,拜拜！,"{""brace_token"":[],""escaped_control"":[],""literal_newline"":[],""markup_tag"":[],""printf_token"":[],""var_tag"":[]}",
HGHU-TW-005087,角色與劇情,所以，關於那個<hgh_f c=0>祕密任務</hgh_f>……,"{""brace_token"":[],""escaped_control"":[],""literal_newline"":[],""markup_tag"":[""</hgh_f>"",""<hgh_f c=0>""],""printf_token"":[],""var_tag"":[]}",
HGHU-TW-005088,角色與劇情,噓。她回來了。表現自然點。,"{""brace_token"":[],""escaped_control"":[],""literal_newline"":[],""markup_tag"":[],""printf_token"":[],""var_tag"":[]}",
HGHU-TW-005089,角色與劇情,找到<hgh_f c=0>銅礦石</hgh_f>了嗎？,"{""brace_token"":[],""escaped_control"":[],""literal_newline"":[],""markup_tag"":[""</hgh_f>"",""<hgh_f c=0>""],""printf_token"":[],""var_tag"":[]}",
HGHU-TW-005090,角色與劇情,來自<hgh_f c=0>精靈界</hgh_f>的<hgh_f c=0>使者</hgh_f>。,"{""brace_token"":[],""escaped_control"":[],""literal_newline"":[],""markup_tag"":[""</hgh_f>"",""</hgh_f>"",""<hgh_f c=0>"",""<hgh_f c=0>""],""printf_token"":[],""var_tag"":[]}",
HGHU-TW-005091,角色與劇情,記得帶些<hgh_f c=0>銅礦石</hgh_f>給我，好嗎？,"{""brace_token"":[],""escaped_control"":[],""literal_newline"":[],""markup_tag"":[""</hgh_f>"",""<hgh_f c=0>""],""printf_token"":[],""var_tag"":[]}",
HGHU-TW-005092,角色與劇情,噢！這是給我的嗎？,"{""brace_token"":[],""escaped_control"":[],""literal_newline"":[],""markup_tag"":[],""printf_token"":[],""var_tag"":[]}",
HGHU-TW-005093,角色與劇情,可惡。你真的讓我白高興一場。,"{""brace_token"":[],""escaped_control"":[],""literal_newline"":[],""markup_tag"":[],""printf_token"":[],""var_tag"":[]}",
HGHU-TW-005094,角色與劇情,我召喚妳來，是為了警告妳一個<hgh_f c=0>巨大的危險</hgh_f>！,"{""brace_token"":[],""escaped_control"":[],""literal_newline"":[],""markup_tag"":[""</hgh_f>"",""<hgh_f c=0>""],""printf_token"":[],""var_tag"":[]}",
HGHU-TW-005095,角色與劇情,太完美了！我可以用這個來製作銅線！,"{""brace_token"":[],""escaped_control"":[],""literal_newline"":[],""markup_tag"":[],""printf_token"":[],""var_tag"":[]}",
HGHU-TW-005096,角色與劇情,根據藍圖，這應該接在……,"{""brace_token"":[],""escaped_control"":[],""literal_newline"":[],""markup_tag"":[],""printf_token"":[],""var_tag"":[]}",
HGHU-TW-005097,角色與劇情,那裡！,"{""brace_token"":[],""escaped_control"":[],""literal_newline"":[],""markup_tag"":[],""printf_token"":[],""var_tag"":[]}",
HGHU-TW-005098,角色與劇情,呼！進展得非常順利！謝謝你！,"{""brace_token"":[],""escaped_control"":[],""literal_newline"":[],""markup_tag"":[],""printf_token"":[],""var_tag"":[]}",
HGHU-TW-005099,角色與劇情,沒問題，叔叔。,"{""brace_token"":[],""escaped_control"":[],""literal_newline"":[],""markup_tag"":[],""printf_token"":[],""var_tag"":[]}",
HGHU-TW-005100,角色與劇情,叔叔？,"{""brace_token"":[],""escaped_control"":[],""literal_newline"":[],""markup_tag"":[],""printf_token"":[],""var_tag"":[]}",
HGHU-TW-005101,角色與劇情,很快地，一個<hgh_f c=0>黑暗的代理人</hgh_f>將會<hgh_f c=0>襲擊</hgh_f>我們世界的<hgh_f c=0>中心</hgh_f>。,"{""brace_token"":[],""escaped_control"":[],""literal_newline"":[],""markup_tag"":[""</hgh_f>"",""</hgh_f>"",""</hgh_f>"",""<hgh_f c=0>"",""<hgh_f c=0>"",""<hgh_f c=0>""],""printf_token"":[],""var_tag"":[]}",
HGHU-TW-005102,角色與劇情,再提醒我一次。誰是……叔叔？,"{""brace_token"":[],""escaped_control"":[],""literal_newline"":[],""markup_tag"":[],""printf_token"":[],""var_tag"":[]}",
HGHU-TW-005103,角色與劇情,我的天啊！,"{""brace_token"":[],""escaped_control"":[],""literal_newline"":[],""markup_tag"":[],""printf_token"":[],""var_tag"":[]}",
HGHU-TW-005104,角色與劇情,他得了老人癡呆症！,"{""brace_token"":[],""escaped_control"":[],""literal_newline"":[],""markup_tag"":[],""printf_token"":[],""var_tag"":[]}",
HGHU-TW-005105,角色與劇情,叔叔有時候會健忘，但從來沒這麼嚴重過！,"{""brace_token"":[],""escaped_control"":[],""literal_newline"":[],""markup_tag"":[],""printf_token"":[],""var_tag"":[]}",
HGHU-TW-005106,角色與劇情,叔叔？你為什麼不記得我了？,"{""brace_token"":[],""escaped_control"":[],""literal_newline"":[],""markup_tag"":[],""printf_token"":[],""var_tag"":[]}",
HGHU-TW-005107,角色與劇情,博羅，你知道他怎麼了嗎？,"{""brace_token"":[],""escaped_control"":[],""literal_newline"":[],""markup_tag"":[],""printf_token"":[],""var_tag"":[]}",
HGHU-TW-005108,角色與劇情,誰是 博羅？,"{""brace_token"":[],""escaped_control"":[],""literal_newline"":[],""markup_tag"":[],""printf_token"":[],""var_tag"":[]}",
HGHU-TW-005109,角色與劇情,噢，不！你也一樣！,"{""brace_token"":[],""escaped_control"":[],""literal_newline"":[],""markup_tag"":[],""printf_token"":[],""var_tag"":[]}",
HGHU-TW-005110,角色與劇情,牠企圖<hgh_f c=0>腐化</hgh_f>我們的魔法，並<hgh_f c=0>利用它</hgh_f>來滿足自己的私慾。,"{""brace_token"":[],""escaped_control"":[],""literal_newline"":[],""markup_tag"":[""</hgh_f>"",""</hgh_f>"",""<hgh_f c=0>"",""<hgh_f c=0>""],""printf_token"":[],""var_tag"":[]}",
HGHU-TW-005111,角色與劇情,他們好像失憶了！,"{""brace_token"":[],""escaped_control"":[],""literal_newline"":[],""markup_tag"":[],""printf_token"":[],""var_tag"":[]}",
HGHU-TW-005112,角色與劇情,我最好去找人幫忙！,"{""brace_token"":[],""escaped_control"":[],""literal_newline"":[],""markup_tag"":[],""printf_token"":[],""var_tag"":[]}",
HGHU-TW-005113,角色與劇情,哈囉！看來我是個老頭子！,"{""brace_token"":[],""escaped_control"":[],""literal_newline"":[],""markup_tag"":[],""printf_token"":[],""var_tag"":[]}",
HGHU-TW-005114,角色與劇情,一旦牠掌握了我們的力量……,"{""brace_token"":[],""escaped_control"":[],""literal_newline"":[],""markup_tag"":[],""printf_token"":[],""var_tag"":[]}",
HGHU-TW-005115,角色與劇情,每當我感到迷惘或困惑時，我就會去找<hgh_f c=0>澡堂老闆娘</hgh_f>。,"{""brace_token"":[],""escaped_control"":[],""literal_newline"":[],""markup_tag"":[""</hgh_f>"",""<hgh_f c=0>""],""printf_token"":[],""var_tag"":[]}",
HGHU-TW-005116,角色與劇情,博羅。聽起來像某種多孔的麵包碗。,"{""brace_token"":[],""escaped_control"":[],""literal_newline"":[],""markup_tag"":[],""printf_token"":[],""var_tag"":[]}",
HGHU-TW-005117,角色與劇情,Scuttlebutt 市長！,"{""brace_token"":[],""escaped_control"":[],""literal_newline"":[],""markup_tag"":[],""printf_token"":[],""var_tag"":[]}",
HGHU-TW-005118,角色與劇情,你在街上閒晃做什麼？,"{""brace_token"":[],""escaped_control"":[],""literal_newline"":[],""markup_tag"":[],""printf_token"":[],""var_tag"":[]}",
HGHU-TW-005119,角色與劇情,街上？,"{""brace_token"":[],""escaped_control"":[],""literal_newline"":[],""markup_tag"":[],""printf_token"":[],""var_tag"":[]}",
HGHU-TW-005120,角色與劇情,……這個<hgh_f c=0>黑暗的代理人</hgh_f>將會<hgh_f c=0>最高統治</hgh_f>我們<hgh_f c=0>這兩個</hgh_f>世界……,"{""brace_token"":[],""escaped_control"":[],""literal_newline"":[],""markup_tag"":[""</hgh_f>"",""</hgh_f>"",""</hgh_f>"",""<hgh_f c=0>"",""<hgh_f c=0>"",""<hgh_f c=0>""],""printf_token"":[],""var_tag"":[]}",
HGHU-TW-005121,角色與劇情,還有你的新守護精靈在哪裡？,"{""brace_token"":[],""escaped_control"":[],""literal_newline"":[],""markup_tag"":[],""printf_token"":[],""var_tag"":[]}",
HGHU-TW-005122,角色與劇情,喔，對……<hgh_f c=0>Holly</hgh_f>。,"{""brace_token"":[],""escaped_control"":[],""literal_newline"":[],""markup_tag"":[""</hgh_f>"",""<hgh_f c=0>""],""printf_token"":[],""var_tag"":[]}",
HGHU-TW-005123,角色與劇情,她說她必須去……,"{""brace_token"":[],""escaped_control"":[],""literal_newline"":[],""markup_tag"":[],""printf_token"":[],""var_tag"":[]}",
HGHU-TW-005124,角色與劇情,……某個地方……,"{""brace_token"":[],""escaped_control"":[],""literal_newline"":[],""markup_tag"":[],""printf_token"":[],""var_tag"":[]}",
HGHU-TW-005125,角色與劇情,但我們需要她的<hgh_f c=0>幫忙</hgh_f>！,"{""brace_token"":[],""escaped_control"":[],""literal_newline"":[],""markup_tag"":[""</hgh_f>"",""<hgh_f c=0>""],""printf_token"":[],""var_tag"":[]}",
HGHU-TW-005126,角色與劇情,<hgh_f c=0>斯卡托鎮</hgh_f>有一半的人<hgh_f c=0>失憶</hgh_f>了！,"{""brace_token"":[],""escaped_control"":[],""literal_newline"":[],""markup_tag"":[""</hgh_f>"",""</hgh_f>"",""<hgh_f c=0>"",""<hgh_f c=0>""],""printf_token"":[],""var_tag"":[]}",
HGHU-TW-005127,角色與劇情,你真的<hgh_f c=0>不知道</hgh_f>她去哪裡了嗎？,"{""brace_token"":[],""escaped_control"":[],""literal_newline"":[],""markup_tag"":[""</hgh_f>"",""<hgh_f c=0>""],""printf_token"":[],""var_tag"":[]}",
HGHU-TW-005128,角色與劇情,不……記得了。,"{""brace_token"":[],""escaped_control"":[],""literal_newline"":[],""markup_tag"":[],""printf_token"":[],""var_tag"":[]}",
HGHU-TW-005129,角色與劇情,咦？市長，你手裡拿的是什麼？,"{""brace_token"":[],""escaped_control"":[],""literal_newline"":[],""markup_tag"":[],""printf_token"":[],""var_tag"":[]}",
HGHU-TW-005130,角色與劇情,……而且<hgh_f c=0>沒有人</hgh_f>能逃過牠的怒火。,"{""brace_token"":[],""escaped_control"":[],""literal_newline"":[],""markup_tag"":[""</hgh_f>"",""<hgh_f c=0>""],""printf_token"":[],""var_tag"":[]}",
HGHU-TW-005131,角色與劇情,前往<hgh_f c=0>塔索鎮</hgh_f>的地圖？,"{""brace_token"":[],""escaped_control"":[],""literal_newline"":[],""markup_tag"":[""</hgh_f>"",""<hgh_f c=0>""],""printf_token"":[],""var_tag"":[]}",
HGHU-TW-005132,角色與劇情,原來她去那裡了。,"{""brace_token"":[],""escaped_control"":[],""literal_newline"":[],""markup_tag"":[],""printf_token"":[],""var_tag"":[]}",
HGHU-TW-005133,角色與劇情,撐著點，市長，我會去求救的！,"{""brace_token"":[],""escaped_control"":[],""literal_newline"":[],""markup_tag"":[],""printf_token"":[],""var_tag"":[]}",
HGHU-TW-005134,角色與劇情,天啊，我最好把這張<hgh_f c=0>地圖</hgh_f>拿給<hgh_f c=0>史凱</hgh_f>看！,"{""brace_token"":[],""escaped_control"":[],""literal_newline"":[],""markup_tag"":[""</hgh_f>"",""</hgh_f>"",""<hgh_f c=0>"",""<hgh_f c=0>""],""printf_token"":[],""var_tag"":[]}",
HGHU-TW-005135,角色與劇情,好吧！請收下這張<hgh_f c=0>塔索鎮地圖</hgh_f>！,"{""brace_token"":[],""escaped_control"":[],""literal_newline"":[],""markup_tag"":[""</hgh_f>"",""<hgh_f c=0>""],""printf_token"":[],""var_tag"":[]}",
HGHU-TW-005136,角色與劇情,噢，不……這聽起來很嚴重！,"{""brace_token"":[],""escaped_control"":[],""literal_newline"":[],""markup_tag"":[],""printf_token"":[],""var_tag"":[]}",
HGHU-TW-005137,角色與劇情,好吧！請收下這張<hgh_f c=0>塔索鎮地圖</hgh_f>！,"{""brace_token"":[],""escaped_control"":[],""literal_newline"":[],""markup_tag"":[""</hgh_f>"",""<hgh_f c=0>""],""printf_token"":[],""var_tag"":[]}",
HGHU-TW-005138,角色與劇情,我們該怎麼阻止它？,"{""brace_token"":[],""escaped_control"":[],""literal_newline"":[],""markup_tag"":[],""printf_token"":[],""var_tag"":[]}",
HGHU-TW-005139,角色與劇情,我什麼都不記得了！,"{""brace_token"":[],""escaped_control"":[],""literal_newline"":[],""markup_tag"":[],""printf_token"":[],""var_tag"":[]}",
HGHU-TW-005140,角色與劇情,咦？,"{""brace_token"":[],""escaped_control"":[],""literal_newline"":[],""markup_tag"":[],""printf_token"":[],""var_tag"":[]}",
HGHU-TW-005141,角色與劇情,我是誰？,"{""brace_token"":[],""escaped_control"":[],""literal_newline"":[],""markup_tag"":[],""printf_token"":[],""var_tag"":[]}",
HGHU-TW-005142,角色與劇情,噢，不！連 史凱 也！不要連她也失憶啊！,"{""brace_token"":[],""escaped_control"":[],""literal_newline"":[],""markup_tag"":[],""printf_token"":[],""var_tag"":[]}",
HGHU-TW-005143,角色與劇情,身為<hgh_f c=0>精靈之女</hgh_f>，<hgh_f c=0>只有妳</hgh_f>有能力做到這件事。,"{""brace_token"":[],""escaped_control"":[],""literal_newline"":[],""markup_tag"":[""</hgh_f>"",""</hgh_f>"",""<hgh_f c=0>"",""<hgh_f c=0>""],""printf_token"":[],""var_tag"":[]}",
HGHU-TW-005144,角色與劇情,糟糕！,"{""brace_token"":[],""escaped_control"":[],""literal_newline"":[],""markup_tag"":[],""printf_token"":[],""var_tag"":[]}",
HGHU-TW-005145,角色與劇情,哦，好吧。也許她以後會改變主意。,"{""brace_token"":[],""escaped_control"":[],""literal_newline"":[],""markup_tag"":[],""printf_token"":[],""var_tag"":[]}",
HGHU-TW-005146,角色與劇情,我還有很多邀請要發。,"{""brace_token"":[],""escaped_control"":[],""literal_newline"":[],""markup_tag"":[],""printf_token"":[],""var_tag"":[]}",
HGHU-TW-005147,角色與劇情,下一個在我名單上的人是<hgh_f c=0>科技男爵</hgh_f>！,"{""brace_token"":[],""escaped_control"":[],""literal_newline"":[],""markup_tag"":[""</hgh_f>"",""<hgh_f c=0>""],""printf_token"":[],""var_tag"":[]}",
HGHU-TW-005148,角色與劇情,<hgh_f c=0>科技男爵</hgh_f>應該在這附近。,"{""brace_token"":[],""escaped_control"":[],""literal_newline"":[],""markup_tag"":[""</hgh_f>"",""<hgh_f c=0>""],""printf_token"":[],""var_tag"":[]}",
HGHU-TW-005149,角色與劇情,我只需要找到他，然後邀請他來參加我的派對。,"{""brace_token"":[],""escaped_control"":[],""literal_newline"":[],""markup_tag"":[],""printf_token"":[],""var_tag"":[]}",
HGHU-TW-005150,角色與劇情,希望我在他身上比在里絲琦身上更成功！,"{""brace_token"":[],""escaped_control"":[],""literal_newline"":[],""markup_tag"":[],""printf_token"":[],""var_tag"":[]}",
HGHU-TW-005151,角色與劇情,咦？,"{""brace_token"":[],""escaped_control"":[],""literal_newline"":[],""markup_tag"":[],""printf_token"":[],""var_tag"":[]}",
HGHU-TW-005152,角色與劇情,誰在那裡？你怎麼拿到我的睡衣的！,"{""brace_token"":[],""escaped_control"":[],""literal_newline"":[],""markup_tag"":[],""printf_token"":[],""var_tag"":[]}",
HGHU-TW-005153,角色與劇情,立刻把它們還給我！,"{""brace_token"":[],""escaped_control"":[],""literal_newline"":[],""markup_tag"":[],""printf_token"":[],""var_tag"":[]}",
HGHU-TW-005154,角色與劇情,咦？,"{""brace_token"":[],""escaped_control"":[],""literal_newline"":[],""markup_tag"":[],""printf_token"":[],""var_tag"":[]}",
HGHU-TW-005155,角色與劇情,我要舉辦<hgh_f c=0>終極睡衣派對！,"{""brace_token"":[],""escaped_control"":[],""literal_newline"":[],""markup_tag"":[""<hgh_f c=0>""],""printf_token"":[],""var_tag"":[]}",
HGHU-TW-005156,角色與劇情,哦，這些睡衣是我的。我們可能在同一家店購物。 ,"{""brace_token"":[],""escaped_control"":[],""literal_newline"":[],""markup_tag"":[],""printf_token"":[],""var_tag"":[]}",
HGHU-TW-005157,角色與劇情,可以理解。,"{""brace_token"":[],""escaped_control"":[],""literal_newline"":[],""markup_tag"":[],""printf_token"":[],""var_tag"":[]}",
HGHU-TW-005158,角色與劇情,總之，我是來邀請你參加我的<hgh_f c=0>睡衣派對</hgh_f>的！,"{""brace_token"":[],""escaped_control"":[],""literal_newline"":[],""markup_tag"":[""</hgh_f>"",""<hgh_f c=0>""],""printf_token"":[],""var_tag"":[]}",
HGHU-TW-005159,角色與劇情,真的嗎？,"{""brace_token"":[],""escaped_control"":[],""literal_newline"":[],""markup_tag"":[],""printf_token"":[],""var_tag"":[]}",
HGHU-TW-005160,角色與劇情,這是聞所未聞的！,"{""brace_token"":[],""escaped_control"":[],""literal_newline"":[],""markup_tag"":[],""printf_token"":[],""var_tag"":[]}",
HGHU-TW-005161,角色與劇情,沒有人邀請科技男爵參加派對！ ,"{""brace_token"":[],""escaped_control"":[],""literal_newline"":[],""markup_tag"":[],""printf_token"":[],""var_tag"":[]}",
HGHU-TW-005162,角色與劇情,我怎麼能確定我能融入？,"{""brace_token"":[],""escaped_control"":[],""literal_newline"":[],""markup_tag"":[],""printf_token"":[],""var_tag"":[]}",
HGHU-TW-005163,角色與劇情,呃……嗯。,"{""brace_token"":[],""escaped_control"":[],""literal_newline"":[],""markup_tag"":[],""printf_token"":[],""var_tag"":[]}",
HGHU-TW-005164,角色與劇情,你可以帶一個朋友……如果只有一個的話……,"{""brace_token"":[],""escaped_control"":[],""literal_newline"":[],""markup_tag"":[],""printf_token"":[],""var_tag"":[]}",
HGHU-TW-005165,角色與劇情,而且所有人都受邀！,"{""brace_token"":[],""escaped_control"":[],""literal_newline"":[],""markup_tag"":[],""printf_token"":[],""var_tag"":[]}",
HGHU-TW-005166,角色與劇情,我不想讓它太擁擠。,"{""brace_token"":[],""escaped_control"":[],""literal_newline"":[],""markup_tag"":[],""printf_token"":[],""var_tag"":[]}",
HGHU-TW-005167,角色與劇情,<hgh_f c=0>完成</hgh_f>。把我和我的加一寫上。,"{""brace_token"":[],""escaped_control"":[],""literal_newline"":[],""markup_tag"":[""</hgh_f>"",""<hgh_f c=0>""],""printf_token"":[],""var_tag"":[]}",
HGHU-TW-005168,角色與劇情,名字請？,"{""brace_token"":[],""escaped_control"":[],""literal_newline"":[],""markup_tag"":[],""printf_token"":[],""var_tag"":[]}",
HGHU-TW-005169,角色與劇情,來，我來介紹她。,"{""brace_token"":[],""escaped_control"":[],""literal_newline"":[],""markup_tag"":[],""printf_token"":[],""var_tag"":[]}",
HGHU-TW-005170,角色與劇情,別動。,"{""brace_token"":[],""escaped_control"":[],""literal_newline"":[],""markup_tag"":[],""printf_token"":[],""var_tag"":[]}",
HGHU-TW-005171,角色與劇情,呼！,"{""brace_token"":[],""escaped_control"":[],""literal_newline"":[],""markup_tag"":[],""printf_token"":[],""var_tag"":[]}",
HGHU-TW-005172,角色與劇情,我們會有枕頭戰、零食和故事……,"{""brace_token"":[],""escaped_control"":[],""literal_newline"":[],""markup_tag"":[],""printf_token"":[],""var_tag"":[]}",
HGHU-TW-005173,角色與劇情,你的巨型美人魚客人真是個麻煩！,"{""brace_token"":[],""escaped_control"":[],""literal_newline"":[],""markup_tag"":[],""printf_token"":[],""var_tag"":[]}",
HGHU-TW-005174,角色與劇情,咦？,"{""brace_token"":[],""escaped_control"":[],""literal_newline"":[],""markup_tag"":[],""printf_token"":[],""var_tag"":[]}",
HGHU-TW-005175,角色與劇情,美人魚？,"{""brace_token"":[],""escaped_control"":[],""literal_newline"":[],""markup_tag"":[],""printf_token"":[],""var_tag"":[]}",
HGHU-TW-005176,角色與劇情,不，那東西不是我的客人。,"{""brace_token"":[],""escaped_control"":[],""literal_newline"":[],""markup_tag"":[],""printf_token"":[],""var_tag"":[]}",
HGHU-TW-005177,角色與劇情,那東西只是一隻巨大的美人魚。,"{""brace_token"":[],""escaped_control"":[],""literal_newline"":[],""markup_tag"":[],""printf_token"":[],""var_tag"":[]}",
HGHU-TW-005178,角色與劇情,抱歉如果它給你帶來麻煩。,"{""brace_token"":[],""escaped_control"":[],""literal_newline"":[],""markup_tag"":[],""printf_token"":[],""var_tag"":[]}",
HGHU-TW-005179,角色與劇情,我真正的派對客人是我的曾曾祖母<hgh_f c=0>科技奶奶</hgh_f>。,"{""brace_token"":[],""escaped_control"":[],""literal_newline"":[],""markup_tag"":[""</hgh_f>"",""<hgh_f c=0>""],""printf_token"":[],""var_tag"":[]}",
HGHU-TW-005180,角色與劇情,她說她非常高興，只需要化妝一下。,"{""brace_token"":[],""escaped_control"":[],""literal_newline"":[],""markup_tag"":[],""printf_token"":[],""var_tag"":[]}",
HGHU-TW-005181,角色與劇情,<hgh_f c=0>倒吸一口氣</hgh_f>！,"{""brace_token"":[],""escaped_control"":[],""literal_newline"":[],""markup_tag"":[""</hgh_f>"",""<hgh_f c=0>""],""printf_token"":[],""var_tag"":[]}",
HGHU-TW-005182,角色與劇情,這會超酷的！,"{""brace_token"":[],""escaped_control"":[],""literal_newline"":[],""markup_tag"":[],""printf_token"":[],""var_tag"":[]}",
HGHU-TW-005183,角色與劇情,你<hgh_f c=0>把她的臉拿掉了</hgh_f>？！,"{""brace_token"":[],""escaped_control"":[],""literal_newline"":[],""markup_tag"":[""</hgh_f>"",""<hgh_f c=0>""],""printf_token"":[],""var_tag"":[]}",
HGHU-TW-005184,角色與劇情,退後，你這個吃人的<hgh_f c=0>怪物</hgh_f>！,"{""brace_token"":[],""escaped_control"":[],""literal_newline"":[],""markup_tag"":[""</hgh_f>"",""<hgh_f c=0>""],""printf_token"":[],""var_tag"":[]}",
HGHU-TW-005185,角色與劇情,什麼？從那麼遠的地方我聽不見你！,"{""brace_token"":[],""escaped_control"":[],""literal_newline"":[],""markup_tag"":[],""printf_token"":[],""var_tag"":[]}",
HGHU-TW-005186,角色與劇情,我最好快點傳播這個消息！,"{""brace_token"":[],""escaped_control"":[],""literal_newline"":[],""markup_tag"":[],""printf_token"":[],""var_tag"":[]}",
HGHU-TW-005187,角色與劇情,化妝就是指化妝嗎？,"{""brace_token"":[],""escaped_control"":[],""literal_newline"":[],""markup_tag"":[],""printf_token"":[],""var_tag"":[]}",
HGHU-TW-005188,角色與劇情,那就好！派對上見，科技男爵！,"{""brace_token"":[],""escaped_control"":[],""literal_newline"":[],""markup_tag"":[],""printf_token"":[],""var_tag"":[]}",
HGHU-TW-005189,角色與劇情,耶！又多了兩位客人！,"{""brace_token"":[],""escaped_control"":[],""literal_newline"":[],""markup_tag"":[],""printf_token"":[],""var_tag"":[]}",
HGHU-TW-005190,角色與劇情,那麼，接下來是誰呢？,"{""brace_token"":[],""escaped_control"":[],""literal_newline"":[],""markup_tag"":[],""printf_token"":[],""var_tag"":[]}",
HGHU-TW-005191,角色與劇情,哦對了，<hgh_f c=0>霍莉</hgh_f>！,"{""brace_token"":[],""escaped_control"":[],""literal_newline"":[],""markup_tag"":[""</hgh_f>"",""<hgh_f c=0>""],""printf_token"":[],""var_tag"":[]}",
HGHU-TW-005192,角色與劇情,我得邀請她來我的睡衣派對！,"{""brace_token"":[],""escaped_control"":[],""literal_newline"":[],""markup_tag"":[],""printf_token"":[],""var_tag"":[]}",
HGHU-TW-005193,角色與劇情,開始囉！,"{""brace_token"":[],""escaped_control"":[],""literal_newline"":[],""markup_tag"":[],""printf_token"":[],""var_tag"":[]}",
HGHU-TW-005194,角色與劇情,舊塔塞爾鎮的廢墟。,"{""brace_token"":[],""escaped_control"":[],""literal_newline"":[],""markup_tag"":[],""printf_token"":[],""var_tag"":[]}",
HGHU-TW-005195,角色與劇情,現在，我該怎麼讓霍莉再次出現呢？,"{""brace_token"":[],""escaped_control"":[],""literal_newline"":[],""markup_tag"":[],""printf_token"":[],""var_tag"":[]}",
HGHU-TW-005196,角色與劇情,我怎麼也想不起來。,"{""brace_token"":[],""escaped_control"":[],""literal_newline"":[],""markup_tag"":[],""printf_token"":[],""var_tag"":[]}",
HGHU-TW-005197,角色與劇情,天啊！,"{""brace_token"":[],""escaped_control"":[],""literal_newline"":[],""markup_tag"":[],""printf_token"":[],""var_tag"":[]}",
HGHU-TW-005198,角色與劇情,有人在想我嗎？,"{""brace_token"":[],""escaped_control"":[],""literal_newline"":[],""markup_tag"":[],""printf_token"":[],""var_tag"":[]}",
HGHU-TW-005199,角色與劇情,每當有人想起我，我就會立刻復活，你知道的！,"{""brace_token"":[],""escaped_control"":[],""literal_newline"":[],""markup_tag"":[],""printf_token"":[],""var_tag"":[]}",
HGHU-TW-005200,角色與劇情,哦！你在這裡，霍莉！,"{""brace_token"":[],""escaped_control"":[],""literal_newline"":[],""markup_tag"":[],""printf_token"":[],""var_tag"":[]}",
HGHU-TW-005201,角色與劇情,我在找你呢！我要舉辦<hgh_f c=0>終極睡衣派對</hgh_f>！,"{""brace_token"":[],""escaped_control"":[],""literal_newline"":[],""markup_tag"":[""</hgh_f>"",""<hgh_f c=0>""],""printf_token"":[],""var_tag"":[]}",
HGHU-TW-005202,角色與劇情,要來嗎？,"{""brace_token"":[],""escaped_control"":[],""literal_newline"":[],""markup_tag"":[],""printf_token"":[],""var_tag"":[]}",
HGHU-TW-005203,角色與劇情,喔？,"{""brace_token"":[],""escaped_control"":[],""literal_newline"":[],""markup_tag"":[],""printf_token"":[],""var_tag"":[]}",
HGHU-TW-005204,角色與劇情,那要看情況。,"{""brace_token"":[],""escaped_control"":[],""literal_newline"":[],""markup_tag"":[],""printf_token"":[],""var_tag"":[]}",
HGHU-TW-005205,角色與劇情,你的派對主題是什麼？,"{""brace_token"":[],""escaped_control"":[],""literal_newline"":[],""markup_tag"":[],""printf_token"":[],""var_tag"":[]}",
HGHU-TW-005206,角色與劇情,這是電影和烘焙餅乾的聚會，還是塗指甲油和穿耳洞的派對？,"{""brace_token"":[],""escaped_control"":[],""literal_newline"":[],""markup_tag"":[],""printf_token"":[],""var_tag"":[]}",
HGHU-TW-005207,角色與劇情,我猜是前者，因為我記得你的耳朵已經穿孔了。,"{""brace_token"":[],""escaped_control"":[],""literal_newline"":[],""markup_tag"":[],""printf_token"":[],""var_tag"":[]}",
HGHU-TW-005208,角色與劇情,除非它們是夾式耳環，我會假設它們是。,"{""brace_token"":[],""escaped_control"":[],""literal_newline"":[],""markup_tag"":[],""printf_token"":[],""var_tag"":[]}",
HGHU-TW-005209,角色與劇情,我無法想像像你這樣的人會有勇氣接受像我這樣的耳洞。,"{""brace_token"":[],""escaped_control"":[],""literal_newline"":[],""markup_tag"":[],""printf_token"":[],""var_tag"":[]}",
HGHU-TW-005210,角色與劇情,我的第一對耳環是帶有像一年級海牛那麼厚的鐵針。,"{""brace_token"":[],""escaped_control"":[],""literal_newline"":[],""markup_tag"":[],""printf_token"":[],""var_tag"":[]}",
HGHU-TW-005211,角色與劇情,只是把它們穿過我的耳垂就已經是超越任何人類在耳洞歷史上所承受的痛苦。,"{""brace_token"":[],""escaped_control"":[],""literal_newline"":[],""markup_tag"":[],""printf_token"":[],""var_tag"":[]}",
HGHU-TW-005212,角色與劇情,我想僅憑這一點，我就應該參加這個慶典。,"{""brace_token"":[],""escaped_control"":[],""literal_newline"":[],""markup_tag"":[],""printf_token"":[],""var_tag"":[]}",
HGHU-TW-005213,角色與劇情,畢竟，有我在你會很幸運。,"{""brace_token"":[],""escaped_control"":[],""literal_newline"":[],""markup_tag"":[],""printf_token"":[],""var_tag"":[]}",
HGHU-TW-005214,角色與劇情,所以……,"{""brace_token"":[],""escaped_control"":[],""literal_newline"":[],""markup_tag"":[],""printf_token"":[],""var_tag"":[]}",
HGHU-TW-005215,角色與劇情,我要給我認識的每個人一張<hgh_f c=0>邀請函</hgh_f>，邀請他們來參加我的終極睡衣派對！,"{""brace_token"":[],""escaped_control"":[],""literal_newline"":[],""markup_tag"":[""</hgh_f>"",""<hgh_f c=0>""],""printf_token"":[],""var_tag"":[]}",
HGHU-TW-005216,角色與劇情,那我就算你會來了？,"{""brace_token"":[],""escaped_control"":[],""literal_newline"":[],""markup_tag"":[],""printf_token"":[],""var_tag"":[]}",
HGHU-TW-005217,角色與劇情,把我算上，但別抱太大希望。我會去看看我的日曆。,"{""brace_token"":[],""escaped_control"":[],""literal_newline"":[],""markup_tag"":[],""printf_token"":[],""var_tag"":[]}",
HGHU-TW-005218,角色與劇情,我最好跟著她，我想。,"{""brace_token"":[],""escaped_control"":[],""literal_newline"":[],""markup_tag"":[],""printf_token"":[],""var_tag"":[]}",
HGHU-TW-005219,角色與劇情,天啊！發邀請函真是<hgh_f c=0>辛苦的工作</hgh_f>！,"{""brace_token"":[],""escaped_control"":[],""literal_newline"":[],""markup_tag"":[""</hgh_f>"",""<hgh_f c=0>""],""printf_token"":[],""var_tag"":[]}",
HGHU-TW-005220,角色與劇情,我不會漏掉任何人！,"{""brace_token"":[],""escaped_control"":[],""literal_newline"":[],""markup_tag"":[],""printf_token"":[],""var_tag"":[]}",
HGHU-TW-005221,角色與劇情,喔！,"{""brace_token"":[],""escaped_control"":[],""literal_newline"":[],""markup_tag"":[],""printf_token"":[],""var_tag"":[]}",
HGHU-TW-005222,角色與劇情,對你來說是好消息！,"{""brace_token"":[],""escaped_control"":[],""literal_newline"":[],""markup_tag"":[],""printf_token"":[],""var_tag"":[]}",
HGHU-TW-005223,角色與劇情,看來我全天都有空。,"{""brace_token"":[],""escaped_control"":[],""literal_newline"":[],""markup_tag"":[],""printf_token"":[],""var_tag"":[]}",
HGHU-TW-005224,角色與劇情,我可以參加你的派對，但你需要在我不在時照顧我的寵物威爾伯。,"{""brace_token"":[],""escaped_control"":[],""literal_newline"":[],""markup_tag"":[],""printf_token"":[],""var_tag"":[]}",
HGHU-TW-005225,角色與劇情,但是，我會在睡衣派對上——,"{""brace_token"":[],""escaped_control"":[],""literal_newline"":[],""markup_tag"":[],""printf_token"":[],""var_tag"":[]}",
HGHU-TW-005226,角色與劇情,現在，現在！,"{""brace_token"":[],""escaped_control"":[],""literal_newline"":[],""markup_tag"":[],""printf_token"":[],""var_tag"":[]}",
HGHU-TW-005227,角色與劇情,照顧威爾伯很簡單。即使是你這樣的人也能做到。,"{""brace_token"":[],""escaped_control"":[],""literal_newline"":[],""markup_tag"":[],""printf_token"":[],""var_tag"":[]}",
HGHU-TW-005228,角色與劇情,他每天早晚各吞噬一次凡人的記憶。,"{""brace_token"":[],""escaped_control"":[],""literal_newline"":[],""markup_tag"":[],""printf_token"":[],""var_tag"":[]}",
HGHU-TW-005229,角色與劇情,另外，他的眼睛有點黏，所以他的獸醫開了每天<hgh_f c=0>四顆硫磺巨石</hgh_f>。,"{""brace_token"":[],""escaped_control"":[],""literal_newline"":[],""markup_tag"":[""</hgh_f>"",""<hgh_f c=0>""],""printf_token"":[],""var_tag"":[]}",
HGHU-TW-005230,角色與劇情,直接塗在裸露的瞳孔上。,"{""brace_token"":[],""escaped_control"":[],""literal_newline"":[],""markup_tag"":[],""printf_token"":[],""var_tag"":[]}",
HGHU-TW-005231,角色與劇情,但首先...,"{""brace_token"":[],""escaped_control"":[],""literal_newline"":[],""markup_tag"":[],""printf_token"":[],""var_tag"":[]}",
HGHU-TW-005232,角色與劇情,他討厭這樣，但這是為了他好。你會習慣的。,"{""brace_token"":[],""escaped_control"":[],""literal_newline"":[],""markup_tag"":[],""printf_token"":[],""var_tag"":[]}",
HGHU-TW-005233,角色與劇情,他來了……,"{""brace_token"":[],""escaped_control"":[],""literal_newline"":[],""markup_tag"":[],""printf_token"":[],""var_tag"":[]}",
HGHU-TW-005234,角色與劇情,看看你是否都記住了！,"{""brace_token"":[],""escaped_control"":[],""literal_newline"":[],""markup_tag"":[],""printf_token"":[],""var_tag"":[]}",
HGHU-TW-005235,角色與劇情,威爾伯？,"{""brace_token"":[],""escaped_control"":[],""literal_newline"":[],""markup_tag"":[],""printf_token"":[],""var_tag"":[]}",
HGHU-TW-005236,角色與劇情,哦，他睡得像個嬰兒。,"{""brace_token"":[],""escaped_control"":[],""literal_newline"":[],""markup_tag"":[],""printf_token"":[],""var_tag"":[]}",
HGHU-TW-005237,角色與劇情,這意味著你會來我的睡衣派對嗎？,"{""brace_token"":[],""escaped_control"":[],""literal_newline"":[],""markup_tag"":[],""printf_token"":[],""var_tag"":[]}",
HGHU-TW-005238,角色與劇情,我最好先看看這些睡衣背後的標籤。,"{""brace_token"":[],""escaped_control"":[],""literal_newline"":[],""markup_tag"":[],""printf_token"":[],""var_tag"":[]}",
HGHU-TW-005239,角色與劇情,我……,"{""brace_token"":[],""escaped_control"":[],""literal_newline"":[],""markup_tag"":[],""printf_token"":[],""var_tag"":[]}",
HGHU-TW-005240,角色與劇情,可能會來個驚喜出現！,"{""brace_token"":[],""escaped_control"":[],""literal_newline"":[],""markup_tag"":[],""printf_token"":[],""var_tag"":[]}",
HGHU-TW-005241,角色與劇情,不保證！,"{""brace_token"":[],""escaped_control"":[],""literal_newline"":[],""markup_tag"":[],""printf_token"":[],""var_tag"":[]}",
HGHU-TW-005242,角色與劇情,別擔心！我可以保密！,"{""brace_token"":[],""escaped_control"":[],""literal_newline"":[],""markup_tag"":[],""printf_token"":[],""var_tag"":[]}",
HGHU-TW-005243,角色與劇情,我會忘記這次對話<hgh_f c=0>曾經發生過</hgh_f>！,"{""brace_token"":[],""escaped_control"":[],""literal_newline"":[],""markup_tag"":[""</hgh_f>"",""<hgh_f c=0>""],""printf_token"":[],""var_tag"":[]}",
HGHU-TW-005244,角色與劇情,咦？,"{""brace_token"":[],""escaped_control"":[],""literal_newline"":[],""markup_tag"":[],""printf_token"":[],""var_tag"":[]}",
HGHU-TW-005245,角色與劇情,忘記？,"{""brace_token"":[],""escaped_control"":[],""literal_newline"":[],""markup_tag"":[],""printf_token"":[],""var_tag"":[]}",
HGHU-TW-005246,角色與劇情,別忘記任何事情，否則我會……,"{""brace_token"":[],""escaped_control"":[],""literal_newline"":[],""markup_tag"":[],""printf_token"":[],""var_tag"":[]}",
HGHU-TW-005247,角色與劇情,嗯……,"{""brace_token"":[],""escaped_control"":[],""literal_newline"":[],""markup_tag"":[],""printf_token"":[],""var_tag"":[]}",
HGHU-TW-005248,角色與劇情,哈哈！她真有趣。,"{""brace_token"":[],""escaped_control"":[],""literal_newline"":[],""markup_tag"":[],""printf_token"":[],""var_tag"":[]}",
HGHU-TW-005249,角色與劇情,這樣就搞定了！,"{""brace_token"":[],""escaped_control"":[],""literal_newline"":[],""markup_tag"":[],""printf_token"":[],""var_tag"":[]}",
HGHU-TW-005250,角色與劇情,最好繼續前進！,"{""brace_token"":[],""escaped_control"":[],""literal_newline"":[],""markup_tag"":[],""printf_token"":[],""var_tag"":[]}",
HGHU-TW-005251,角色與劇情,我還有很多邀請函要發。,"{""brace_token"":[],""escaped_control"":[],""literal_newline"":[],""markup_tag"":[],""printf_token"":[],""var_tag"":[]}",
HGHU-TW-005252,角色與劇情,接下來是我的名單，<hgh_f c=0>彈藥男爵</hgh_f>！,"{""brace_token"":[],""escaped_control"":[],""literal_newline"":[],""markup_tag"":[""</hgh_f>"",""<hgh_f c=0>""],""printf_token"":[],""var_tag"":[]}",
HGHU-TW-005253,角色與劇情,啊，機油的味道。,"{""brace_token"":[],""escaped_control"":[],""literal_newline"":[],""markup_tag"":[],""printf_token"":[],""var_tag"":[]}",
HGHU-TW-005254,角色與劇情,這與魔毯比賽無關，但我剛想到的！,"{""brace_token"":[],""escaped_control"":[],""literal_newline"":[],""markup_tag"":[],""printf_token"":[],""var_tag"":[]}",
HGHU-TW-005255,角色與劇情,這個地毯機庫聞起來更像洗衣粉。,"{""brace_token"":[],""escaped_control"":[],""literal_newline"":[],""markup_tag"":[],""printf_token"":[],""var_tag"":[]}",
HGHU-TW-005256,角色與劇情,無論如何，我應該能在這裡找到彈藥男爵。,"{""brace_token"":[],""escaped_control"":[],""literal_newline"":[],""markup_tag"":[],""printf_token"":[],""var_tag"":[]}",
HGHU-TW-005257,角色與劇情,也許如果我參加比賽，我可以吸引他的注意！,"{""brace_token"":[],""escaped_control"":[],""literal_newline"":[],""markup_tag"":[],""printf_token"":[],""var_tag"":[]}",
HGHU-TW-005258,角色與劇情,去比賽吧！,"{""brace_token"":[],""escaped_control"":[],""literal_newline"":[],""markup_tag"":[],""printf_token"":[],""var_tag"":[]}",
HGHU-TW-005259,角色與劇情,天啊，這好長。真希望有辦法跳過這個。,"{""brace_token"":[],""escaped_control"":[],""literal_newline"":[],""markup_tag"":[],""printf_token"":[],""var_tag"":[]}",
HGHU-TW-005260,角色與劇情,誰在那裡！,"{""brace_token"":[],""escaped_control"":[],""literal_newline"":[],""markup_tag"":[],""printf_token"":[],""var_tag"":[]}",
HGHU-TW-005261,角色與劇情,是的，沒有人能從我們這裡過去！,"{""brace_token"":[],""escaped_control"":[],""literal_newline"":[],""markup_tag"":[],""printf_token"":[],""var_tag"":[]}",
HGHU-TW-005262,角色與劇情,喔！,"{""brace_token"":[],""escaped_control"":[],""literal_newline"":[],""markup_tag"":[],""printf_token"":[],""var_tag"":[]}",
HGHU-TW-005263,角色與劇情,正是我在找的女士們！,"{""brace_token"":[],""escaped_control"":[],""literal_newline"":[],""markup_tag"":[],""printf_token"":[],""var_tag"":[]}",
HGHU-TW-005264,角色與劇情,你們都被邀請來參加我的<hgh_f c=0>終極睡衣派對</hgh_f>！,"{""brace_token"":[],""escaped_control"":[],""literal_newline"":[],""markup_tag"":[""</hgh_f>"",""<hgh_f c=0>""],""printf_token"":[],""var_tag"":[]}",
HGHU-TW-005265,角色與劇情,你們會來嗎？,"{""brace_token"":[],""escaped_control"":[],""literal_newline"":[],""markup_tag"":[],""printf_token"":[],""var_tag"":[]}",
HGHU-TW-005266,角色與劇情,睡衣派對！,"{""brace_token"":[],""escaped_control"":[],""literal_newline"":[],""markup_tag"":[],""printf_token"":[],""var_tag"":[]}",
HGHU-TW-005267,角色與劇情,哦，當然！我完全參加！,"{""brace_token"":[],""escaped_control"":[],""literal_newline"":[],""markup_tag"":[],""printf_token"":[],""var_tag"":[]}",
HGHU-TW-005268,角色與劇情,總之……,"{""brace_token"":[],""escaped_control"":[],""literal_newline"":[],""markup_tag"":[],""printf_token"":[],""var_tag"":[]}",
HGHU-TW-005269,角色與劇情,我也是！我喜歡過夜派對！,"{""brace_token"":[],""escaped_control"":[],""literal_newline"":[],""markup_tag"":[],""printf_token"":[],""var_tag"":[]}",
HGHU-TW-005270,角色與劇情,需要我們帶什麼嗎？,"{""brace_token"":[],""escaped_control"":[],""literal_newline"":[],""markup_tag"":[],""printf_token"":[],""var_tag"":[]}",
HGHU-TW-005271,角色與劇情,只要帶上你自己！,"{""brace_token"":[],""escaped_control"":[],""literal_newline"":[],""markup_tag"":[],""printf_token"":[],""var_tag"":[]}",
HGHU-TW-005272,角色與劇情,我們該穿什麼？隨便穿嗎？,"{""brace_token"":[],""escaped_control"":[],""literal_newline"":[],""markup_tag"":[],""printf_token"":[],""var_tag"":[]}",
HGHU-TW-005273,角色與劇情,哦，嗯。我想穿你覺得舒服的就好。,"{""brace_token"":[],""escaped_control"":[],""literal_newline"":[],""markup_tag"":[],""printf_token"":[],""var_tag"":[]}",
HGHU-TW-005274,角色與劇情,但要注意，我會有很多怪物、殭屍，還有可能會有博羅，所以要穿得合適。,"{""brace_token"":[],""escaped_control"":[],""literal_newline"":[],""markup_tag"":[],""printf_token"":[],""var_tag"":[]}",
HGHU-TW-005275,角色與劇情,我等不及了！我們會在下班後馬上過去！,"{""brace_token"":[],""escaped_control"":[],""literal_newline"":[],""markup_tag"":[],""printf_token"":[],""var_tag"":[]}",
HGHU-TW-005276,角色與劇情,說到這，你是我們空域的入侵者！,"{""brace_token"":[],""escaped_control"":[],""literal_newline"":[],""markup_tag"":[],""printf_token"":[],""var_tag"":[]}",
HGHU-TW-005277,角色與劇情,是的！職責所在！別介意！,"{""brace_token"":[],""escaped_control"":[],""literal_newline"":[],""markup_tag"":[],""printf_token"":[],""var_tag"":[]}",
HGHU-TW-005278,角色與劇情,<hgh_f c=0>“衣物護理 1：精緻面料”</hgh_f>,"{""brace_token"":[],""escaped_control"":[],""literal_newline"":[],""markup_tag"":[""</hgh_f>"",""<hgh_f c=0>""],""printf_token"":[],""var_tag"":[]}",
HGHU-TW-005279,角色與劇情,把她炸成碎片！,"{""brace_token"":[],""escaped_control"":[],""literal_newline"":[],""markup_tag"":[],""printf_token"":[],""var_tag"":[]}",
HGHU-TW-005280,角色與劇情,那是什麼？！,"{""brace_token"":[],""escaped_control"":[],""literal_newline"":[],""markup_tag"":[],""printf_token"":[],""var_tag"":[]}",
HGHU-TW-005281,角色與劇情,我們為什麼墜毀了？,"{""brace_token"":[],""escaped_control"":[],""literal_newline"":[],""markup_tag"":[],""printf_token"":[],""var_tag"":[]}",
HGHU-TW-005282,角色與劇情,嘿，彈藥男爵！,"{""brace_token"":[],""escaped_control"":[],""literal_newline"":[],""markup_tag"":[],""printf_token"":[],""var_tag"":[]}",
HGHU-TW-005283,角色與劇情,我摧毀了你的整個艦隊，這樣我就可以邀請你來參加我的<hgh_f c=0>終極睡衣派對</hgh_f>！,"{""brace_token"":[],""escaped_control"":[],""literal_newline"":[],""markup_tag"":[""</hgh_f>"",""<hgh_f c=0>""],""printf_token"":[],""var_tag"":[]}",
HGHU-TW-005284,角色與劇情,認真的？,"{""brace_token"":[],""escaped_control"":[],""literal_newline"":[],""markup_tag"":[],""printf_token"":[],""var_tag"":[]}",
HGHU-TW-005285,角色與劇情,<hgh_f c=0>“這些舒適、受粉絲喜愛的睡衣由精細的絲綢和棉織物製成。”</hgh_f>,"{""brace_token"":[],""escaped_control"":[],""literal_newline"":[],""markup_tag"":[""</hgh_f>"",""<hgh_f c=0>""],""printf_token"":[],""var_tag"":[]}",
HGHU-TW-005286,角色與劇情,是的！今晚就在我的燈塔舉行！,"{""brace_token"":[],""escaped_control"":[],""literal_newline"":[],""markup_tag"":[],""printf_token"":[],""var_tag"":[]}",
HGHU-TW-005287,角色與劇情,我希望大家都來！,"{""brace_token"":[],""escaped_control"":[],""literal_newline"":[],""markup_tag"":[],""printf_token"":[],""var_tag"":[]}",
HGHU-TW-005288,角色與劇情,會有冰淇淋和枕頭戰！,"{""brace_token"":[],""escaped_control"":[],""literal_newline"":[],""markup_tag"":[],""printf_token"":[],""var_tag"":[]}",
HGHU-TW-005289,角色與劇情,枕頭戰？砰！,"{""brace_token"":[],""escaped_control"":[],""literal_newline"":[],""markup_tag"":[],""printf_token"":[],""var_tag"":[]}",
HGHU-TW-005290,角色與劇情,聽起來很棒！彈藥男爵會展現他最好的一面！,"{""brace_token"":[],""escaped_control"":[],""literal_newline"":[],""markup_tag"":[],""printf_token"":[],""var_tag"":[]}",
HGHU-TW-005291,角色與劇情,<hgh_f c=0>士兵們</hgh_f>！,"{""brace_token"":[],""escaped_control"":[],""literal_newline"":[],""markup_tag"":[""</hgh_f>"",""<hgh_f c=0>""],""printf_token"":[],""var_tag"":[]}",
HGHU-TW-005292,角色與劇情,<hgh_f c=0>“僅用冷水與精緻衣物一起洗滌。”</hgh_f>,"{""brace_token"":[],""escaped_control"":[],""literal_newline"":[],""markup_tag"":[""</hgh_f>"",""<hgh_f c=0>""],""printf_token"":[],""var_tag"":[]}",
HGHU-TW-005293,角色與劇情,你們這些流氓準備好來一場嚴肅的<hgh_f c=0>枕頭戰訓練</hgh_f>了嗎？,"{""brace_token"":[],""escaped_control"":[],""literal_newline"":[],""markup_tag"":[""</hgh_f>"",""<hgh_f c=0>""],""printf_token"":[],""var_tag"":[]}",
HGHU-TW-005294,角色與劇情,準備好<hgh_f c=0>枕頭大戰</hgh_f>！,"{""brace_token"":[],""escaped_control"":[],""literal_newline"":[],""markup_tag"":[""</hgh_f>"",""<hgh_f c=0>""],""printf_token"":[],""var_tag"":[]}",
HGHU-TW-005295,角色與劇情,蓬鬆-蓬鬆-砰！噗！,"{""brace_token"":[],""escaped_control"":[],""literal_newline"":[],""markup_tag"":[],""printf_token"":[],""var_tag"":[]}",
HGHU-TW-005296,角色與劇情,失敗不是選項！,"{""brace_token"":[],""escaped_control"":[],""literal_newline"":[],""markup_tag"":[],""printf_token"":[],""var_tag"":[]}",
HGHU-TW-005297,角色與劇情,抱歉，寶貝，但我不能回覆邀請，直到我確定我的士兵們已經準備好戰鬥。,"{""brace_token"":[],""escaped_control"":[],""literal_newline"":[],""markup_tag"":[],""printf_token"":[],""var_tag"":[]}",
HGHU-TW-005298,角色與劇情,<hgh_f c=0>“它們對敵人的攻擊幾乎沒有抵抗力。避免所有怪物！！”</hgh_f>,"{""brace_token"":[],""escaped_control"":[],""literal_newline"":[],""markup_tag"":[""</hgh_f>"",""<hgh_f c=0>""],""printf_token"":[],""var_tag"":[]}",
HGHU-TW-005299,角色與劇情,不能讓他們毫無準備地進來！,"{""brace_token"":[],""escaped_control"":[],""literal_newline"":[],""markup_tag"":[],""printf_token"":[],""var_tag"":[]}",
HGHU-TW-005300,角色與劇情,哀嚎...我美麗的臉...,"{""brace_token"":[],""escaped_control"":[],""literal_newline"":[],""markup_tag"":[],""printf_token"":[],""var_tag"":[]}",
HGHU-TW-005301,角色與劇情,讓我...擺脫...痛苦...,"{""brace_token"":[],""escaped_control"":[],""literal_newline"":[],""markup_tag"":[],""printf_token"":[],""var_tag"":[]}",
HGHU-TW-005302,角色與劇情,你還好嗎？,"{""brace_token"":[],""escaped_control"":[],""literal_newline"":[],""markup_tag"":[],""printf_token"":[],""var_tag"":[]}",
HGHU-TW-005303,角色與劇情,那枕頭裡面是什麼...？,"{""brace_token"":[],""escaped_control"":[],""literal_newline"":[],""markup_tag"":[],""printf_token"":[],""var_tag"":[]}",
HGHU-TW-005304,角色與劇情,哦，這個舊東西？,"{""brace_token"":[],""escaped_control"":[],""literal_newline"":[],""markup_tag"":[],""printf_token"":[],""var_tag"":[]}",
HGHU-TW-005305,角色與劇情,天啊，聽起來我穿著這些睡衣時<hgh_f c=0>幾乎沒有防禦力</hgh_f>。,"{""brace_token"":[],""escaped_control"":[],""literal_newline"":[],""markup_tag"":[""</hgh_f>"",""<hgh_f c=0>""],""printf_token"":[],""var_tag"":[]}",
HGHU-TW-005306,角色與劇情,我想只是羽毛。,"{""brace_token"":[],""escaped_control"":[],""literal_newline"":[],""markup_tag"":[],""printf_token"":[],""var_tag"":[]}",
HGHU-TW-005307,角色與劇情,感覺像被一堆舊骨頭打了一樣。,"{""brace_token"":[],""escaped_control"":[],""literal_newline"":[],""markup_tag"":[],""printf_token"":[],""var_tag"":[]}",
HGHU-TW-005308,角色與劇情,我會拉開拉鍊看看裡面。,"{""brace_token"":[],""escaped_control"":[],""literal_newline"":[],""markup_tag"":[],""printf_token"":[],""var_tag"":[]}",
HGHU-TW-005309,角色與劇情,嗨呀！,"{""brace_token"":[],""escaped_control"":[],""literal_newline"":[],""markup_tag"":[],""printf_token"":[],""var_tag"":[]}",
HGHU-TW-005310,角色與劇情,啊哈！偷渡者！,"{""brace_token"":[],""escaped_control"":[],""literal_newline"":[],""markup_tag"":[],""printf_token"":[],""var_tag"":[]}",
HGHU-TW-005311,角色與劇情,她一直在我的枕頭套裡？難怪我的枕頭這麼重。,"{""brace_token"":[],""escaped_control"":[],""literal_newline"":[],""markup_tag"":[],""printf_token"":[],""var_tag"":[]}",
HGHU-TW-005312,角色與劇情,最好繼續前進！,"{""brace_token"":[],""escaped_control"":[],""literal_newline"":[],""markup_tag"":[],""printf_token"":[],""var_tag"":[]}",
HGHU-TW-005313,角色與劇情,我還有很多邀請要發。,"{""brace_token"":[],""escaped_control"":[],""literal_newline"":[],""markup_tag"":[],""printf_token"":[],""var_tag"":[]}",
HGHU-TW-005314,角色與劇情,下一個在我名單上的是<hgh_f c=0>魷魚男爵</hgh_f>和<hgh_f c=0>催眠男爵</hgh_f>！,"{""brace_token"":[],""escaped_control"":[],""literal_newline"":[],""markup_tag"":[""</hgh_f>"",""</hgh_f>"",""<hgh_f c=0>"",""<hgh_f c=0>""],""printf_token"":[],""var_tag"":[]}",
HGHU-TW-005315,角色與劇情,哦，別邀請那個怪人！,"{""brace_token"":[],""escaped_control"":[],""literal_newline"":[],""markup_tag"":[],""printf_token"":[],""var_tag"":[]}",
HGHU-TW-005316,角色與劇情,回到枕頭裡，你！,"{""brace_token"":[],""escaped_control"":[],""literal_newline"":[],""markup_tag"":[],""printf_token"":[],""var_tag"":[]}",
HGHU-TW-005317,角色與劇情,接下來...,"{""brace_token"":[],""escaped_control"":[],""literal_newline"":[],""markup_tag"":[],""printf_token"":[],""var_tag"":[]}",
HGHU-TW-005318,角色與劇情,哎呀！,"{""brace_token"":[],""escaped_control"":[],""literal_newline"":[],""markup_tag"":[],""printf_token"":[],""var_tag"":[]}",
HGHU-TW-005319,角色與劇情,哦，我的，天已經快黑了！,"{""brace_token"":[],""escaped_control"":[],""literal_newline"":[],""markup_tag"":[],""printf_token"":[],""var_tag"":[]}",
HGHU-TW-005320,角色與劇情,我最好把這個邀請送出去，然後回家準備零食！,"{""brace_token"":[],""escaped_control"":[],""literal_newline"":[],""markup_tag"":[],""printf_token"":[],""var_tag"":[]}",
HGHU-TW-005321,角色與劇情,哦，太好了！,"{""brace_token"":[],""escaped_control"":[],""literal_newline"":[],""markup_tag"":[],""printf_token"":[],""var_tag"":[]}",
HGHU-TW-005322,角色與劇情,那裡有<hgh_f c=0>催眠男爵</hgh_f>。,"{""brace_token"":[],""escaped_control"":[],""literal_newline"":[],""markup_tag"":[""</hgh_f>"",""<hgh_f c=0>""],""printf_token"":[],""var_tag"":[]}",
HGHU-TW-005323,角色與劇情,<hgh_f c=0>“衣物護理 2：夢雲”</hgh_f>,"{""brace_token"":[],""escaped_control"":[],""literal_newline"":[],""markup_tag"":[""</hgh_f>"",""<hgh_f c=0>""],""printf_token"":[],""var_tag"":[]}",
HGHU-TW-005324,角色與劇情,他看起來有點忙。我就等他忙完。,"{""brace_token"":[],""escaped_control"":[],""literal_newline"":[],""markup_tag"":[],""printf_token"":[],""var_tag"":[]}",
HGHU-TW-005325,角色與劇情,起來，骯髒的坑獸！用你的痛苦觸手摧毀我的敵人！,"{""brace_token"":[],""escaped_control"":[],""literal_newline"":[],""markup_tag"":[],""printf_token"":[],""var_tag"":[]}",
HGHU-TW-005326,角色與劇情,我在這裡，哦，披著斗篷的骷髏人。我準備好做壞事了！,"{""brace_token"":[],""escaped_control"":[],""literal_newline"":[],""markup_tag"":[],""printf_token"":[],""var_tag"":[]}",
HGHU-TW-005327,角色與劇情,那麼讓我們走進夜晚，去收割活人的靈魂吧！,"{""brace_token"":[],""escaped_control"":[],""literal_newline"":[],""markup_tag"":[],""printf_token"":[],""var_tag"":[]}",
HGHU-TW-005328,角色與劇情,不好意思！,"{""brace_token"":[],""escaped_control"":[],""literal_newline"":[],""markup_tag"":[],""printf_token"":[],""var_tag"":[]}",
HGHU-TW-005329,角色與劇情,咦？,"{""brace_token"":[],""escaped_control"":[],""literal_newline"":[],""markup_tag"":[],""printf_token"":[],""var_tag"":[]}",
HGHU-TW-005330,角色與劇情,快跑！是<hgh_f c=0>沙人</hgh_f>！,"{""brace_token"":[],""escaped_control"":[],""literal_newline"":[],""markup_tag"":[""</hgh_f>"",""<hgh_f c=0>""],""printf_token"":[],""var_tag"":[]}",
HGHU-TW-005331,角色與劇情,<hgh_f c=0>“這件衣物的內襯充滿柔軟的絨毛層，以促進健康、深度的睡眠。”</hgh_f>,"{""brace_token"":[],""escaped_control"":[],""literal_newline"":[],""markup_tag"":[""</hgh_f>"",""<hgh_f c=0>""],""printf_token"":[],""var_tag"":[]}",
HGHU-TW-005332,角色與劇情,但我不是...,"{""brace_token"":[],""escaped_control"":[],""literal_newline"":[],""markup_tag"":[],""printf_token"":[],""var_tag"":[]}",
HGHU-TW-005333,角色與劇情,退後！這傢伙不需要睡覺！,"{""brace_token"":[],""escaped_control"":[],""literal_newline"":[],""markup_tag"":[],""printf_token"":[],""var_tag"":[]}",
HGHU-TW-005334,角色與劇情,太早了！我今晚有計劃！,"{""brace_token"":[],""escaped_control"":[],""literal_newline"":[],""markup_tag"":[],""printf_token"":[],""var_tag"":[]}",
HGHU-TW-005335,角色與劇情,相信我，我今天早上睡得很晚！,"{""brace_token"":[],""escaped_control"":[],""literal_newline"":[],""markup_tag"":[],""printf_token"":[],""var_tag"":[]}",
HGHU-TW-005336,角色與劇情,但是……,"{""brace_token"":[],""escaped_control"":[],""literal_newline"":[],""markup_tag"":[],""printf_token"":[],""var_tag"":[]}",
HGHU-TW-005337,角色與劇情,你是來強迫我睡覺的！但我會熬夜到<hgh_f c=0>很晚</hgh_f>！,"{""brace_token"":[],""escaped_control"":[],""literal_newline"":[],""markup_tag"":[""</hgh_f>"",""<hgh_f c=0>""],""printf_token"":[],""var_tag"":[]}",
HGHU-TW-005338,角色與劇情,不！我說絕不！,"{""brace_token"":[],""escaped_control"":[],""literal_newline"":[],""markup_tag"":[],""printf_token"":[],""var_tag"":[]}",
HGHU-TW-005339,角色與劇情,我要和你打！,"{""brace_token"":[],""escaped_control"":[],""literal_newline"":[],""markup_tag"":[],""printf_token"":[],""var_tag"":[]}",
HGHU-TW-005340,角色與劇情,但是...但是...,"{""brace_token"":[],""escaped_control"":[],""literal_newline"":[],""markup_tag"":[],""printf_token"":[],""var_tag"":[]}",
HGHU-TW-005341,角色與劇情,<hgh_f c=0>“按下 <IB action=Dance/>，在完全放鬆的雲端漂浮！”</hgh_f>,"{""brace_token"":[],""escaped_control"":[],""literal_newline"":[],""markup_tag"":[""</hgh_f>"",""<IB action=Dance/>"",""<hgh_f c=0>""],""printf_token"":[],""var_tag"":[]}",
HGHU-TW-005342,角色與劇情,隨便啦。,"{""brace_token"":[],""escaped_control"":[],""literal_newline"":[],""markup_tag"":[],""printf_token"":[],""var_tag"":[]}",
HGHU-TW-005343,角色與劇情,冷靜點！,"{""brace_token"":[],""escaped_control"":[],""literal_newline"":[],""markup_tag"":[],""printf_token"":[],""var_tag"":[]}",
HGHU-TW-005344,角色與劇情,你想要什麼！說明你的來意！,"{""brace_token"":[],""escaped_control"":[],""literal_newline"":[],""markup_tag"":[],""printf_token"":[],""var_tag"":[]}",
HGHU-TW-005345,角色與劇情,我只是想邀請你和魷魚男爵今晚來我的派對。,"{""brace_token"":[],""escaped_control"":[],""literal_newline"":[],""markup_tag"":[],""printf_token"":[],""var_tag"":[]}",
HGHU-TW-005346,角色與劇情,這將是<hgh_f c=0>終極睡衣派對</hgh_f>！,"{""brace_token"":[],""escaped_control"":[],""literal_newline"":[],""markup_tag"":[""</hgh_f>"",""<hgh_f c=0>""],""printf_token"":[],""var_tag"":[]}",
HGHU-TW-005347,角色與劇情,嗯...這還是第一次。,"{""brace_token"":[],""escaped_control"":[],""literal_newline"":[],""markup_tag"":[],""printf_token"":[],""var_tag"":[]}",
HGHU-TW-005348,角色與劇情,魷魚男爵，你又像往常一樣躲在螢幕外嗎？,"{""brace_token"":[],""escaped_control"":[],""literal_newline"":[],""markup_tag"":[],""printf_token"":[],""var_tag"":[]}",
HGHU-TW-005349,角色與劇情,也許。,"{""brace_token"":[],""escaped_control"":[],""literal_newline"":[],""markup_tag"":[],""printf_token"":[],""var_tag"":[]}",
HGHU-TW-005350,角色與劇情,你也被邀請了！,"{""brace_token"":[],""escaped_control"":[],""literal_newline"":[],""markup_tag"":[],""printf_token"":[],""var_tag"":[]}",
HGHU-TW-005351,角色與劇情,會有薯片和蘸醬嗎？我愛薯片和蘸醬。,"{""brace_token"":[],""escaped_control"":[],""literal_newline"":[],""markup_tag"":[],""printf_token"":[],""var_tag"":[]}",
HGHU-TW-005352,角色與劇情,沒有，但我可以在回家的路上買一些！,"{""brace_token"":[],""escaped_control"":[],""literal_newline"":[],""markup_tag"":[],""printf_token"":[],""var_tag"":[]}",
HGHU-TW-005353,角色與劇情,不需要。我有新鮮的供應。,"{""brace_token"":[],""escaped_control"":[],""literal_newline"":[],""markup_tag"":[],""printf_token"":[],""var_tag"":[]}",
HGHU-TW-005354,角色與劇情,我最好去換衣服。,"{""brace_token"":[],""escaped_control"":[],""literal_newline"":[],""markup_tag"":[],""printf_token"":[],""var_tag"":[]}",
HGHU-TW-005355,角色與劇情,聽起來很酷！下一個是...,"{""brace_token"":[],""escaped_control"":[],""literal_newline"":[],""markup_tag"":[],""printf_token"":[],""var_tag"":[]}",
HGHU-TW-005356,角色與劇情,酷！,"{""brace_token"":[],""escaped_control"":[],""literal_newline"":[],""markup_tag"":[],""printf_token"":[],""var_tag"":[]}",
HGHU-TW-005357,角色與劇情,我只剩下一張邀請函了。,"{""brace_token"":[],""escaped_control"":[],""literal_newline"":[],""markup_tag"":[],""printf_token"":[],""var_tag"":[]}",
HGHU-TW-005358,角色與劇情,<hgh_f c=0>里絲琦・布茲</hgh_f>。,"{""brace_token"":[],""escaped_control"":[],""literal_newline"":[],""markup_tag"":[""</hgh_f>"",""<hgh_f c=0>""],""printf_token"":[],""var_tag"":[]}",
HGHU-TW-005359,角色與劇情,還有時間改變她的想法。,"{""brace_token"":[],""escaped_control"":[],""literal_newline"":[],""markup_tag"":[],""printf_token"":[],""var_tag"":[]}",
HGHU-TW-005360,角色與劇情,我要去找她，給她另一個機會！,"{""brace_token"":[],""escaped_control"":[],""literal_newline"":[],""markup_tag"":[],""printf_token"":[],""var_tag"":[]}",
HGHU-TW-005361,角色與劇情,<hgh_f c=0>“衣物護理 3：羊毛顯現”</hgh_f>,"{""brace_token"":[],""escaped_control"":[],""literal_newline"":[],""markup_tag"":[""</hgh_f>"",""<hgh_f c=0>""],""printf_token"":[],""var_tag"":[]}",
HGHU-TW-005362,角色與劇情,就是這裡了！,"{""brace_token"":[],""escaped_control"":[],""literal_newline"":[],""markup_tag"":[],""printf_token"":[],""var_tag"":[]}",
HGHU-TW-005363,角色與劇情,嗯。,"{""brace_token"":[],""escaped_control"":[],""literal_newline"":[],""markup_tag"":[],""printf_token"":[],""var_tag"":[]}",
HGHU-TW-005364,角色與劇情,我只有一張邀請函，而她有無限的叮咯鬼。,"{""brace_token"":[],""escaped_control"":[],""literal_newline"":[],""markup_tag"":[],""printf_token"":[],""var_tag"":[]}",
HGHU-TW-005365,角色與劇情,我想我只好在底部加上“和客人”。,"{""brace_token"":[],""escaped_control"":[],""literal_newline"":[],""markup_tag"":[],""printf_token"":[],""var_tag"":[]}",
HGHU-TW-005366,角色與劇情,完成！,"{""brace_token"":[],""escaped_control"":[],""literal_newline"":[],""markup_tag"":[],""printf_token"":[],""var_tag"":[]}",
HGHU-TW-005367,角色與劇情,現在，讓我們去找里絲琦・布茲！,"{""brace_token"":[],""escaped_control"":[],""literal_newline"":[],""markup_tag"":[],""printf_token"":[],""var_tag"":[]}",
HGHU-TW-005368,角色與劇情,<hgh_f c=0>“這件衣物含有 5% 的羊毛成分，來自快樂的農場飼養的羊。”</hgh_f>,"{""brace_token"":[],""escaped_control"":[],""literal_newline"":[],""markup_tag"":[""</hgh_f>"",""<hgh_f c=0>""],""printf_token"":[],""var_tag"":[]}",
HGHU-TW-005369,角色與劇情,我想我聽到前面有自誇的聲音！,"{""brace_token"":[],""escaped_control"":[],""literal_newline"":[],""markup_tag"":[],""printf_token"":[],""var_tag"":[]}",
HGHU-TW-005370,角色與劇情,一定是里絲琦！,"{""brace_token"":[],""escaped_control"":[],""literal_newline"":[],""markup_tag"":[],""printf_token"":[],""var_tag"":[]}",
HGHU-TW-005371,角色與劇情,她會非常驚訝的！,"{""brace_token"":[],""escaped_control"":[],""literal_newline"":[],""markup_tag"":[],""printf_token"":[],""var_tag"":[]}",
HGHU-TW-005372,角色與劇情,里絲琦！妳在這裡！,"{""brace_token"":[],""escaped_control"":[],""literal_newline"":[],""markup_tag"":[],""printf_token"":[],""var_tag"":[]}",
HGHU-TW-005373,角色與劇情,呃，又是妳！,"{""brace_token"":[],""escaped_control"":[],""literal_newline"":[],""markup_tag"":[],""printf_token"":[],""var_tag"":[]}",
HGHU-TW-005374,角色與劇情,<hgh_f c=0>“我們的羊過著豐富而充實的生活。真誠的祝福在它們耳邊低語，讓它們時刻保持快樂。”</hgh_f>,"{""brace_token"":[],""escaped_control"":[],""literal_newline"":[],""markup_tag"":[""</hgh_f>"",""<hgh_f c=0>""],""printf_token"":[],""var_tag"":[]}",
HGHU-TW-005375,角色與劇情,妳是來破壞我的計畫的嗎？,"{""brace_token"":[],""escaped_control"":[],""literal_newline"":[],""markup_tag"":[],""printf_token"":[],""var_tag"":[]}",
HGHU-TW-005376,角色與劇情,妳完全誤會了！我只是想邀請妳來參加我的<hgh_f c=0>終極睡衣派對</hgh_f>！,"{""brace_token"":[],""escaped_control"":[],""literal_newline"":[],""markup_tag"":[""</hgh_f>"",""<hgh_f c=0>""],""printf_token"":[],""var_tag"":[]}",
HGHU-TW-005377,角色與劇情,妳還在玩那個遊戲嗎？,"{""brace_token"":[],""escaped_control"":[],""literal_newline"":[],""markup_tag"":[],""printf_token"":[],""var_tag"":[]}",
HGHU-TW-005378,角色與劇情,妳來這裡的真正目的到底是什麼？,"{""brace_token"":[],""escaped_control"":[],""literal_newline"":[],""markup_tag"":[],""printf_token"":[],""var_tag"":[]}",
HGHU-TW-005379,角色與劇情,告訴我！,"{""brace_token"":[],""escaped_control"":[],""literal_newline"":[],""markup_tag"":[],""printf_token"":[],""var_tag"":[]}",
HGHU-TW-005380,角色與劇情,不然我就把妳砍倒在這裡！,"{""brace_token"":[],""escaped_control"":[],""literal_newline"":[],""markup_tag"":[],""printf_token"":[],""var_tag"":[]}",
HGHU-TW-005381,角色與劇情,可是……,"{""brace_token"":[],""escaped_control"":[],""literal_newline"":[],""markup_tag"":[],""printf_token"":[],""var_tag"":[]}",
HGHU-TW-005382,角色與劇情,我真的很希望妳能來！,"{""brace_token"":[],""escaped_control"":[],""literal_newline"":[],""markup_tag"":[],""printf_token"":[],""var_tag"":[]}",
HGHU-TW-005383,角色與劇情,我才不會上當呢！,"{""brace_token"":[],""escaped_control"":[],""literal_newline"":[],""markup_tag"":[],""printf_token"":[],""var_tag"":[]}",
HGHU-TW-005384,角色與劇情,<hgh_f c=0>“儘管如此……”</hgh_f>,"{""brace_token"":[],""escaped_control"":[],""literal_newline"":[],""markup_tag"":[""</hgh_f>"",""<hgh_f c=0>""],""printf_token"":[],""var_tag"":[]}",
HGHU-TW-005385,角色與劇情,既然妳不說實話，我只好毀了妳！,"{""brace_token"":[],""escaped_control"":[],""literal_newline"":[],""markup_tag"":[],""printf_token"":[],""var_tag"":[]}",
HGHU-TW-005386,角色與劇情,準備好吧！,"{""brace_token"":[],""escaped_control"":[],""literal_newline"":[],""markup_tag"":[],""printf_token"":[],""var_tag"":[]}",
HGHU-TW-005387,角色與劇情,但是...但是...,"{""brace_token"":[],""escaped_control"":[],""literal_newline"":[],""markup_tag"":[],""printf_token"":[],""var_tag"":[]}",
HGHU-TW-005388,角色與劇情,這將是我們的<hgh_f c=0>最終決戰</hgh_f>！！,"{""brace_token"":[],""escaped_control"":[],""literal_newline"":[],""markup_tag"":[""</hgh_f>"",""<hgh_f c=0>""],""printf_token"":[],""var_tag"":[]}",
HGHU-TW-005389,角色與劇情,停下！,"{""brace_token"":[],""escaped_control"":[],""literal_newline"":[],""markup_tag"":[],""printf_token"":[],""var_tag"":[]}",
HGHU-TW-005390,角色與劇情,<hgh_f c=0>“如果你對羊毛過敏，請小心使用。”</hgh_f>,"{""brace_token"":[],""escaped_control"":[],""literal_newline"":[],""markup_tag"":[""</hgh_f>"",""<hgh_f c=0>""],""printf_token"":[],""var_tag"":[]}",
HGHU-TW-005391,角色與劇情,絕不！,"{""brace_token"":[],""escaped_control"":[],""literal_newline"":[],""markup_tag"":[],""printf_token"":[],""var_tag"":[]}",
HGHU-TW-005392,角色與劇情,妳不會贏的！我會看到妳被<hgh_f c=0>摧毀</hgh_f>！,"{""brace_token"":[],""escaped_control"":[],""literal_newline"":[],""markup_tag"":[""</hgh_f>"",""<hgh_f c=0>""],""printf_token"":[],""var_tag"":[]}",
HGHU-TW-005393,角色與劇情,但是...我真的只是想邀請妳來我的派對！就這樣！,"{""brace_token"":[],""escaped_control"":[],""literal_newline"":[],""markup_tag"":[],""printf_token"":[],""var_tag"":[]}",
HGHU-TW-005394,角色與劇情,其他人都會來。,"{""brace_token"":[],""escaped_control"":[],""literal_newline"":[],""markup_tag"":[],""printf_token"":[],""var_tag"":[]}",
HGHU-TW-005395,角色與劇情,彈藥男爵、魷魚男爵、科技男爵和催眠男爵。,"{""brace_token"":[],""escaped_control"":[],""literal_newline"":[],""markup_tag"":[],""printf_token"":[],""var_tag"":[]}",
HGHU-TW-005396,角色與劇情,米米克叔叔、鎮長、霍莉...,"{""brace_token"":[],""escaped_control"":[],""literal_newline"":[],""markup_tag"":[],""printf_token"":[],""var_tag"":[]}",
HGHU-TW-005397,角色與劇情,史凱和博羅，還有羅蒂托普斯。,"{""brace_token"":[],""escaped_control"":[],""literal_newline"":[],""markup_tag"":[],""printf_token"":[],""var_tag"":[]}",
HGHU-TW-005398,角色與劇情,他們今晚都會來我的燈塔。,"{""brace_token"":[],""escaped_control"":[],""literal_newline"":[],""markup_tag"":[],""printf_token"":[],""var_tag"":[]}",
HGHU-TW-005399,角色與劇情,我真的很希望妳也能來...,"{""brace_token"":[],""escaped_control"":[],""literal_newline"":[],""markup_tag"":[],""printf_token"":[],""var_tag"":[]}",
HGHU-TW-005400,角色與劇情,畢竟，妳是七海女王！,"{""brace_token"":[],""escaped_control"":[],""literal_newline"":[],""markup_tag"":[],""printf_token"":[],""var_tag"":[]}",
HGHU-TW-005401,角色與劇情,<hgh_f c=0>“清醒的羊毛誘導的快速眼動睡眠可能會導致物理羊毛羊的顯現進入現實世界。”</hgh_f>,"{""brace_token"":[],""escaped_control"":[],""literal_newline"":[],""markup_tag"":[""</hgh_f>"",""<hgh_f c=0>""],""printf_token"":[],""var_tag"":[]}",
HGHU-TW-005402,角色與劇情,不是嗎？,"{""brace_token"":[],""escaped_control"":[],""literal_newline"":[],""markup_tag"":[],""printf_token"":[],""var_tag"":[]}",
HGHU-TW-005403,角色與劇情,這是……,"{""brace_token"":[],""escaped_control"":[],""literal_newline"":[],""markup_tag"":[],""printf_token"":[],""var_tag"":[]}",
HGHU-TW-005404,角色與劇情,妳是認真的嗎？,"{""brace_token"":[],""escaped_control"":[],""literal_newline"":[],""markup_tag"":[],""printf_token"":[],""var_tag"":[]}",
HGHU-TW-005405,角色與劇情,我真的很希望妳能來，里絲琦！,"{""brace_token"":[],""escaped_control"":[],""literal_newline"":[],""markup_tag"":[],""printf_token"":[],""var_tag"":[]}",
HGHU-TW-005406,角色與劇情,沒有妳，我的終極睡衣派對就不會是終極的！,"{""brace_token"":[],""escaped_control"":[],""literal_newline"":[],""markup_tag"":[],""printf_token"":[],""var_tag"":[]}",
HGHU-TW-005407,角色與劇情,<hgh_f c=0>“按下 <IB action=Interact/>，向你的敵人發射一隻彈跳的羊。”</hgh_f>,"{""brace_token"":[],""escaped_control"":[],""literal_newline"":[],""markup_tag"":[""</hgh_f>"",""<IB action=Interact/>"",""<hgh_f c=0>""],""printf_token"":[],""var_tag"":[]}",
HGHU-TW-005408,角色與劇情,妳是認真的。,"{""brace_token"":[],""escaped_control"":[],""literal_newline"":[],""markup_tag"":[],""printf_token"":[],""var_tag"":[]}",
HGHU-TW-005409,角色與劇情,妳真的是個幼稚的小鬼。,"{""brace_token"":[],""escaped_control"":[],""literal_newline"":[],""markup_tag"":[],""printf_token"":[],""var_tag"":[]}",
HGHU-TW-005410,角色與劇情,好吧，算了。,"{""brace_token"":[],""escaped_control"":[],""literal_newline"":[],""markup_tag"":[],""printf_token"":[],""var_tag"":[]}",
HGHU-TW-005411,角色與劇情,坐在那個悶熱的小屋裡，和妳那些可憐的所謂“朋友”一起，聽起來真是令人作嘔。,"{""brace_token"":[],""escaped_control"":[],""literal_newline"":[],""markup_tag"":[],""printf_token"":[],""var_tag"":[]}",
HGHU-TW-005412,角色與劇情,我更喜歡在我自己的船上享受私人艙房的奢華夜晚。,"{""brace_token"":[],""escaped_control"":[],""literal_newline"":[],""markup_tag"":[],""printf_token"":[],""var_tag"":[]}",
HGHU-TW-005413,角色與劇情,妳想把派對搬到<hgh_f c=0>妳的船上</hgh_f>？！,"{""brace_token"":[],""escaped_control"":[],""literal_newline"":[],""markup_tag"":[""</hgh_f>"",""<hgh_f c=0>""],""printf_token"":[],""var_tag"":[]}",
HGHU-TW-005414,角色與劇情,我沒說...,"{""brace_token"":[],""escaped_control"":[],""literal_newline"":[],""markup_tag"":[],""printf_token"":[],""var_tag"":[]}",
HGHU-TW-005415,角色與劇情,這是個<hgh_f c=0>不可思議的主意</hgh_f>！！！,"{""brace_token"":[],""escaped_control"":[],""literal_newline"":[],""markup_tag"":[""</hgh_f>"",""<hgh_f c=0>""],""printf_token"":[],""var_tag"":[]}",
HGHU-TW-005416,角色與劇情,天啊...,"{""brace_token"":[],""escaped_control"":[],""literal_newline"":[],""markup_tag"":[],""printf_token"":[],""var_tag"":[]}",
HGHU-TW-005417,角色與劇情,我會讓大家在我的燈塔集合，然後我們直接去<hgh_f c=0>妳的地方</hgh_f>！,"{""brace_token"":[],""escaped_control"":[],""literal_newline"":[],""markup_tag"":[""</hgh_f>"",""<hgh_f c=0>""],""printf_token"":[],""var_tag"":[]}",
HGHU-TW-005418,角色與劇情,這不可能發生。,"{""brace_token"":[],""escaped_control"":[],""literal_newline"":[],""markup_tag"":[],""printf_token"":[],""var_tag"":[]}",
HGHU-TW-005419,角色與劇情,哦不...,"{""brace_token"":[],""escaped_control"":[],""literal_newline"":[],""markup_tag"":[],""printf_token"":[],""var_tag"":[]}",
HGHU-TW-005420,角色與劇情,看來這座火山開始升溫了。,"{""brace_token"":[],""escaped_control"":[],""literal_newline"":[],""markup_tag"":[],""printf_token"":[],""var_tag"":[]}",
HGHU-TW-005421,角色與劇情,笨蛋！我不能再待在這裡了！,"{""brace_token"":[],""escaped_control"":[],""literal_newline"":[],""markup_tag"":[],""printf_token"":[],""var_tag"":[]}",
HGHU-TW-005422,角色與劇情,咆哮...我的計畫還沒開始就要化為烏有了！,"{""brace_token"":[],""escaped_control"":[],""literal_newline"":[],""markup_tag"":[],""printf_token"":[],""var_tag"":[]}",
HGHU-TW-005423,角色與劇情,沒問題！,"{""brace_token"":[],""escaped_control"":[],""literal_newline"":[],""markup_tag"":[],""printf_token"":[],""var_tag"":[]}",
HGHU-TW-005424,角色與劇情,這些睡衣真是太厲害了！,"{""brace_token"":[],""escaped_control"":[],""literal_newline"":[],""markup_tag"":[],""printf_token"":[],""var_tag"":[]}",
HGHU-TW-005425,角色與劇情,我會在<hgh_f c=0>妳的地方</hgh_f>見妳！,"{""brace_token"":[],""escaped_control"":[],""literal_newline"":[],""markup_tag"":[""</hgh_f>"",""<hgh_f c=0>""],""printf_token"":[],""var_tag"":[]}",
HGHU-TW-005426,角色與劇情,<hgh_f c=0>啊！詛咒！！</hgh_f>,"{""brace_token"":[],""escaped_control"":[],""literal_newline"":[],""markup_tag"":[""</hgh_f>"",""<hgh_f c=0>""],""printf_token"":[],""var_tag"":[]}",
HGHU-TW-005427,角色與劇情,這將會非常酷！,"{""brace_token"":[],""escaped_control"":[],""literal_newline"":[],""markup_tag"":[],""printf_token"":[],""var_tag"":[]}",
HGHU-TW-005428,角色與劇情,里絲琦一定是先跑去裝飾她的船了！,"{""brace_token"":[],""escaped_control"":[],""literal_newline"":[],""markup_tag"":[],""printf_token"":[],""var_tag"":[]}",
HGHU-TW-005429,角色與劇情,她對這個睡衣派對的想法非常投入！,"{""brace_token"":[],""escaped_control"":[],""literal_newline"":[],""markup_tag"":[],""printf_token"":[],""var_tag"":[]}",
HGHU-TW-005430,角色與劇情,我也該快點跑了！,"{""brace_token"":[],""escaped_control"":[],""literal_newline"":[],""markup_tag"":[],""printf_token"":[],""var_tag"":[]}",
HGHU-TW-005431,角色與劇情,呼！,"{""brace_token"":[],""escaped_control"":[],""literal_newline"":[],""markup_tag"":[],""printf_token"":[],""var_tag"":[]}",
HGHU-TW-005432,角色與劇情,那真是令人興奮！,"{""brace_token"":[],""escaped_control"":[],""literal_newline"":[],""markup_tag"":[],""printf_token"":[],""var_tag"":[]}",
HGHU-TW-005433,角色與劇情,桑塔！,"{""brace_token"":[],""escaped_control"":[],""literal_newline"":[],""markup_tag"":[],""printf_token"":[],""var_tag"":[]}",
HGHU-TW-005434,角色與劇情,哦，嗨，叔叔！抱歉我遲到了。還遲到自己的派對！,"{""brace_token"":[],""escaped_control"":[],""literal_newline"":[],""markup_tag"":[],""printf_token"":[],""var_tag"":[]}",
HGHU-TW-005435,角色與劇情,沒關係。,"{""brace_token"":[],""escaped_control"":[],""literal_newline"":[],""markup_tag"":[],""printf_token"":[],""var_tag"":[]}",
HGHU-TW-005436,角色與劇情,我擅自讓妳的朋友們進去了。,"{""brace_token"":[],""escaped_control"":[],""literal_newline"":[],""markup_tag"":[],""printf_token"":[],""var_tag"":[]}",
HGHU-TW-005437,角色與劇情,聽起來他們玩得很開心。,"{""brace_token"":[],""escaped_control"":[],""literal_newline"":[],""markup_tag"":[],""printf_token"":[],""var_tag"":[]}",
HGHU-TW-005438,角色與劇情,我無法想像在妳的這個睡衣派對上會有多少<hgh_f c=0>睡覺</hgh_f>。,"{""brace_token"":[],""escaped_control"":[],""literal_newline"":[],""markup_tag"":[""</hgh_f>"",""<hgh_f c=0>""],""printf_token"":[],""var_tag"":[]}",
HGHU-TW-005439,角色與劇情,好吧，我走了！,"{""brace_token"":[],""escaped_control"":[],""literal_newline"":[],""markup_tag"":[],""printf_token"":[],""var_tag"":[]}",
HGHU-TW-005440,角色與劇情,咯咯笑！,"{""brace_token"":[],""escaped_control"":[],""literal_newline"":[],""markup_tag"":[],""printf_token"":[],""var_tag"":[]}",
HGHU-TW-005441,角色與劇情,哈哈，可能不會。,"{""brace_token"":[],""escaped_control"":[],""literal_newline"":[],""markup_tag"":[],""printf_token"":[],""var_tag"":[]}",
HGHU-TW-005442,角色與劇情,怎麼了，叔叔？,"{""brace_token"":[],""escaped_control"":[],""literal_newline"":[],""markup_tag"":[],""printf_token"":[],""var_tag"":[]}",
HGHU-TW-005443,角色與劇情,哦，沒什麼。,"{""brace_token"":[],""escaped_control"":[],""literal_newline"":[],""markup_tag"":[],""printf_token"":[],""var_tag"":[]}",
HGHU-TW-005444,角色與劇情,我只是很為妳感到驕傲，能把大家聚集在一起！,"{""brace_token"":[],""escaped_control"":[],""literal_newline"":[],""markup_tag"":[],""printf_token"":[],""var_tag"":[]}",
HGHU-TW-005445,角色與劇情,謝謝妳這麼說，叔叔。,"{""brace_token"":[],""escaped_control"":[],""literal_newline"":[],""markup_tag"":[],""printf_token"":[],""var_tag"":[]}",
HGHU-TW-005446,角色與劇情,我交了很多新朋友！,"{""brace_token"":[],""escaped_control"":[],""literal_newline"":[],""markup_tag"":[],""printf_token"":[],""var_tag"":[]}",
HGHU-TW-005447,角色與劇情,不管怎樣，我最好進去。我有個公告要發表！,"{""brace_token"":[],""escaped_control"":[],""literal_newline"":[],""markup_tag"":[],""printf_token"":[],""var_tag"":[]}",
HGHU-TW-005448,角色與劇情,喔？,"{""brace_token"":[],""escaped_control"":[],""literal_newline"":[],""markup_tag"":[],""printf_token"":[],""var_tag"":[]}",
HGHU-TW-005449,角色與劇情,是的！<hgh_f c=0>終極睡衣派對</hgh_f>將移到<hgh_f c=0>里絲琦的船</hgh_f>上！,"{""brace_token"":[],""escaped_control"":[],""literal_newline"":[],""markup_tag"":[""</hgh_f>"",""</hgh_f>"",""<hgh_f c=0>"",""<hgh_f c=0>""],""printf_token"":[],""var_tag"":[]}",
HGHU-TW-005450,角色與劇情,不是開玩笑！,"{""brace_token"":[],""escaped_control"":[],""literal_newline"":[],""markup_tag"":[],""printf_token"":[],""var_tag"":[]}",
HGHU-TW-005451,角色與劇情,妳是怎麼做到的？,"{""brace_token"":[],""escaped_control"":[],""literal_newline"":[],""markup_tag"":[],""printf_token"":[],""var_tag"":[]}",
HGHU-TW-005452,角色與劇情,我一直想看看她的船。,"{""brace_token"":[],""escaped_control"":[],""literal_newline"":[],""markup_tag"":[],""printf_token"":[],""var_tag"":[]}",
HGHU-TW-005453,角色與劇情,也許我會陪妳一起去！,"{""brace_token"":[],""escaped_control"":[],""literal_newline"":[],""markup_tag"":[],""printf_token"":[],""var_tag"":[]}",
HGHU-TW-005454,角色與劇情,這才像話，叔叔！,"{""brace_token"":[],""escaped_control"":[],""literal_newline"":[],""markup_tag"":[],""printf_token"":[],""var_tag"":[]}",
HGHU-TW-005455,角色與劇情,當里絲琦看到我們帶來的所有朋友時，她會非常驚訝！,"{""brace_token"":[],""escaped_control"":[],""literal_newline"":[],""markup_tag"":[],""printf_token"":[],""var_tag"":[]}",
HGHU-TW-005456,角色與劇情,我想，這是輕描淡寫。,"{""brace_token"":[],""escaped_control"":[],""literal_newline"":[],""markup_tag"":[],""printf_token"":[],""var_tag"":[]}",
HGHU-TW-005457,角色與劇情,只要確保不要熬夜太晚！,"{""brace_token"":[],""escaped_control"":[],""literal_newline"":[],""markup_tag"":[],""printf_token"":[],""var_tag"":[]}",
HGHU-TW-005458,角色與劇情,睡太多會搞砸明天的！,"{""brace_token"":[],""escaped_control"":[],""literal_newline"":[],""markup_tag"":[],""printf_token"":[],""var_tag"":[]}",
HGHU-TW-005459,角色與劇情,為什麼？,"{""brace_token"":[],""escaped_control"":[],""literal_newline"":[],""markup_tag"":[],""printf_token"":[],""var_tag"":[]}",
HGHU-TW-005460,角色與劇情,明天會發生什麼？,"{""brace_token"":[],""escaped_control"":[],""literal_newline"":[],""markup_tag"":[],""printf_token"":[],""var_tag"":[]}",
HGHU-TW-005461,角色與劇情,哈！誰知道呢？,"{""brace_token"":[],""escaped_control"":[],""literal_newline"":[],""markup_tag"":[],""printf_token"":[],""var_tag"":[]}",
HGHU-TW-005462,角色與劇情,每一天都是新的冒險！,"{""brace_token"":[],""escaped_control"":[],""literal_newline"":[],""markup_tag"":[],""printf_token"":[],""var_tag"":[]}",
HGHU-TW-005463,角色與劇情,妳必須休息好，準備出發！,"{""brace_token"":[],""escaped_control"":[],""literal_newline"":[],""markup_tag"":[],""printf_token"":[],""var_tag"":[]}",
HGHU-TW-005464,角色與劇情,哈哈！,"{""brace_token"":[],""escaped_control"":[],""literal_newline"":[],""markup_tag"":[],""printf_token"":[],""var_tag"":[]}",
HGHU-TW-005465,角色與劇情,你了解我的，叔叔！,"{""brace_token"":[],""escaped_control"":[],""literal_newline"":[],""markup_tag"":[],""printf_token"":[],""var_tag"":[]}",
HGHU-TW-005466,角色與劇情,哈哈，我太了解了！,"{""brace_token"":[],""escaped_control"":[],""literal_newline"":[],""markup_tag"":[],""printf_token"":[],""var_tag"":[]}",
HGHU-TW-005467,角色與劇情,就是這裡了！,"{""brace_token"":[],""escaped_control"":[],""literal_newline"":[],""markup_tag"":[],""printf_token"":[],""var_tag"":[]}",
HGHU-TW-005468,角色與劇情,我邀請名單上的第一個人是<hgh_f c=0>里絲琦・布茲</hgh_f>！,"{""brace_token"":[],""escaped_control"":[],""literal_newline"":[],""markup_tag"":[""</hgh_f>"",""<hgh_f c=0>""],""printf_token"":[],""var_tag"":[]}",
HGHU-TW-005469,角色與劇情,她應該隨時會到。,"{""brace_token"":[],""escaped_control"":[],""literal_newline"":[],""markup_tag"":[],""printf_token"":[],""var_tag"":[]}",
HGHU-TW-005470,角色與劇情,事實上，我想這就是她！,"{""brace_token"":[],""escaped_control"":[],""literal_newline"":[],""markup_tag"":[],""printf_token"":[],""var_tag"":[]}",
HGHU-TW-005471,角色與劇情,我剛想到一個超酷的主意！,"{""brace_token"":[],""escaped_control"":[],""literal_newline"":[],""markup_tag"":[],""printf_token"":[],""var_tag"":[]}",
HGHU-TW-005472,角色與劇情,呵呵呵！,"{""brace_token"":[],""escaped_control"":[],""literal_newline"":[],""markup_tag"":[],""printf_token"":[],""var_tag"":[]}",
HGHU-TW-005473,角色與劇情,快點，伙計們！,"{""brace_token"":[],""escaped_control"":[],""literal_newline"":[],""markup_tag"":[],""printf_token"":[],""var_tag"":[]}",
HGHU-TW-005474,角色與劇情,我們要把這個城鎮炸成碎片！,"{""brace_token"":[],""escaped_control"":[],""literal_newline"":[],""markup_tag"":[],""printf_token"":[],""var_tag"":[]}",
HGHU-TW-005475,角色與劇情,慢著，里絲琦・布茲！,"{""brace_token"":[],""escaped_control"":[],""literal_newline"":[],""markup_tag"":[],""printf_token"":[],""var_tag"":[]}",
HGHU-TW-005476,角色與劇情,嗯？,"{""brace_token"":[],""escaped_control"":[],""literal_newline"":[],""markup_tag"":[],""printf_token"":[],""var_tag"":[]}",
HGHU-TW-005477,角色與劇情,這是感謝所有幫助我度過最近冒險的人的完美方式！,"{""brace_token"":[],""escaped_control"":[],""literal_newline"":[],""markup_tag"":[],""printf_token"":[],""var_tag"":[]}",
HGHU-TW-005478,角色與劇情,哦，天哪……是那個小鬼。,"{""brace_token"":[],""escaped_control"":[],""literal_newline"":[],""markup_tag"":[],""printf_token"":[],""var_tag"":[]}",
HGHU-TW-005479,角色與劇情,讓開，否則我會……,"{""brace_token"":[],""escaped_control"":[],""literal_newline"":[],""markup_tag"":[],""printf_token"":[],""var_tag"":[]}",
HGHU-TW-005480,角色與劇情,等一下！你搞錯了！,"{""brace_token"":[],""escaped_control"":[],""literal_newline"":[],""markup_tag"":[],""printf_token"":[],""var_tag"":[]}",
HGHU-TW-005481,角色與劇情,我只是想邀請你來參加我的<hgh_f c=0>終極睡衣派對</hgh_f>！,"{""brace_token"":[],""escaped_control"":[],""literal_newline"":[],""markup_tag"":[""</hgh_f>"",""<hgh_f c=0>""],""printf_token"":[],""var_tag"":[]}",
HGHU-TW-005482,角色與劇情,邀請？,"{""brace_token"":[],""escaped_control"":[],""literal_newline"":[],""markup_tag"":[],""printf_token"":[],""var_tag"":[]}",
HGHU-TW-005483,角色與劇情,給我的？,"{""brace_token"":[],""escaped_control"":[],""literal_newline"":[],""markup_tag"":[],""printf_token"":[],""var_tag"":[]}",
HGHU-TW-005484,角色與劇情,別傻了。,"{""brace_token"":[],""escaped_control"":[],""literal_newline"":[],""markup_tag"":[],""printf_token"":[],""var_tag"":[]}",
HGHU-TW-005485,角色與劇情,不只是叔叔……,"{""brace_token"":[],""escaped_control"":[],""literal_newline"":[],""markup_tag"":[],""printf_token"":[],""var_tag"":[]}",
HGHU-TW-005486,角色與劇情,來，讓我看看……,"{""brace_token"":[],""escaped_control"":[],""literal_newline"":[],""markup_tag"":[],""printf_token"":[],""var_tag"":[]}",
HGHU-TW-005487,角色與劇情,哼。你以為我會上這麼明顯的<hgh_f c=0>陷阱</hgh_f>嗎？,"{""brace_token"":[],""escaped_control"":[],""literal_newline"":[],""markup_tag"":[""</hgh_f>"",""<hgh_f c=0>""],""printf_token"":[],""var_tag"":[]}",
HGHU-TW-005488,角色與劇情,<hgh_f c=0>伙計們</hgh_f>！,"{""brace_token"":[],""escaped_control"":[],""literal_newline"":[],""markup_tag"":[""</hgh_f>"",""<hgh_f c=0>""],""printf_token"":[],""var_tag"":[]}",
HGHU-TW-005489,角色與劇情,把這個干擾的小鬼炸進海裡！,"{""brace_token"":[],""escaped_control"":[],""literal_newline"":[],""markup_tag"":[],""printf_token"":[],""var_tag"":[]}",
HGHU-TW-005490,角色與劇情,但是……！,"{""brace_token"":[],""escaped_control"":[],""literal_newline"":[],""markup_tag"":[],""printf_token"":[],""var_tag"":[]}",
HGHU-TW-005491,角色與劇情,還有史凱、博羅和羅蒂托普斯……,"{""brace_token"":[],""escaped_control"":[],""literal_newline"":[],""markup_tag"":[],""printf_token"":[],""var_tag"":[]}",
HGHU-TW-005492,角色與劇情,啊！你怎麼<hgh_f c=0>敢</hgh_f>干擾！,"{""brace_token"":[],""escaped_control"":[],""literal_newline"":[],""markup_tag"":[""</hgh_f>"",""<hgh_f c=0>""],""printf_token"":[],""var_tag"":[]}",
HGHU-TW-005493,角色與劇情,我已經告訴過你了！,"{""brace_token"":[],""escaped_control"":[],""literal_newline"":[],""markup_tag"":[],""printf_token"":[],""var_tag"":[]}",
HGHU-TW-005494,角色與劇情,我只是想邀請你來參加我的派對！,"{""brace_token"":[],""escaped_control"":[],""literal_newline"":[],""markup_tag"":[],""printf_token"":[],""var_tag"":[]}",
HGHU-TW-005495,角色與劇情,你不會來嗎？,"{""brace_token"":[],""escaped_control"":[],""literal_newline"":[],""markup_tag"":[],""printf_token"":[],""var_tag"":[]}",
HGHU-TW-005496,角色與劇情,我不知道這是怎麼回事，但我不會被當成傻瓜！,"{""brace_token"":[],""escaped_control"":[],""literal_newline"":[],""markup_tag"":[],""printf_token"":[],""var_tag"":[]}",
HGHU-TW-005497,角色與劇情,而是<hgh_f c=0>所有人！,"{""brace_token"":[],""escaped_control"":[],""literal_newline"":[],""markup_tag"":[""<hgh_f c=0>""],""printf_token"":[],""var_tag"":[]}",
